# candy_bag_v10 (v4 shape + seamfix UV)
mtllib candy_bag.mtl
v 0.450000 0.000000 0.000000
v 0.438718 0.000000 0.100134
v 0.405436 0.000000 0.195248
v 0.351824 0.000000 0.280570
v 0.280570 0.000000 0.351824
v 0.195248 0.000000 0.405436
v 0.100134 0.000000 0.438718
v 0.000000 0.000000 0.450000
v -0.100134 0.000000 0.438718
v -0.195248 0.000000 0.405436
v -0.280570 0.000000 0.351824
v -0.351824 0.000000 0.280570
v -0.405436 0.000000 0.195248
v -0.438718 0.000000 0.100134
v -0.450000 0.000000 0.000000
v -0.438718 0.000000 -0.100134
v -0.405436 0.000000 -0.195248
v -0.351824 0.000000 -0.280570
v -0.280570 0.000000 -0.351824
v -0.195248 0.000000 -0.405436
v -0.100134 0.000000 -0.438718
v -0.000000 0.000000 -0.450000
v 0.100134 0.000000 -0.438718
v 0.195248 0.000000 -0.405436
v 0.280570 0.000000 -0.351824
v 0.351824 0.000000 -0.280570
v 0.405436 0.000000 -0.195248
v 0.438718 0.000000 -0.100134
v 0.476980 0.052174 0.000000
v 0.465021 0.052174 0.106138
v 0.429744 0.052174 0.206954
v 0.372918 0.052174 0.297392
v 0.297392 0.052174 0.372918
v 0.206954 0.052174 0.429744
v 0.106138 0.052174 0.465021
v 0.000000 0.052174 0.476980
v -0.106138 0.052174 0.465021
v -0.206954 0.052174 0.429744
v -0.297392 0.052174 0.372918
v -0.372918 0.052174 0.297392
v -0.429744 0.052174 0.206954
v -0.465021 0.052174 0.106138
v -0.476980 0.052174 0.000000
v -0.465021 0.052174 -0.106138
v -0.429744 0.052174 -0.206954
v -0.372918 0.052174 -0.297392
v -0.297392 0.052174 -0.372918
v -0.206954 0.052174 -0.429744
v -0.106138 0.052174 -0.465021
v -0.000000 0.052174 -0.476980
v 0.106138 0.052174 -0.465021
v 0.206954 0.052174 -0.429744
v 0.297392 0.052174 -0.372918
v 0.372918 0.052174 -0.297392
v 0.429744 0.052174 -0.206954
v 0.465021 0.052174 -0.106138
v 0.501958 0.104348 0.000000
v 0.489373 0.104348 0.111696
v 0.452249 0.104348 0.217792
v 0.392447 0.104348 0.312966
v 0.312966 0.104348 0.392447
v 0.217792 0.104348 0.452249
v 0.111696 0.104348 0.489373
v 0.000000 0.104348 0.501958
v -0.111696 0.104348 0.489373
v -0.217792 0.104348 0.452249
v -0.312966 0.104348 0.392447
v -0.392447 0.104348 0.312966
v -0.452249 0.104348 0.217792
v -0.489373 0.104348 0.111696
v -0.501958 0.104348 0.000000
v -0.489373 0.104348 -0.111696
v -0.452249 0.104348 -0.217792
v -0.392447 0.104348 -0.312966
v -0.312966 0.104348 -0.392447
v -0.217792 0.104348 -0.452249
v -0.111696 0.104348 -0.489373
v -0.000000 0.104348 -0.501958
v 0.111696 0.104348 -0.489373
v 0.217792 0.104348 -0.452249
v 0.312966 0.104348 -0.392447
v 0.392447 0.104348 -0.312966
v 0.452249 0.104348 -0.217792
v 0.489373 0.104348 -0.111696
v 0.523084 0.156522 0.000000
v 0.509969 0.156522 0.116397
v 0.471282 0.156522 0.226957
v 0.408963 0.156522 0.326137
v 0.326137 0.156522 0.408963
v 0.226957 0.156522 0.471282
v 0.116397 0.156522 0.509969
v 0.000000 0.156522 0.523084
v -0.116397 0.156522 0.509969
v -0.226957 0.156522 0.471282
v -0.326137 0.156522 0.408963
v -0.408963 0.156522 0.326137
v -0.471282 0.156522 0.226957
v -0.509969 0.156522 0.116397
v -0.523084 0.156522 0.000000
v -0.509969 0.156522 -0.116397
v -0.471282 0.156522 -0.226957
v -0.408963 0.156522 -0.326137
v -0.326137 0.156522 -0.408963
v -0.226957 0.156522 -0.471282
v -0.116397 0.156522 -0.509969
v -0.000000 0.156522 -0.523084
v 0.116397 0.156522 -0.509969
v 0.226957 0.156522 -0.471282
v 0.326137 0.156522 -0.408963
v 0.408963 0.156522 -0.326137
v 0.471282 0.156522 -0.226957
v 0.509969 0.156522 -0.116397
v 0.538789 0.208696 0.000000
v 0.525280 0.208696 0.119892
v 0.485432 0.208696 0.233772
v 0.421242 0.208696 0.335929
v 0.335929 0.208696 0.421242
v 0.233772 0.208696 0.485432
v 0.119892 0.208696 0.525280
v 0.000000 0.208696 0.538789
v -0.119892 0.208696 0.525280
v -0.233772 0.208696 0.485432
v -0.335929 0.208696 0.421242
v -0.421242 0.208696 0.335929
v -0.485432 0.208696 0.233772
v -0.525280 0.208696 0.119892
v -0.538789 0.208696 0.000000
v -0.525280 0.208696 -0.119892
v -0.485432 0.208696 -0.233772
v -0.421242 0.208696 -0.335929
v -0.335929 0.208696 -0.421242
v -0.233772 0.208696 -0.485432
v -0.119892 0.208696 -0.525280
v -0.000000 0.208696 -0.538789
v 0.119892 0.208696 -0.525280
v 0.233772 0.208696 -0.485432
v 0.335929 0.208696 -0.421242
v 0.421242 0.208696 -0.335929
v 0.485432 0.208696 -0.233772
v 0.525280 0.208696 -0.119892
v 0.547908 0.260870 0.000000
v 0.534171 0.260870 0.121921
v 0.493648 0.260870 0.237729
v 0.428372 0.260870 0.341615
v 0.341615 0.260870 0.428372
v 0.237729 0.260870 0.493648
v 0.121921 0.260870 0.534171
v 0.000000 0.260870 0.547908
v -0.121921 0.260870 0.534171
v -0.237729 0.260870 0.493648
v -0.341615 0.260870 0.428372
v -0.428372 0.260870 0.341615
v -0.493648 0.260870 0.237729
v -0.534171 0.260870 0.121921
v -0.547908 0.260870 0.000000
v -0.534171 0.260870 -0.121921
v -0.493648 0.260870 -0.237729
v -0.428372 0.260870 -0.341615
v -0.341615 0.260870 -0.428372
v -0.237729 0.260870 -0.493648
v -0.121921 0.260870 -0.534171
v -0.000000 0.260870 -0.547908
v 0.121921 0.260870 -0.534171
v 0.237729 0.260870 -0.493648
v 0.341615 0.260870 -0.428372
v 0.428372 0.260870 -0.341615
v 0.493648 0.260870 -0.237729
v 0.534171 0.260870 -0.121921
v 0.546739 0.313043 0.000000
v 0.533031 0.313043 0.121661
v 0.492595 0.313043 0.237221
v 0.427458 0.313043 0.340886
v 0.340886 0.313043 0.427458
v 0.237221 0.313043 0.492595
v 0.121661 0.313043 0.533031
v 0.000000 0.313043 0.546739
v -0.121661 0.313043 0.533031
v -0.237221 0.313043 0.492595
v -0.340886 0.313043 0.427458
v -0.427458 0.313043 0.340886
v -0.492595 0.313043 0.237221
v -0.533031 0.313043 0.121661
v -0.546739 0.313043 0.000000
v -0.533031 0.313043 -0.121661
v -0.492595 0.313043 -0.237221
v -0.427458 0.313043 -0.340886
v -0.340886 0.313043 -0.427458
v -0.237221 0.313043 -0.492595
v -0.121661 0.313043 -0.533031
v -0.000000 0.313043 -0.546739
v 0.121661 0.313043 -0.533031
v 0.237221 0.313043 -0.492595
v 0.340886 0.313043 -0.427458
v 0.427458 0.313043 -0.340886
v 0.492595 0.313043 -0.237221
v 0.533031 0.313043 -0.121661
v 0.533696 0.365217 0.000000
v 0.520315 0.365217 0.118758
v 0.480843 0.365217 0.231562
v 0.417260 0.365217 0.332754
v 0.332754 0.365217 0.417260
v 0.231562 0.365217 0.480843
v 0.118758 0.365217 0.520315
v 0.000000 0.365217 0.533696
v -0.118758 0.365217 0.520315
v -0.231562 0.365217 0.480843
v -0.332754 0.365217 0.417260
v -0.417260 0.365217 0.332754
v -0.480843 0.365217 0.231562
v -0.520315 0.365217 0.118758
v -0.533696 0.365217 0.000000
v -0.520315 0.365217 -0.118758
v -0.480843 0.365217 -0.231562
v -0.417260 0.365217 -0.332754
v -0.332754 0.365217 -0.417260
v -0.231562 0.365217 -0.480843
v -0.118758 0.365217 -0.520315
v -0.000000 0.365217 -0.533696
v 0.118758 0.365217 -0.520315
v 0.231562 0.365217 -0.480843
v 0.332754 0.365217 -0.417260
v 0.417260 0.365217 -0.332754
v 0.480843 0.365217 -0.231562
v 0.520315 0.365217 -0.118758
v 0.520652 0.417391 0.000000
v 0.507598 0.417391 0.115856
v 0.469091 0.417391 0.225903
v 0.407062 0.417391 0.324621
v 0.324621 0.417391 0.407062
v 0.225903 0.417391 0.469091
v 0.115856 0.417391 0.507598
v 0.000000 0.417391 0.520652
v -0.115856 0.417391 0.507598
v -0.225903 0.417391 0.469091
v -0.324621 0.417391 0.407062
v -0.407062 0.417391 0.324621
v -0.469091 0.417391 0.225903
v -0.507598 0.417391 0.115856
v -0.520652 0.417391 0.000000
v -0.507598 0.417391 -0.115856
v -0.469091 0.417391 -0.225903
v -0.407062 0.417391 -0.324621
v -0.324621 0.417391 -0.407062
v -0.225903 0.417391 -0.469091
v -0.115856 0.417391 -0.507598
v -0.000000 0.417391 -0.520652
v 0.115856 0.417391 -0.507598
v 0.225903 0.417391 -0.469091
v 0.324621 0.417391 -0.407062
v 0.407062 0.417391 -0.324621
v 0.469091 0.417391 -0.225903
v 0.507598 0.417391 -0.115856
v 0.507609 0.469565 0.000000
v 0.494882 0.469565 0.112954
v 0.457340 0.469565 0.220243
v 0.396864 0.469565 0.316489
v 0.316489 0.469565 0.396864
v 0.220243 0.469565 0.457340
v 0.112954 0.469565 0.494882
v 0.000000 0.469565 0.507609
v -0.112954 0.469565 0.494882
v -0.220243 0.469565 0.457340
v -0.316489 0.469565 0.396864
v -0.396864 0.469565 0.316489
v -0.457340 0.469565 0.220243
v -0.494882 0.469565 0.112954
v -0.507609 0.469565 0.000000
v -0.494882 0.469565 -0.112954
v -0.457340 0.469565 -0.220243
v -0.396864 0.469565 -0.316489
v -0.316489 0.469565 -0.396864
v -0.220243 0.469565 -0.457340
v -0.112954 0.469565 -0.494882
v -0.000000 0.469565 -0.507609
v 0.112954 0.469565 -0.494882
v 0.220243 0.469565 -0.457340
v 0.316489 0.469565 -0.396864
v 0.396864 0.469565 -0.316489
v 0.457340 0.469565 -0.220243
v 0.494882 0.469565 -0.112954
v 0.494565 0.521739 0.000000
v 0.482165 0.521739 0.110051
v 0.445588 0.521739 0.214584
v 0.386667 0.521739 0.308356
v 0.308356 0.521739 0.386667
v 0.214584 0.521739 0.445588
v 0.110051 0.521739 0.482165
v 0.000000 0.521739 0.494565
v -0.110051 0.521739 0.482165
v -0.214584 0.521739 0.445588
v -0.308356 0.521739 0.386667
v -0.386667 0.521739 0.308356
v -0.445588 0.521739 0.214584
v -0.482165 0.521739 0.110051
v -0.494565 0.521739 0.000000
v -0.482165 0.521739 -0.110051
v -0.445588 0.521739 -0.214584
v -0.386667 0.521739 -0.308356
v -0.308356 0.521739 -0.386667
v -0.214584 0.521739 -0.445588
v -0.110051 0.521739 -0.482165
v -0.000000 0.521739 -0.494565
v 0.110051 0.521739 -0.482165
v 0.214584 0.521739 -0.445588
v 0.308356 0.521739 -0.386667
v 0.386667 0.521739 -0.308356
v 0.445588 0.521739 -0.214584
v 0.482165 0.521739 -0.110051
v 0.481522 0.573913 0.000000
v 0.469449 0.573913 0.107149
v 0.433836 0.573913 0.208924
v 0.376469 0.573913 0.300224
v 0.300224 0.573913 0.376469
v 0.208924 0.573913 0.433836
v 0.107149 0.573913 0.469449
v 0.000000 0.573913 0.481522
v -0.107149 0.573913 0.469449
v -0.208924 0.573913 0.433836
v -0.300224 0.573913 0.376469
v -0.376469 0.573913 0.300224
v -0.433836 0.573913 0.208924
v -0.469449 0.573913 0.107149
v -0.481522 0.573913 0.000000
v -0.469449 0.573913 -0.107149
v -0.433836 0.573913 -0.208924
v -0.376469 0.573913 -0.300224
v -0.300224 0.573913 -0.376469
v -0.208924 0.573913 -0.433836
v -0.107149 0.573913 -0.469449
v -0.000000 0.573913 -0.481522
v 0.107149 0.573913 -0.469449
v 0.208924 0.573913 -0.433836
v 0.300224 0.573913 -0.376469
v 0.376469 0.573913 -0.300224
v 0.433836 0.573913 -0.208924
v 0.469449 0.573913 -0.107149
v 0.468478 0.626087 0.000000
v 0.456733 0.626087 0.104246
v 0.422084 0.626087 0.203265
v 0.366271 0.626087 0.292091
v 0.292091 0.626087 0.366271
v 0.203265 0.626087 0.422084
v 0.104246 0.626087 0.456733
v 0.000000 0.626087 0.468478
v -0.104246 0.626087 0.456733
v -0.203265 0.626087 0.422084
v -0.292091 0.626087 0.366271
v -0.366271 0.626087 0.292091
v -0.422084 0.626087 0.203265
v -0.456733 0.626087 0.104246
v -0.468478 0.626087 0.000000
v -0.456733 0.626087 -0.104246
v -0.422084 0.626087 -0.203265
v -0.366271 0.626087 -0.292091
v -0.292091 0.626087 -0.366271
v -0.203265 0.626087 -0.422084
v -0.104246 0.626087 -0.456733
v -0.000000 0.626087 -0.468478
v 0.104246 0.626087 -0.456733
v 0.203265 0.626087 -0.422084
v 0.292091 0.626087 -0.366271
v 0.366271 0.626087 -0.292091
v 0.422084 0.626087 -0.203265
v 0.456733 0.626087 -0.104246
v 0.455435 0.678261 0.000000
v 0.444016 0.678261 0.101344
v 0.410333 0.678261 0.197606
v 0.356073 0.678261 0.283959
v 0.283959 0.678261 0.356073
v 0.197606 0.678261 0.410333
v 0.101344 0.678261 0.444016
v 0.000000 0.678261 0.455435
v -0.101344 0.678261 0.444016
v -0.197606 0.678261 0.410333
v -0.283959 0.678261 0.356073
v -0.356073 0.678261 0.283959
v -0.410333 0.678261 0.197606
v -0.444016 0.678261 0.101344
v -0.455435 0.678261 0.000000
v -0.444016 0.678261 -0.101344
v -0.410333 0.678261 -0.197606
v -0.356073 0.678261 -0.283959
v -0.283959 0.678261 -0.356073
v -0.197606 0.678261 -0.410333
v -0.101344 0.678261 -0.444016
v -0.000000 0.678261 -0.455435
v 0.101344 0.678261 -0.444016
v 0.197606 0.678261 -0.410333
v 0.283959 0.678261 -0.356073
v 0.356073 0.678261 -0.283959
v 0.410333 0.678261 -0.197606
v 0.444016 0.678261 -0.101344
v 0.442391 0.730435 0.000000
v 0.431300 0.730435 0.098441
v 0.398581 0.730435 0.191946
v 0.345875 0.730435 0.275826
v 0.275826 0.730435 0.345875
v 0.191946 0.730435 0.398581
v 0.098441 0.730435 0.431300
v 0.000000 0.730435 0.442391
v -0.098441 0.730435 0.431300
v -0.191946 0.730435 0.398581
v -0.275826 0.730435 0.345875
v -0.345875 0.730435 0.275826
v -0.398581 0.730435 0.191946
v -0.431300 0.730435 0.098441
v -0.442391 0.730435 0.000000
v -0.431300 0.730435 -0.098441
v -0.398581 0.730435 -0.191946
v -0.345875 0.730435 -0.275826
v -0.275826 0.730435 -0.345875
v -0.191946 0.730435 -0.398581
v -0.098441 0.730435 -0.431300
v -0.000000 0.730435 -0.442391
v 0.098441 0.730435 -0.431300
v 0.191946 0.730435 -0.398581
v 0.275826 0.730435 -0.345875
v 0.345875 0.730435 -0.275826
v 0.398581 0.730435 -0.191946
v 0.431300 0.730435 -0.098441
v 0.429348 0.782609 0.000000
v 0.418583 0.782609 0.095539
v 0.386829 0.782609 0.186287
v 0.335678 0.782609 0.267694
v 0.267694 0.782609 0.335678
v 0.186287 0.782609 0.386829
v 0.095539 0.782609 0.418583
v 0.000000 0.782609 0.429348
v -0.095539 0.782609 0.418583
v -0.186287 0.782609 0.386829
v -0.267694 0.782609 0.335678
v -0.335678 0.782609 0.267694
v -0.386829 0.782609 0.186287
v -0.418583 0.782609 0.095539
v -0.429348 0.782609 0.000000
v -0.418583 0.782609 -0.095539
v -0.386829 0.782609 -0.186287
v -0.335678 0.782609 -0.267694
v -0.267694 0.782609 -0.335678
v -0.186287 0.782609 -0.386829
v -0.095539 0.782609 -0.418583
v -0.000000 0.782609 -0.429348
v 0.095539 0.782609 -0.418583
v 0.186287 0.782609 -0.386829
v 0.267694 0.782609 -0.335678
v 0.335678 0.782609 -0.267694
v 0.386829 0.782609 -0.186287
v 0.418583 0.782609 -0.095539
v 0.416304 0.834783 0.000000
v 0.405867 0.834783 0.092636
v 0.375077 0.834783 0.180628
v 0.325480 0.834783 0.259562
v 0.259562 0.834783 0.325480
v 0.180628 0.834783 0.375077
v 0.092636 0.834783 0.405867
v 0.000000 0.834783 0.416304
v -0.092636 0.834783 0.405867
v -0.180628 0.834783 0.375077
v -0.259562 0.834783 0.325480
v -0.325480 0.834783 0.259562
v -0.375077 0.834783 0.180628
v -0.405867 0.834783 0.092636
v -0.416304 0.834783 0.000000
v -0.405867 0.834783 -0.092636
v -0.375077 0.834783 -0.180628
v -0.325480 0.834783 -0.259562
v -0.259562 0.834783 -0.325480
v -0.180628 0.834783 -0.375077
v -0.092636 0.834783 -0.405867
v -0.000000 0.834783 -0.416304
v 0.092636 0.834783 -0.405867
v 0.180628 0.834783 -0.375077
v 0.259562 0.834783 -0.325480
v 0.325480 0.834783 -0.259562
v 0.375077 0.834783 -0.180628
v 0.405867 0.834783 -0.092636
v 0.403261 0.886957 0.000000
v 0.393150 0.886957 0.089734
v 0.363325 0.886957 0.174968
v 0.315282 0.886957 0.251429
v 0.251429 0.886957 0.315282
v 0.174968 0.886957 0.363325
v 0.089734 0.886957 0.393150
v 0.000000 0.886957 0.403261
v -0.089734 0.886957 0.393150
v -0.174968 0.886957 0.363325
v -0.251429 0.886957 0.315282
v -0.315282 0.886957 0.251429
v -0.363325 0.886957 0.174968
v -0.393150 0.886957 0.089734
v -0.403261 0.886957 0.000000
v -0.393150 0.886957 -0.089734
v -0.363325 0.886957 -0.174968
v -0.315282 0.886957 -0.251429
v -0.251429 0.886957 -0.315282
v -0.174968 0.886957 -0.363325
v -0.089734 0.886957 -0.393150
v -0.000000 0.886957 -0.403261
v 0.089734 0.886957 -0.393150
v 0.174968 0.886957 -0.363325
v 0.251429 0.886957 -0.315282
v 0.315282 0.886957 -0.251429
v 0.363325 0.886957 -0.174968
v 0.393150 0.886957 -0.089734
v 0.351087 0.939130 0.000000
v 0.342284 0.939130 0.078124
v 0.316318 0.939130 0.152331
v 0.274491 0.939130 0.218899
v 0.218899 0.939130 0.274491
v 0.152331 0.939130 0.316318
v 0.078124 0.939130 0.342284
v 0.000000 0.939130 0.351087
v -0.078124 0.939130 0.342284
v -0.152331 0.939130 0.316318
v -0.218899 0.939130 0.274491
v -0.274491 0.939130 0.218899
v -0.316318 0.939130 0.152331
v -0.342284 0.939130 0.078124
v -0.351087 0.939130 0.000000
v -0.342284 0.939130 -0.078124
v -0.316318 0.939130 -0.152331
v -0.274491 0.939130 -0.218899
v -0.218899 0.939130 -0.274491
v -0.152331 0.939130 -0.316318
v -0.078124 0.939130 -0.342284
v -0.000000 0.939130 -0.351087
v 0.078124 0.939130 -0.342284
v 0.152331 0.939130 -0.316318
v 0.218899 0.939130 -0.274491
v 0.274491 0.939130 -0.218899
v 0.316318 0.939130 -0.152331
v 0.342284 0.939130 -0.078124
v 0.285870 0.991304 0.000000
v 0.278702 0.991304 0.063612
v 0.257560 0.991304 0.124034
v 0.223502 0.991304 0.178237
v 0.178237 0.991304 0.223502
v 0.124034 0.991304 0.257560
v 0.063612 0.991304 0.278702
v 0.000000 0.991304 0.285870
v -0.063612 0.991304 0.278702
v -0.124034 0.991304 0.257560
v -0.178237 0.991304 0.223502
v -0.223502 0.991304 0.178237
v -0.257560 0.991304 0.124034
v -0.278702 0.991304 0.063612
v -0.285870 0.991304 0.000000
v -0.278702 0.991304 -0.063612
v -0.257560 0.991304 -0.124034
v -0.223502 0.991304 -0.178237
v -0.178237 0.991304 -0.223502
v -0.124034 0.991304 -0.257560
v -0.063612 0.991304 -0.278702
v -0.000000 0.991304 -0.285870
v 0.063612 0.991304 -0.278702
v 0.124034 0.991304 -0.257560
v 0.178237 0.991304 -0.223502
v 0.223502 0.991304 -0.178237
v 0.257560 0.991304 -0.124034
v 0.278702 0.991304 -0.063612
v 0.272259 1.043478 0.000000
v 0.262146 1.043478 0.059833
v 0.239681 1.043478 0.115424
v 0.207834 1.043478 0.165742
v 0.167374 1.043478 0.209880
v 0.117975 1.043478 0.244979
v 0.060882 1.043478 0.266743
v 0.000000 1.043478 0.272259
v -0.059833 1.043478 0.262146
v -0.115424 1.043478 0.239681
v -0.165742 1.043478 0.207834
v -0.209880 1.043478 0.167374
v -0.244979 1.043478 0.117975
v -0.266743 1.043478 0.060882
v -0.272259 1.043478 0.000000
v -0.262146 1.043478 -0.059833
v -0.239681 1.043478 -0.115424
v -0.207834 1.043478 -0.165742
v -0.167374 1.043478 -0.209880
v -0.117975 1.043478 -0.244979
v -0.060882 1.043478 -0.266743
v -0.000000 1.043478 -0.272259
v 0.059833 1.043478 -0.262146
v 0.115424 1.043478 -0.239681
v 0.165742 1.043478 -0.207834
v 0.209880 1.043478 -0.167374
v 0.244979 1.043478 -0.117975
v 0.266743 1.043478 -0.060882
v 0.314406 1.095652 0.000000
v 0.302598 1.095652 0.069066
v 0.277822 1.095652 0.133792
v 0.242263 1.095652 0.193199
v 0.195630 1.095652 0.245312
v 0.137594 1.095652 0.285716
v 0.070630 1.095652 0.309448
v 0.000000 1.095652 0.314406
v -0.069066 1.095652 0.302598
v -0.133792 1.095652 0.277822
v -0.193199 1.095652 0.242263
v -0.245312 1.095652 0.195630
v -0.285716 1.095652 0.137594
v -0.309448 1.095652 0.070630
v -0.314406 1.095652 0.000000
v -0.302598 1.095652 -0.069066
v -0.277822 1.095652 -0.133792
v -0.242263 1.095652 -0.193199
v -0.195630 1.095652 -0.245312
v -0.137594 1.095652 -0.285716
v -0.070630 1.095652 -0.309448
v -0.000000 1.095652 -0.314406
v 0.069066 1.095652 -0.302598
v 0.133792 1.095652 -0.277822
v 0.193199 1.095652 -0.242263
v 0.245312 1.095652 -0.195630
v 0.285716 1.095652 -0.137594
v 0.309448 1.095652 -0.070630
v 0.310217 1.147826 0.000000
v 0.299159 1.147826 0.068281
v 0.276159 1.147826 0.132991
v 0.241941 1.147826 0.192942
v 0.195440 1.147826 0.245074
v 0.136897 1.147826 0.284270
v 0.069888 1.147826 0.306198
v 0.000000 1.147826 0.310217
v -0.068281 1.147826 0.299159
v -0.132991 1.147826 0.276159
v -0.192942 1.147826 0.241941
v -0.245074 1.147826 0.195440
v -0.284270 1.147826 0.136897
v -0.306198 1.147826 0.069888
v -0.310217 1.147826 0.000000
v -0.299159 1.147826 -0.068281
v -0.276159 1.147826 -0.132991
v -0.241941 1.147826 -0.192942
v -0.195440 1.147826 -0.245074
v -0.136897 1.147826 -0.284270
v -0.069888 1.147826 -0.306198
v -0.000000 1.147826 -0.310217
v 0.068281 1.147826 -0.299159
v 0.132991 1.147826 -0.276159
v 0.192942 1.147826 -0.241941
v 0.245074 1.147826 -0.195440
v 0.284270 1.147826 -0.136897
v 0.306198 1.147826 -0.069888
v 0.049592 1.200000 0.000000
v 0.048019 1.200000 0.010960
v 0.044577 1.200000 0.021467
v 0.039166 1.200000 0.031233
v 0.031574 1.200000 0.039592
v 0.022000 1.200000 0.045683
v 0.011179 1.200000 0.048978
v 0.000000 1.200000 0.049592
v -0.010960 1.200000 0.048019
v -0.021467 1.200000 0.044577
v -0.031233 1.200000 0.039166
v -0.039592 1.200000 0.031574
v -0.045683 1.200000 0.022000
v -0.048978 1.200000 0.011179
v -0.049592 1.200000 0.000000
v -0.048019 1.200000 -0.010960
v -0.044577 1.200000 -0.021467
v -0.039166 1.200000 -0.031233
v -0.031574 1.200000 -0.039592
v -0.022000 1.200000 -0.045683
v -0.011179 1.200000 -0.048978
v -0.000000 1.200000 -0.049592
v 0.010960 1.200000 -0.048019
v 0.021467 1.200000 -0.044577
v 0.031233 1.200000 -0.039166
v 0.039592 1.200000 -0.031574
v 0.045683 1.200000 -0.022000
v 0.048978 1.200000 -0.011179
v 0.000000 0.000000 0.000000
v 0.000000 1.200000 0.000000
v 0.255000 1.000000 0.000000
v 0.285000 1.000000 0.000000
v 0.285000 1.040000 0.000000
v 0.255000 1.040000 0.000000
v 0.250100 1.000000 0.049748
v 0.279524 1.000000 0.055601
v 0.279524 1.040000 0.055601
v 0.250100 1.040000 0.049748
v 0.235589 1.000000 0.097584
v 0.263306 1.000000 0.109065
v 0.263306 1.040000 0.109065
v 0.235589 1.040000 0.097584
v 0.212025 1.000000 0.141670
v 0.236969 1.000000 0.158338
v 0.236969 1.040000 0.158338
v 0.212025 1.040000 0.141670
v 0.180312 1.000000 0.180312
v 0.201525 1.000000 0.201525
v 0.201525 1.040000 0.201525
v 0.180312 1.040000 0.180312
v 0.141670 1.000000 0.212025
v 0.158338 1.000000 0.236969
v 0.158338 1.040000 0.236969
v 0.141670 1.040000 0.212025
v 0.097584 1.000000 0.235589
v 0.109065 1.000000 0.263306
v 0.109065 1.040000 0.263306
v 0.097584 1.040000 0.235589
v 0.049748 1.000000 0.250100
v 0.055601 1.000000 0.279524
v 0.055601 1.040000 0.279524
v 0.049748 1.040000 0.250100
v 0.000000 1.000000 0.255000
v 0.000000 1.000000 0.285000
v 0.000000 1.040000 0.285000
v 0.000000 1.040000 0.255000
v -0.049748 1.000000 0.250100
v -0.055601 1.000000 0.279524
v -0.055601 1.040000 0.279524
v -0.049748 1.040000 0.250100
v -0.097584 1.000000 0.235589
v -0.109065 1.000000 0.263306
v -0.109065 1.040000 0.263306
v -0.097584 1.040000 0.235589
v -0.141670 1.000000 0.212025
v -0.158338 1.000000 0.236969
v -0.158338 1.040000 0.236969
v -0.141670 1.040000 0.212025
v -0.180312 1.000000 0.180312
v -0.201525 1.000000 0.201525
v -0.201525 1.040000 0.201525
v -0.180312 1.040000 0.180312
v -0.212025 1.000000 0.141670
v -0.236969 1.000000 0.158338
v -0.236969 1.040000 0.158338
v -0.212025 1.040000 0.141670
v -0.235589 1.000000 0.097584
v -0.263306 1.000000 0.109065
v -0.263306 1.040000 0.109065
v -0.235589 1.040000 0.097584
v -0.250100 1.000000 0.049748
v -0.279524 1.000000 0.055601
v -0.279524 1.040000 0.055601
v -0.250100 1.040000 0.049748
v -0.255000 1.000000 0.000000
v -0.285000 1.000000 0.000000
v -0.285000 1.040000 0.000000
v -0.255000 1.040000 0.000000
v -0.250100 1.000000 -0.049748
v -0.279524 1.000000 -0.055601
v -0.279524 1.040000 -0.055601
v -0.250100 1.040000 -0.049748
v -0.235589 1.000000 -0.097584
v -0.263306 1.000000 -0.109065
v -0.263306 1.040000 -0.109065
v -0.235589 1.040000 -0.097584
v -0.212025 1.000000 -0.141670
v -0.236969 1.000000 -0.158338
v -0.236969 1.040000 -0.158338
v -0.212025 1.040000 -0.141670
v -0.180312 1.000000 -0.180312
v -0.201525 1.000000 -0.201525
v -0.201525 1.040000 -0.201525
v -0.180312 1.040000 -0.180312
v -0.141670 1.000000 -0.212025
v -0.158338 1.000000 -0.236969
v -0.158338 1.040000 -0.236969
v -0.141670 1.040000 -0.212025
v -0.097584 1.000000 -0.235589
v -0.109065 1.000000 -0.263306
v -0.109065 1.040000 -0.263306
v -0.097584 1.040000 -0.235589
v -0.049748 1.000000 -0.250100
v -0.055601 1.000000 -0.279524
v -0.055601 1.040000 -0.279524
v -0.049748 1.040000 -0.250100
v -0.000000 1.000000 -0.255000
v -0.000000 1.000000 -0.285000
v -0.000000 1.040000 -0.285000
v -0.000000 1.040000 -0.255000
v 0.049748 1.000000 -0.250100
v 0.055601 1.000000 -0.279524
v 0.055601 1.040000 -0.279524
v 0.049748 1.040000 -0.250100
v 0.097584 1.000000 -0.235589
v 0.109065 1.000000 -0.263306
v 0.109065 1.040000 -0.263306
v 0.097584 1.040000 -0.235589
v 0.141670 1.000000 -0.212025
v 0.158338 1.000000 -0.236969
v 0.158338 1.040000 -0.236969
v 0.141670 1.040000 -0.212025
v 0.180312 1.000000 -0.180312
v 0.201525 1.000000 -0.201525
v 0.201525 1.040000 -0.201525
v 0.180312 1.040000 -0.180312
v 0.212025 1.000000 -0.141670
v 0.236969 1.000000 -0.158338
v 0.236969 1.040000 -0.158338
v 0.212025 1.040000 -0.141670
v 0.235589 1.000000 -0.097584
v 0.263306 1.000000 -0.109065
v 0.263306 1.040000 -0.109065
v 0.235589 1.040000 -0.097584
v 0.250100 1.000000 -0.049748
v 0.279524 1.000000 -0.055601
v 0.279524 1.040000 -0.055601
v 0.250100 1.040000 -0.049748
v -0.082918 1.097553 0.000000
v -0.085741 1.097553 0.008278
v -0.093779 1.097553 0.015296
v -0.105809 1.097553 0.019985
v -0.120000 1.097553 0.021631
v -0.134191 1.097553 0.019985
v -0.146221 1.097553 0.015296
v -0.154259 1.097553 0.008278
v -0.157082 1.097553 0.000000
v -0.154259 1.097553 -0.008278
v -0.146221 1.097553 -0.015296
v -0.134191 1.097553 -0.019985
v -0.120000 1.097553 -0.021631
v -0.105809 1.097553 -0.019985
v -0.093779 1.097553 -0.015296
v -0.085741 1.097553 -0.008278
v -0.049466 1.090451 0.000000
v -0.054835 1.090451 0.015745
v -0.070125 1.090451 0.029094
v -0.093008 1.090451 0.038013
v -0.120000 1.090451 0.041145
v -0.146992 1.090451 0.038013
v -0.169875 1.090451 0.029094
v -0.185165 1.090451 0.015745
v -0.190534 1.090451 0.000000
v -0.185165 1.090451 -0.015745
v -0.169875 1.090451 -0.029094
v -0.146992 1.090451 -0.038013
v -0.120000 1.090451 -0.041145
v -0.093008 1.090451 -0.038013
v -0.070125 1.090451 -0.029094
v -0.054835 1.090451 -0.015745
v -0.022918 1.079389 0.000000
v -0.030308 1.079389 0.021672
v -0.051353 1.079389 0.040044
v -0.082848 1.079389 0.052320
v -0.120000 1.079389 0.056631
v -0.157152 1.079389 0.052320
v -0.188647 1.079389 0.040044
v -0.209692 1.079389 0.021672
v -0.217082 1.079389 0.000000
v -0.209692 1.079389 -0.021672
v -0.188647 1.079389 -0.040044
v -0.157152 1.079389 -0.052320
v -0.120000 1.079389 -0.056631
v -0.082848 1.079389 -0.052320
v -0.051353 1.079389 -0.040044
v -0.030308 1.079389 -0.021672
v -0.005873 1.065451 0.000000
v -0.014561 1.065451 0.025477
v -0.039300 1.065451 0.047075
v -0.076326 1.065451 0.061506
v -0.120000 1.065451 0.066574
v -0.163674 1.065451 0.061506
v -0.200700 1.065451 0.047075
v -0.225439 1.065451 0.025477
v -0.234127 1.065451 0.000000
v -0.225439 1.065451 -0.025477
v -0.200700 1.065451 -0.047075
v -0.163674 1.065451 -0.061506
v -0.120000 1.065451 -0.066574
v -0.076326 1.065451 -0.061506
v -0.039300 1.065451 -0.047075
v -0.014561 1.065451 -0.025477
v 0.000000 1.050000 0.000000
v -0.009134 1.050000 0.026788
v -0.035147 1.050000 0.049497
v -0.074078 1.050000 0.064672
v -0.120000 1.050000 0.070000
v -0.165922 1.050000 0.064672
v -0.204853 1.050000 0.049497
v -0.230866 1.050000 0.026788
v -0.240000 1.050000 0.000000
v -0.230866 1.050000 -0.026788
v -0.204853 1.050000 -0.049497
v -0.165922 1.050000 -0.064672
v -0.120000 1.050000 -0.070000
v -0.074078 1.050000 -0.064672
v -0.035147 1.050000 -0.049497
v -0.009134 1.050000 -0.026788
v -0.005873 1.034549 0.000000
v -0.014561 1.034549 0.025477
v -0.039300 1.034549 0.047075
v -0.076326 1.034549 0.061506
v -0.120000 1.034549 0.066574
v -0.163674 1.034549 0.061506
v -0.200700 1.034549 0.047075
v -0.225439 1.034549 0.025477
v -0.234127 1.034549 0.000000
v -0.225439 1.034549 -0.025477
v -0.200700 1.034549 -0.047075
v -0.163674 1.034549 -0.061506
v -0.120000 1.034549 -0.066574
v -0.076326 1.034549 -0.061506
v -0.039300 1.034549 -0.047075
v -0.014561 1.034549 -0.025477
v -0.022918 1.020611 0.000000
v -0.030308 1.020611 0.021672
v -0.051353 1.020611 0.040044
v -0.082848 1.020611 0.052320
v -0.120000 1.020611 0.056631
v -0.157152 1.020611 0.052320
v -0.188647 1.020611 0.040044
v -0.209692 1.020611 0.021672
v -0.217082 1.020611 0.000000
v -0.209692 1.020611 -0.021672
v -0.188647 1.020611 -0.040044
v -0.157152 1.020611 -0.052320
v -0.120000 1.020611 -0.056631
v -0.082848 1.020611 -0.052320
v -0.051353 1.020611 -0.040044
v -0.030308 1.020611 -0.021672
v -0.049466 1.009549 0.000000
v -0.054835 1.009549 0.015745
v -0.070125 1.009549 0.029094
v -0.093008 1.009549 0.038013
v -0.120000 1.009549 0.041145
v -0.146992 1.009549 0.038013
v -0.169875 1.009549 0.029094
v -0.185165 1.009549 0.015745
v -0.190534 1.009549 0.000000
v -0.185165 1.009549 -0.015745
v -0.169875 1.009549 -0.029094
v -0.146992 1.009549 -0.038013
v -0.120000 1.009549 -0.041145
v -0.093008 1.009549 -0.038013
v -0.070125 1.009549 -0.029094
v -0.054835 1.009549 -0.015745
v -0.082918 1.002447 0.000000
v -0.085741 1.002447 0.008278
v -0.093779 1.002447 0.015296
v -0.105809 1.002447 0.019985
v -0.120000 1.002447 0.021631
v -0.134191 1.002447 0.019985
v -0.146221 1.002447 0.015296
v -0.154259 1.002447 0.008278
v -0.157082 1.002447 0.000000
v -0.154259 1.002447 -0.008278
v -0.146221 1.002447 -0.015296
v -0.134191 1.002447 -0.019985
v -0.120000 1.002447 -0.021631
v -0.105809 1.002447 -0.019985
v -0.093779 1.002447 -0.015296
v -0.085741 1.002447 -0.008278
v -0.120000 1.100000 0.000000
v -0.120000 1.000000 0.000000
v 0.157082 1.097553 0.000000
v 0.154259 1.097553 0.008278
v 0.146221 1.097553 0.015296
v 0.134191 1.097553 0.019985
v 0.120000 1.097553 0.021631
v 0.105809 1.097553 0.019985
v 0.093779 1.097553 0.015296
v 0.085741 1.097553 0.008278
v 0.082918 1.097553 0.000000
v 0.085741 1.097553 -0.008278
v 0.093779 1.097553 -0.015296
v 0.105809 1.097553 -0.019985
v 0.120000 1.097553 -0.021631
v 0.134191 1.097553 -0.019985
v 0.146221 1.097553 -0.015296
v 0.154259 1.097553 -0.008278
v 0.190534 1.090451 0.000000
v 0.185165 1.090451 0.015745
v 0.169875 1.090451 0.029094
v 0.146992 1.090451 0.038013
v 0.120000 1.090451 0.041145
v 0.093008 1.090451 0.038013
v 0.070125 1.090451 0.029094
v 0.054835 1.090451 0.015745
v 0.049466 1.090451 0.000000
v 0.054835 1.090451 -0.015745
v 0.070125 1.090451 -0.029094
v 0.093008 1.090451 -0.038013
v 0.120000 1.090451 -0.041145
v 0.146992 1.090451 -0.038013
v 0.169875 1.090451 -0.029094
v 0.185165 1.090451 -0.015745
v 0.217082 1.079389 0.000000
v 0.209692 1.079389 0.021672
v 0.188647 1.079389 0.040044
v 0.157152 1.079389 0.052320
v 0.120000 1.079389 0.056631
v 0.082848 1.079389 0.052320
v 0.051353 1.079389 0.040044
v 0.030308 1.079389 0.021672
v 0.022918 1.079389 0.000000
v 0.030308 1.079389 -0.021672
v 0.051353 1.079389 -0.040044
v 0.082848 1.079389 -0.052320
v 0.120000 1.079389 -0.056631
v 0.157152 1.079389 -0.052320
v 0.188647 1.079389 -0.040044
v 0.209692 1.079389 -0.021672
v 0.234127 1.065451 0.000000
v 0.225439 1.065451 0.025477
v 0.200700 1.065451 0.047075
v 0.163674 1.065451 0.061506
v 0.120000 1.065451 0.066574
v 0.076326 1.065451 0.061506
v 0.039300 1.065451 0.047075
v 0.014561 1.065451 0.025477
v 0.005873 1.065451 0.000000
v 0.014561 1.065451 -0.025477
v 0.039300 1.065451 -0.047075
v 0.076326 1.065451 -0.061506
v 0.120000 1.065451 -0.066574
v 0.163674 1.065451 -0.061506
v 0.200700 1.065451 -0.047075
v 0.225439 1.065451 -0.025477
v 0.240000 1.050000 0.000000
v 0.230866 1.050000 0.026788
v 0.204853 1.050000 0.049497
v 0.165922 1.050000 0.064672
v 0.120000 1.050000 0.070000
v 0.074078 1.050000 0.064672
v 0.035147 1.050000 0.049497
v 0.009134 1.050000 0.026788
v 0.000000 1.050000 0.000000
v 0.009134 1.050000 -0.026788
v 0.035147 1.050000 -0.049497
v 0.074078 1.050000 -0.064672
v 0.120000 1.050000 -0.070000
v 0.165922 1.050000 -0.064672
v 0.204853 1.050000 -0.049497
v 0.230866 1.050000 -0.026788
v 0.234127 1.034549 0.000000
v 0.225439 1.034549 0.025477
v 0.200700 1.034549 0.047075
v 0.163674 1.034549 0.061506
v 0.120000 1.034549 0.066574
v 0.076326 1.034549 0.061506
v 0.039300 1.034549 0.047075
v 0.014561 1.034549 0.025477
v 0.005873 1.034549 0.000000
v 0.014561 1.034549 -0.025477
v 0.039300 1.034549 -0.047075
v 0.076326 1.034549 -0.061506
v 0.120000 1.034549 -0.066574
v 0.163674 1.034549 -0.061506
v 0.200700 1.034549 -0.047075
v 0.225439 1.034549 -0.025477
v 0.217082 1.020611 0.000000
v 0.209692 1.020611 0.021672
v 0.188647 1.020611 0.040044
v 0.157152 1.020611 0.052320
v 0.120000 1.020611 0.056631
v 0.082848 1.020611 0.052320
v 0.051353 1.020611 0.040044
v 0.030308 1.020611 0.021672
v 0.022918 1.020611 0.000000
v 0.030308 1.020611 -0.021672
v 0.051353 1.020611 -0.040044
v 0.082848 1.020611 -0.052320
v 0.120000 1.020611 -0.056631
v 0.157152 1.020611 -0.052320
v 0.188647 1.020611 -0.040044
v 0.209692 1.020611 -0.021672
v 0.190534 1.009549 0.000000
v 0.185165 1.009549 0.015745
v 0.169875 1.009549 0.029094
v 0.146992 1.009549 0.038013
v 0.120000 1.009549 0.041145
v 0.093008 1.009549 0.038013
v 0.070125 1.009549 0.029094
v 0.054835 1.009549 0.015745
v 0.049466 1.009549 0.000000
v 0.054835 1.009549 -0.015745
v 0.070125 1.009549 -0.029094
v 0.093008 1.009549 -0.038013
v 0.120000 1.009549 -0.041145
v 0.146992 1.009549 -0.038013
v 0.169875 1.009549 -0.029094
v 0.185165 1.009549 -0.015745
v 0.157082 1.002447 0.000000
v 0.154259 1.002447 0.008278
v 0.146221 1.002447 0.015296
v 0.134191 1.002447 0.019985
v 0.120000 1.002447 0.021631
v 0.105809 1.002447 0.019985
v 0.093779 1.002447 0.015296
v 0.085741 1.002447 0.008278
v 0.082918 1.002447 0.000000
v 0.085741 1.002447 -0.008278
v 0.093779 1.002447 -0.015296
v 0.105809 1.002447 -0.019985
v 0.120000 1.002447 -0.021631
v 0.134191 1.002447 -0.019985
v 0.146221 1.002447 -0.015296
v 0.154259 1.002447 -0.008278
v 0.120000 1.100000 0.000000
v 0.120000 1.000000 0.000000
v 0.018541 1.078042 0.000000
v 0.017130 1.078042 0.005913
v 0.013110 1.078042 0.010925
v 0.007095 1.078042 0.014275
v 0.000000 1.078042 0.015451
v -0.007095 1.078042 0.014275
v -0.013110 1.078042 0.010925
v -0.017130 1.078042 0.005913
v -0.018541 1.078042 0.000000
v -0.017130 1.078042 -0.005913
v -0.013110 1.078042 -0.010925
v -0.007095 1.078042 -0.014275
v -0.000000 1.078042 -0.015451
v 0.007095 1.078042 -0.014275
v 0.013110 1.078042 -0.010925
v 0.017130 1.078042 -0.005913
v 0.035267 1.072361 0.000000
v 0.032583 1.072361 0.011247
v 0.024938 1.072361 0.020781
v 0.013496 1.072361 0.027152
v 0.000000 1.072361 0.029389
v -0.013496 1.072361 0.027152
v -0.024938 1.072361 0.020781
v -0.032583 1.072361 0.011247
v -0.035267 1.072361 0.000000
v -0.032583 1.072361 -0.011247
v -0.024938 1.072361 -0.020781
v -0.013496 1.072361 -0.027152
v -0.000000 1.072361 -0.029389
v 0.013496 1.072361 -0.027152
v 0.024938 1.072361 -0.020781
v 0.032583 1.072361 -0.011247
v 0.048541 1.063511 0.000000
v 0.044846 1.063511 0.015480
v 0.034324 1.063511 0.028603
v 0.018576 1.063511 0.037372
v 0.000000 1.063511 0.040451
v -0.018576 1.063511 0.037372
v -0.034324 1.063511 0.028603
v -0.044846 1.063511 0.015480
v -0.048541 1.063511 0.000000
v -0.044846 1.063511 -0.015480
v -0.034324 1.063511 -0.028603
v -0.018576 1.063511 -0.037372
v -0.000000 1.063511 -0.040451
v 0.018576 1.063511 -0.037372
v 0.034324 1.063511 -0.028603
v 0.044846 1.063511 -0.015480
v 0.057063 1.052361 0.000000
v 0.052720 1.052361 0.018198
v 0.040350 1.052361 0.033625
v 0.021837 1.052361 0.043933
v 0.000000 1.052361 0.047553
v -0.021837 1.052361 0.043933
v -0.040350 1.052361 0.033625
v -0.052720 1.052361 0.018198
v -0.057063 1.052361 0.000000
v -0.052720 1.052361 -0.018198
v -0.040350 1.052361 -0.033625
v -0.021837 1.052361 -0.043933
v -0.000000 1.052361 -0.047553
v 0.021837 1.052361 -0.043933
v 0.040350 1.052361 -0.033625
v 0.052720 1.052361 -0.018198
v 0.060000 1.040000 0.000000
v 0.055433 1.040000 0.019134
v 0.042426 1.040000 0.035355
v 0.022961 1.040000 0.046194
v 0.000000 1.040000 0.050000
v -0.022961 1.040000 0.046194
v -0.042426 1.040000 0.035355
v -0.055433 1.040000 0.019134
v -0.060000 1.040000 0.000000
v -0.055433 1.040000 -0.019134
v -0.042426 1.040000 -0.035355
v -0.022961 1.040000 -0.046194
v -0.000000 1.040000 -0.050000
v 0.022961 1.040000 -0.046194
v 0.042426 1.040000 -0.035355
v 0.055433 1.040000 -0.019134
v 0.057063 1.027639 0.000000
v 0.052720 1.027639 0.018198
v 0.040350 1.027639 0.033625
v 0.021837 1.027639 0.043933
v 0.000000 1.027639 0.047553
v -0.021837 1.027639 0.043933
v -0.040350 1.027639 0.033625
v -0.052720 1.027639 0.018198
v -0.057063 1.027639 0.000000
v -0.052720 1.027639 -0.018198
v -0.040350 1.027639 -0.033625
v -0.021837 1.027639 -0.043933
v -0.000000 1.027639 -0.047553
v 0.021837 1.027639 -0.043933
v 0.040350 1.027639 -0.033625
v 0.052720 1.027639 -0.018198
v 0.048541 1.016489 0.000000
v 0.044846 1.016489 0.015480
v 0.034324 1.016489 0.028603
v 0.018576 1.016489 0.037372
v 0.000000 1.016489 0.040451
v -0.018576 1.016489 0.037372
v -0.034324 1.016489 0.028603
v -0.044846 1.016489 0.015480
v -0.048541 1.016489 0.000000
v -0.044846 1.016489 -0.015480
v -0.034324 1.016489 -0.028603
v -0.018576 1.016489 -0.037372
v -0.000000 1.016489 -0.040451
v 0.018576 1.016489 -0.037372
v 0.034324 1.016489 -0.028603
v 0.044846 1.016489 -0.015480
v 0.035267 1.007639 0.000000
v 0.032583 1.007639 0.011247
v 0.024938 1.007639 0.020781
v 0.013496 1.007639 0.027152
v 0.000000 1.007639 0.029389
v -0.013496 1.007639 0.027152
v -0.024938 1.007639 0.020781
v -0.032583 1.007639 0.011247
v -0.035267 1.007639 0.000000
v -0.032583 1.007639 -0.011247
v -0.024938 1.007639 -0.020781
v -0.013496 1.007639 -0.027152
v -0.000000 1.007639 -0.029389
v 0.013496 1.007639 -0.027152
v 0.024938 1.007639 -0.020781
v 0.032583 1.007639 -0.011247
v 0.018541 1.001958 0.000000
v 0.017130 1.001958 0.005913
v 0.013110 1.001958 0.010925
v 0.007095 1.001958 0.014275
v 0.000000 1.001958 0.015451
v -0.007095 1.001958 0.014275
v -0.013110 1.001958 0.010925
v -0.017130 1.001958 0.005913
v -0.018541 1.001958 0.000000
v -0.017130 1.001958 -0.005913
v -0.013110 1.001958 -0.010925
v -0.007095 1.001958 -0.014275
v -0.000000 1.001958 -0.015451
v 0.007095 1.001958 -0.014275
v 0.013110 1.001958 -0.010925
v 0.017130 1.001958 -0.005913
v 0.000000 1.080000 0.000000
v 0.000000 1.000000 0.000000
vt 0.000000 0.000000
vt 0.035714 0.000000
vt 0.071429 0.000000
vt 0.107143 0.000000
vt 0.142857 0.000000
vt 0.178571 0.000000
vt 0.214286 0.000000
vt 0.250000 0.000000
vt 0.285714 0.000000
vt 0.321429 0.000000
vt 0.357143 0.000000
vt 0.392857 0.000000
vt 0.428571 0.000000
vt 0.464286 0.000000
vt 0.500000 0.000000
vt 0.535714 0.000000
vt 0.571429 0.000000
vt 0.607143 0.000000
vt 0.642857 0.000000
vt 0.678571 0.000000
vt 0.714286 0.000000
vt 0.750000 0.000000
vt 0.785714 0.000000
vt 0.821429 0.000000
vt 0.857143 0.000000
vt 0.892857 0.000000
vt 0.928571 0.000000
vt 0.964286 0.000000
vt 0.000000 0.043478
vt 0.035714 0.043478
vt 0.071429 0.043478
vt 0.107143 0.043478
vt 0.142857 0.043478
vt 0.178571 0.043478
vt 0.214286 0.043478
vt 0.250000 0.043478
vt 0.285714 0.043478
vt 0.321429 0.043478
vt 0.357143 0.043478
vt 0.392857 0.043478
vt 0.428571 0.043478
vt 0.464286 0.043478
vt 0.500000 0.043478
vt 0.535714 0.043478
vt 0.571429 0.043478
vt 0.607143 0.043478
vt 0.642857 0.043478
vt 0.678571 0.043478
vt 0.714286 0.043478
vt 0.750000 0.043478
vt 0.785714 0.043478
vt 0.821429 0.043478
vt 0.857143 0.043478
vt 0.892857 0.043478
vt 0.928571 0.043478
vt 0.964286 0.043478
vt 0.000000 0.086957
vt 0.035714 0.086957
vt 0.071429 0.086957
vt 0.107143 0.086957
vt 0.142857 0.086957
vt 0.178571 0.086957
vt 0.214286 0.086957
vt 0.250000 0.086957
vt 0.285714 0.086957
vt 0.321429 0.086957
vt 0.357143 0.086957
vt 0.392857 0.086957
vt 0.428571 0.086957
vt 0.464286 0.086957
vt 0.500000 0.086957
vt 0.535714 0.086957
vt 0.571429 0.086957
vt 0.607143 0.086957
vt 0.642857 0.086957
vt 0.678571 0.086957
vt 0.714286 0.086957
vt 0.750000 0.086957
vt 0.785714 0.086957
vt 0.821429 0.086957
vt 0.857143 0.086957
vt 0.892857 0.086957
vt 0.928571 0.086957
vt 0.964286 0.086957
vt 0.000000 0.130435
vt 0.035714 0.130435
vt 0.071429 0.130435
vt 0.107143 0.130435
vt 0.142857 0.130435
vt 0.178571 0.130435
vt 0.214286 0.130435
vt 0.250000 0.130435
vt 0.285714 0.130435
vt 0.321429 0.130435
vt 0.357143 0.130435
vt 0.392857 0.130435
vt 0.428571 0.130435
vt 0.464286 0.130435
vt 0.500000 0.130435
vt 0.535714 0.130435
vt 0.571429 0.130435
vt 0.607143 0.130435
vt 0.642857 0.130435
vt 0.678571 0.130435
vt 0.714286 0.130435
vt 0.750000 0.130435
vt 0.785714 0.130435
vt 0.821429 0.130435
vt 0.857143 0.130435
vt 0.892857 0.130435
vt 0.928571 0.130435
vt 0.964286 0.130435
vt 0.000000 0.173913
vt 0.035714 0.173913
vt 0.071429 0.173913
vt 0.107143 0.173913
vt 0.142857 0.173913
vt 0.178571 0.173913
vt 0.214286 0.173913
vt 0.250000 0.173913
vt 0.285714 0.173913
vt 0.321429 0.173913
vt 0.357143 0.173913
vt 0.392857 0.173913
vt 0.428571 0.173913
vt 0.464286 0.173913
vt 0.500000 0.173913
vt 0.535714 0.173913
vt 0.571429 0.173913
vt 0.607143 0.173913
vt 0.642857 0.173913
vt 0.678571 0.173913
vt 0.714286 0.173913
vt 0.750000 0.173913
vt 0.785714 0.173913
vt 0.821429 0.173913
vt 0.857143 0.173913
vt 0.892857 0.173913
vt 0.928571 0.173913
vt 0.964286 0.173913
vt 0.000000 0.217391
vt 0.035714 0.217391
vt 0.071429 0.217391
vt 0.107143 0.217391
vt 0.142857 0.217391
vt 0.178571 0.217391
vt 0.214286 0.217391
vt 0.250000 0.217391
vt 0.285714 0.217391
vt 0.321429 0.217391
vt 0.357143 0.217391
vt 0.392857 0.217391
vt 0.428571 0.217391
vt 0.464286 0.217391
vt 0.500000 0.217391
vt 0.535714 0.217391
vt 0.571429 0.217391
vt 0.607143 0.217391
vt 0.642857 0.217391
vt 0.678571 0.217391
vt 0.714286 0.217391
vt 0.750000 0.217391
vt 0.785714 0.217391
vt 0.821429 0.217391
vt 0.857143 0.217391
vt 0.892857 0.217391
vt 0.928571 0.217391
vt 0.964286 0.217391
vt 0.000000 0.260870
vt 0.035714 0.260870
vt 0.071429 0.260870
vt 0.107143 0.260870
vt 0.142857 0.260870
vt 0.178571 0.260870
vt 0.214286 0.260870
vt 0.250000 0.260870
vt 0.285714 0.260870
vt 0.321429 0.260870
vt 0.357143 0.260870
vt 0.392857 0.260870
vt 0.428571 0.260870
vt 0.464286 0.260870
vt 0.500000 0.260870
vt 0.535714 0.260870
vt 0.571429 0.260870
vt 0.607143 0.260870
vt 0.642857 0.260870
vt 0.678571 0.260870
vt 0.714286 0.260870
vt 0.750000 0.260870
vt 0.785714 0.260870
vt 0.821429 0.260870
vt 0.857143 0.260870
vt 0.892857 0.260870
vt 0.928571 0.260870
vt 0.964286 0.260870
vt 0.000000 0.304348
vt 0.035714 0.304348
vt 0.071429 0.304348
vt 0.107143 0.304348
vt 0.142857 0.304348
vt 0.178571 0.304348
vt 0.214286 0.304348
vt 0.250000 0.304348
vt 0.285714 0.304348
vt 0.321429 0.304348
vt 0.357143 0.304348
vt 0.392857 0.304348
vt 0.428571 0.304348
vt 0.464286 0.304348
vt 0.500000 0.304348
vt 0.535714 0.304348
vt 0.571429 0.304348
vt 0.607143 0.304348
vt 0.642857 0.304348
vt 0.678571 0.304348
vt 0.714286 0.304348
vt 0.750000 0.304348
vt 0.785714 0.304348
vt 0.821429 0.304348
vt 0.857143 0.304348
vt 0.892857 0.304348
vt 0.928571 0.304348
vt 0.964286 0.304348
vt 0.000000 0.347826
vt 0.035714 0.347826
vt 0.071429 0.347826
vt 0.107143 0.347826
vt 0.142857 0.347826
vt 0.178571 0.347826
vt 0.214286 0.347826
vt 0.250000 0.347826
vt 0.285714 0.347826
vt 0.321429 0.347826
vt 0.357143 0.347826
vt 0.392857 0.347826
vt 0.428571 0.347826
vt 0.464286 0.347826
vt 0.500000 0.347826
vt 0.535714 0.347826
vt 0.571429 0.347826
vt 0.607143 0.347826
vt 0.642857 0.347826
vt 0.678571 0.347826
vt 0.714286 0.347826
vt 0.750000 0.347826
vt 0.785714 0.347826
vt 0.821429 0.347826
vt 0.857143 0.347826
vt 0.892857 0.347826
vt 0.928571 0.347826
vt 0.964286 0.347826
vt 0.000000 0.391304
vt 0.035714 0.391304
vt 0.071429 0.391304
vt 0.107143 0.391304
vt 0.142857 0.391304
vt 0.178571 0.391304
vt 0.214286 0.391304
vt 0.250000 0.391304
vt 0.285714 0.391304
vt 0.321429 0.391304
vt 0.357143 0.391304
vt 0.392857 0.391304
vt 0.428571 0.391304
vt 0.464286 0.391304
vt 0.500000 0.391304
vt 0.535714 0.391304
vt 0.571429 0.391304
vt 0.607143 0.391304
vt 0.642857 0.391304
vt 0.678571 0.391304
vt 0.714286 0.391304
vt 0.750000 0.391304
vt 0.785714 0.391304
vt 0.821429 0.391304
vt 0.857143 0.391304
vt 0.892857 0.391304
vt 0.928571 0.391304
vt 0.964286 0.391304
vt 0.000000 0.434783
vt 0.035714 0.434783
vt 0.071429 0.434783
vt 0.107143 0.434783
vt 0.142857 0.434783
vt 0.178571 0.434783
vt 0.214286 0.434783
vt 0.250000 0.434783
vt 0.285714 0.434783
vt 0.321429 0.434783
vt 0.357143 0.434783
vt 0.392857 0.434783
vt 0.428571 0.434783
vt 0.464286 0.434783
vt 0.500000 0.434783
vt 0.535714 0.434783
vt 0.571429 0.434783
vt 0.607143 0.434783
vt 0.642857 0.434783
vt 0.678571 0.434783
vt 0.714286 0.434783
vt 0.750000 0.434783
vt 0.785714 0.434783
vt 0.821429 0.434783
vt 0.857143 0.434783
vt 0.892857 0.434783
vt 0.928571 0.434783
vt 0.964286 0.434783
vt 0.000000 0.478261
vt 0.035714 0.478261
vt 0.071429 0.478261
vt 0.107143 0.478261
vt 0.142857 0.478261
vt 0.178571 0.478261
vt 0.214286 0.478261
vt 0.250000 0.478261
vt 0.285714 0.478261
vt 0.321429 0.478261
vt 0.357143 0.478261
vt 0.392857 0.478261
vt 0.428571 0.478261
vt 0.464286 0.478261
vt 0.500000 0.478261
vt 0.535714 0.478261
vt 0.571429 0.478261
vt 0.607143 0.478261
vt 0.642857 0.478261
vt 0.678571 0.478261
vt 0.714286 0.478261
vt 0.750000 0.478261
vt 0.785714 0.478261
vt 0.821429 0.478261
vt 0.857143 0.478261
vt 0.892857 0.478261
vt 0.928571 0.478261
vt 0.964286 0.478261
vt 0.000000 0.521739
vt 0.035714 0.521739
vt 0.071429 0.521739
vt 0.107143 0.521739
vt 0.142857 0.521739
vt 0.178571 0.521739
vt 0.214286 0.521739
vt 0.250000 0.521739
vt 0.285714 0.521739
vt 0.321429 0.521739
vt 0.357143 0.521739
vt 0.392857 0.521739
vt 0.428571 0.521739
vt 0.464286 0.521739
vt 0.500000 0.521739
vt 0.535714 0.521739
vt 0.571429 0.521739
vt 0.607143 0.521739
vt 0.642857 0.521739
vt 0.678571 0.521739
vt 0.714286 0.521739
vt 0.750000 0.521739
vt 0.785714 0.521739
vt 0.821429 0.521739
vt 0.857143 0.521739
vt 0.892857 0.521739
vt 0.928571 0.521739
vt 0.964286 0.521739
vt 0.000000 0.565217
vt 0.035714 0.565217
vt 0.071429 0.565217
vt 0.107143 0.565217
vt 0.142857 0.565217
vt 0.178571 0.565217
vt 0.214286 0.565217
vt 0.250000 0.565217
vt 0.285714 0.565217
vt 0.321429 0.565217
vt 0.357143 0.565217
vt 0.392857 0.565217
vt 0.428571 0.565217
vt 0.464286 0.565217
vt 0.500000 0.565217
vt 0.535714 0.565217
vt 0.571429 0.565217
vt 0.607143 0.565217
vt 0.642857 0.565217
vt 0.678571 0.565217
vt 0.714286 0.565217
vt 0.750000 0.565217
vt 0.785714 0.565217
vt 0.821429 0.565217
vt 0.857143 0.565217
vt 0.892857 0.565217
vt 0.928571 0.565217
vt 0.964286 0.565217
vt 0.000000 0.608696
vt 0.035714 0.608696
vt 0.071429 0.608696
vt 0.107143 0.608696
vt 0.142857 0.608696
vt 0.178571 0.608696
vt 0.214286 0.608696
vt 0.250000 0.608696
vt 0.285714 0.608696
vt 0.321429 0.608696
vt 0.357143 0.608696
vt 0.392857 0.608696
vt 0.428571 0.608696
vt 0.464286 0.608696
vt 0.500000 0.608696
vt 0.535714 0.608696
vt 0.571429 0.608696
vt 0.607143 0.608696
vt 0.642857 0.608696
vt 0.678571 0.608696
vt 0.714286 0.608696
vt 0.750000 0.608696
vt 0.785714 0.608696
vt 0.821429 0.608696
vt 0.857143 0.608696
vt 0.892857 0.608696
vt 0.928571 0.608696
vt 0.964286 0.608696
vt 0.000000 0.652174
vt 0.035714 0.652174
vt 0.071429 0.652174
vt 0.107143 0.652174
vt 0.142857 0.652174
vt 0.178571 0.652174
vt 0.214286 0.652174
vt 0.250000 0.652174
vt 0.285714 0.652174
vt 0.321429 0.652174
vt 0.357143 0.652174
vt 0.392857 0.652174
vt 0.428571 0.652174
vt 0.464286 0.652174
vt 0.500000 0.652174
vt 0.535714 0.652174
vt 0.571429 0.652174
vt 0.607143 0.652174
vt 0.642857 0.652174
vt 0.678571 0.652174
vt 0.714286 0.652174
vt 0.750000 0.652174
vt 0.785714 0.652174
vt 0.821429 0.652174
vt 0.857143 0.652174
vt 0.892857 0.652174
vt 0.928571 0.652174
vt 0.964286 0.652174
vt 0.000000 0.695652
vt 0.035714 0.695652
vt 0.071429 0.695652
vt 0.107143 0.695652
vt 0.142857 0.695652
vt 0.178571 0.695652
vt 0.214286 0.695652
vt 0.250000 0.695652
vt 0.285714 0.695652
vt 0.321429 0.695652
vt 0.357143 0.695652
vt 0.392857 0.695652
vt 0.428571 0.695652
vt 0.464286 0.695652
vt 0.500000 0.695652
vt 0.535714 0.695652
vt 0.571429 0.695652
vt 0.607143 0.695652
vt 0.642857 0.695652
vt 0.678571 0.695652
vt 0.714286 0.695652
vt 0.750000 0.695652
vt 0.785714 0.695652
vt 0.821429 0.695652
vt 0.857143 0.695652
vt 0.892857 0.695652
vt 0.928571 0.695652
vt 0.964286 0.695652
vt 0.000000 0.739130
vt 0.035714 0.739130
vt 0.071429 0.739130
vt 0.107143 0.739130
vt 0.142857 0.739130
vt 0.178571 0.739130
vt 0.214286 0.739130
vt 0.250000 0.739130
vt 0.285714 0.739130
vt 0.321429 0.739130
vt 0.357143 0.739130
vt 0.392857 0.739130
vt 0.428571 0.739130
vt 0.464286 0.739130
vt 0.500000 0.739130
vt 0.535714 0.739130
vt 0.571429 0.739130
vt 0.607143 0.739130
vt 0.642857 0.739130
vt 0.678571 0.739130
vt 0.714286 0.739130
vt 0.750000 0.739130
vt 0.785714 0.739130
vt 0.821429 0.739130
vt 0.857143 0.739130
vt 0.892857 0.739130
vt 0.928571 0.739130
vt 0.964286 0.739130
vt 0.000000 0.782609
vt 0.035714 0.782609
vt 0.071429 0.782609
vt 0.107143 0.782609
vt 0.142857 0.782609
vt 0.178571 0.782609
vt 0.214286 0.782609
vt 0.250000 0.782609
vt 0.285714 0.782609
vt 0.321429 0.782609
vt 0.357143 0.782609
vt 0.392857 0.782609
vt 0.428571 0.782609
vt 0.464286 0.782609
vt 0.500000 0.782609
vt 0.535714 0.782609
vt 0.571429 0.782609
vt 0.607143 0.782609
vt 0.642857 0.782609
vt 0.678571 0.782609
vt 0.714286 0.782609
vt 0.750000 0.782609
vt 0.785714 0.782609
vt 0.821429 0.782609
vt 0.857143 0.782609
vt 0.892857 0.782609
vt 0.928571 0.782609
vt 0.964286 0.782609
vt 0.000000 0.826087
vt 0.035714 0.826087
vt 0.071429 0.826087
vt 0.107143 0.826087
vt 0.142857 0.826087
vt 0.178571 0.826087
vt 0.214286 0.826087
vt 0.250000 0.826087
vt 0.285714 0.826087
vt 0.321429 0.826087
vt 0.357143 0.826087
vt 0.392857 0.826087
vt 0.428571 0.826087
vt 0.464286 0.826087
vt 0.500000 0.826087
vt 0.535714 0.826087
vt 0.571429 0.826087
vt 0.607143 0.826087
vt 0.642857 0.826087
vt 0.678571 0.826087
vt 0.714286 0.826087
vt 0.750000 0.826087
vt 0.785714 0.826087
vt 0.821429 0.826087
vt 0.857143 0.826087
vt 0.892857 0.826087
vt 0.928571 0.826087
vt 0.964286 0.826087
vt 0.000000 0.869565
vt 0.035714 0.869565
vt 0.071429 0.869565
vt 0.107143 0.869565
vt 0.142857 0.869565
vt 0.178571 0.869565
vt 0.214286 0.869565
vt 0.250000 0.869565
vt 0.285714 0.869565
vt 0.321429 0.869565
vt 0.357143 0.869565
vt 0.392857 0.869565
vt 0.428571 0.869565
vt 0.464286 0.869565
vt 0.500000 0.869565
vt 0.535714 0.869565
vt 0.571429 0.869565
vt 0.607143 0.869565
vt 0.642857 0.869565
vt 0.678571 0.869565
vt 0.714286 0.869565
vt 0.750000 0.869565
vt 0.785714 0.869565
vt 0.821429 0.869565
vt 0.857143 0.869565
vt 0.892857 0.869565
vt 0.928571 0.869565
vt 0.964286 0.869565
vt 0.000000 0.913043
vt 0.035714 0.913043
vt 0.071429 0.913043
vt 0.107143 0.913043
vt 0.142857 0.913043
vt 0.178571 0.913043
vt 0.214286 0.913043
vt 0.250000 0.913043
vt 0.285714 0.913043
vt 0.321429 0.913043
vt 0.357143 0.913043
vt 0.392857 0.913043
vt 0.428571 0.913043
vt 0.464286 0.913043
vt 0.500000 0.913043
vt 0.535714 0.913043
vt 0.571429 0.913043
vt 0.607143 0.913043
vt 0.642857 0.913043
vt 0.678571 0.913043
vt 0.714286 0.913043
vt 0.750000 0.913043
vt 0.785714 0.913043
vt 0.821429 0.913043
vt 0.857143 0.913043
vt 0.892857 0.913043
vt 0.928571 0.913043
vt 0.964286 0.913043
vt 0.000000 0.956522
vt 0.035714 0.956522
vt 0.071429 0.956522
vt 0.107143 0.956522
vt 0.142857 0.956522
vt 0.178571 0.956522
vt 0.214286 0.956522
vt 0.250000 0.956522
vt 0.285714 0.956522
vt 0.321429 0.956522
vt 0.357143 0.956522
vt 0.392857 0.956522
vt 0.428571 0.956522
vt 0.464286 0.956522
vt 0.500000 0.956522
vt 0.535714 0.956522
vt 0.571429 0.956522
vt 0.607143 0.956522
vt 0.642857 0.956522
vt 0.678571 0.956522
vt 0.714286 0.956522
vt 0.750000 0.956522
vt 0.785714 0.956522
vt 0.821429 0.956522
vt 0.857143 0.956522
vt 0.892857 0.956522
vt 0.928571 0.956522
vt 0.964286 0.956522
vt 0.000000 1.000000
vt 0.035714 1.000000
vt 0.071429 1.000000
vt 0.107143 1.000000
vt 0.142857 1.000000
vt 0.178571 1.000000
vt 0.214286 1.000000
vt 0.250000 1.000000
vt 0.285714 1.000000
vt 0.321429 1.000000
vt 0.357143 1.000000
vt 0.392857 1.000000
vt 0.428571 1.000000
vt 0.464286 1.000000
vt 0.500000 1.000000
vt 0.535714 1.000000
vt 0.571429 1.000000
vt 0.607143 1.000000
vt 0.642857 1.000000
vt 0.678571 1.000000
vt 0.714286 1.000000
vt 0.750000 1.000000
vt 0.785714 1.000000
vt 0.821429 1.000000
vt 0.857143 1.000000
vt 0.892857 1.000000
vt 0.928571 1.000000
vt 0.964286 1.000000
vt 0.500000 0.000000
vt 0.500000 1.000000
vt 0.000000 0.000000
vt 0.000000 0.333333
vt 0.000000 0.666667
vt 0.000000 1.000000
vt 0.031250 0.000000
vt 0.031250 0.333333
vt 0.031250 0.666667
vt 0.031250 1.000000
vt 0.062500 0.000000
vt 0.062500 0.333333
vt 0.062500 0.666667
vt 0.062500 1.000000
vt 0.093750 0.000000
vt 0.093750 0.333333
vt 0.093750 0.666667
vt 0.093750 1.000000
vt 0.125000 0.000000
vt 0.125000 0.333333
vt 0.125000 0.666667
vt 0.125000 1.000000
vt 0.156250 0.000000
vt 0.156250 0.333333
vt 0.156250 0.666667
vt 0.156250 1.000000
vt 0.187500 0.000000
vt 0.187500 0.333333
vt 0.187500 0.666667
vt 0.187500 1.000000
vt 0.218750 0.000000
vt 0.218750 0.333333
vt 0.218750 0.666667
vt 0.218750 1.000000
vt 0.250000 0.000000
vt 0.250000 0.333333
vt 0.250000 0.666667
vt 0.250000 1.000000
vt 0.281250 0.000000
vt 0.281250 0.333333
vt 0.281250 0.666667
vt 0.281250 1.000000
vt 0.312500 0.000000
vt 0.312500 0.333333
vt 0.312500 0.666667
vt 0.312500 1.000000
vt 0.343750 0.000000
vt 0.343750 0.333333
vt 0.343750 0.666667
vt 0.343750 1.000000
vt 0.375000 0.000000
vt 0.375000 0.333333
vt 0.375000 0.666667
vt 0.375000 1.000000
vt 0.406250 0.000000
vt 0.406250 0.333333
vt 0.406250 0.666667
vt 0.406250 1.000000
vt 0.437500 0.000000
vt 0.437500 0.333333
vt 0.437500 0.666667
vt 0.437500 1.000000
vt 0.468750 0.000000
vt 0.468750 0.333333
vt 0.468750 0.666667
vt 0.468750 1.000000
vt 0.500000 0.000000
vt 0.500000 0.333333
vt 0.500000 0.666667
vt 0.500000 1.000000
vt 0.531250 0.000000
vt 0.531250 0.333333
vt 0.531250 0.666667
vt 0.531250 1.000000
vt 0.562500 0.000000
vt 0.562500 0.333333
vt 0.562500 0.666667
vt 0.562500 1.000000
vt 0.593750 0.000000
vt 0.593750 0.333333
vt 0.593750 0.666667
vt 0.593750 1.000000
vt 0.625000 0.000000
vt 0.625000 0.333333
vt 0.625000 0.666667
vt 0.625000 1.000000
vt 0.656250 0.000000
vt 0.656250 0.333333
vt 0.656250 0.666667
vt 0.656250 1.000000
vt 0.687500 0.000000
vt 0.687500 0.333333
vt 0.687500 0.666667
vt 0.687500 1.000000
vt 0.718750 0.000000
vt 0.718750 0.333333
vt 0.718750 0.666667
vt 0.718750 1.000000
vt 0.750000 0.000000
vt 0.750000 0.333333
vt 0.750000 0.666667
vt 0.750000 1.000000
vt 0.781250 0.000000
vt 0.781250 0.333333
vt 0.781250 0.666667
vt 0.781250 1.000000
vt 0.812500 0.000000
vt 0.812500 0.333333
vt 0.812500 0.666667
vt 0.812500 1.000000
vt 0.843750 0.000000
vt 0.843750 0.333333
vt 0.843750 0.666667
vt 0.843750 1.000000
vt 0.875000 0.000000
vt 0.875000 0.333333
vt 0.875000 0.666667
vt 0.875000 1.000000
vt 0.906250 0.000000
vt 0.906250 0.333333
vt 0.906250 0.666667
vt 0.906250 1.000000
vt 0.937500 0.000000
vt 0.937500 0.333333
vt 0.937500 0.666667
vt 0.937500 1.000000
vt 0.968750 0.000000
vt 0.968750 0.333333
vt 0.968750 0.666667
vt 0.968750 1.000000
vt 0.000000 0.100000
vt 0.062500 0.100000
vt 0.125000 0.100000
vt 0.187500 0.100000
vt 0.250000 0.100000
vt 0.312500 0.100000
vt 0.375000 0.100000
vt 0.437500 0.100000
vt 0.500000 0.100000
vt 0.562500 0.100000
vt 0.625000 0.100000
vt 0.687500 0.100000
vt 0.750000 0.100000
vt 0.812500 0.100000
vt 0.875000 0.100000
vt 0.937500 0.100000
vt 0.000000 0.200000
vt 0.062500 0.200000
vt 0.125000 0.200000
vt 0.187500 0.200000
vt 0.250000 0.200000
vt 0.312500 0.200000
vt 0.375000 0.200000
vt 0.437500 0.200000
vt 0.500000 0.200000
vt 0.562500 0.200000
vt 0.625000 0.200000
vt 0.687500 0.200000
vt 0.750000 0.200000
vt 0.812500 0.200000
vt 0.875000 0.200000
vt 0.937500 0.200000
vt 0.000000 0.300000
vt 0.062500 0.300000
vt 0.125000 0.300000
vt 0.187500 0.300000
vt 0.250000 0.300000
vt 0.312500 0.300000
vt 0.375000 0.300000
vt 0.437500 0.300000
vt 0.500000 0.300000
vt 0.562500 0.300000
vt 0.625000 0.300000
vt 0.687500 0.300000
vt 0.750000 0.300000
vt 0.812500 0.300000
vt 0.875000 0.300000
vt 0.937500 0.300000
vt 0.000000 0.400000
vt 0.062500 0.400000
vt 0.125000 0.400000
vt 0.187500 0.400000
vt 0.250000 0.400000
vt 0.312500 0.400000
vt 0.375000 0.400000
vt 0.437500 0.400000
vt 0.500000 0.400000
vt 0.562500 0.400000
vt 0.625000 0.400000
vt 0.687500 0.400000
vt 0.750000 0.400000
vt 0.812500 0.400000
vt 0.875000 0.400000
vt 0.937500 0.400000
vt 0.000000 0.500000
vt 0.062500 0.500000
vt 0.125000 0.500000
vt 0.187500 0.500000
vt 0.250000 0.500000
vt 0.312500 0.500000
vt 0.375000 0.500000
vt 0.437500 0.500000
vt 0.500000 0.500000
vt 0.562500 0.500000
vt 0.625000 0.500000
vt 0.687500 0.500000
vt 0.750000 0.500000
vt 0.812500 0.500000
vt 0.875000 0.500000
vt 0.937500 0.500000
vt 0.000000 0.600000
vt 0.062500 0.600000
vt 0.125000 0.600000
vt 0.187500 0.600000
vt 0.250000 0.600000
vt 0.312500 0.600000
vt 0.375000 0.600000
vt 0.437500 0.600000
vt 0.500000 0.600000
vt 0.562500 0.600000
vt 0.625000 0.600000
vt 0.687500 0.600000
vt 0.750000 0.600000
vt 0.812500 0.600000
vt 0.875000 0.600000
vt 0.937500 0.600000
vt 0.000000 0.700000
vt 0.062500 0.700000
vt 0.125000 0.700000
vt 0.187500 0.700000
vt 0.250000 0.700000
vt 0.312500 0.700000
vt 0.375000 0.700000
vt 0.437500 0.700000
vt 0.500000 0.700000
vt 0.562500 0.700000
vt 0.625000 0.700000
vt 0.687500 0.700000
vt 0.750000 0.700000
vt 0.812500 0.700000
vt 0.875000 0.700000
vt 0.937500 0.700000
vt 0.000000 0.800000
vt 0.062500 0.800000
vt 0.125000 0.800000
vt 0.187500 0.800000
vt 0.250000 0.800000
vt 0.312500 0.800000
vt 0.375000 0.800000
vt 0.437500 0.800000
vt 0.500000 0.800000
vt 0.562500 0.800000
vt 0.625000 0.800000
vt 0.687500 0.800000
vt 0.750000 0.800000
vt 0.812500 0.800000
vt 0.875000 0.800000
vt 0.937500 0.800000
vt 0.000000 0.900000
vt 0.062500 0.900000
vt 0.125000 0.900000
vt 0.187500 0.900000
vt 0.250000 0.900000
vt 0.312500 0.900000
vt 0.375000 0.900000
vt 0.437500 0.900000
vt 0.500000 0.900000
vt 0.562500 0.900000
vt 0.625000 0.900000
vt 0.687500 0.900000
vt 0.750000 0.900000
vt 0.812500 0.900000
vt 0.875000 0.900000
vt 0.937500 0.900000
vt 0.500000 1.000000
vt 0.500000 0.000000
vt 0.000000 0.100000
vt 0.062500 0.100000
vt 0.125000 0.100000
vt 0.187500 0.100000
vt 0.250000 0.100000
vt 0.312500 0.100000
vt 0.375000 0.100000
vt 0.437500 0.100000
vt 0.500000 0.100000
vt 0.562500 0.100000
vt 0.625000 0.100000
vt 0.687500 0.100000
vt 0.750000 0.100000
vt 0.812500 0.100000
vt 0.875000 0.100000
vt 0.937500 0.100000
vt 0.000000 0.200000
vt 0.062500 0.200000
vt 0.125000 0.200000
vt 0.187500 0.200000
vt 0.250000 0.200000
vt 0.312500 0.200000
vt 0.375000 0.200000
vt 0.437500 0.200000
vt 0.500000 0.200000
vt 0.562500 0.200000
vt 0.625000 0.200000
vt 0.687500 0.200000
vt 0.750000 0.200000
vt 0.812500 0.200000
vt 0.875000 0.200000
vt 0.937500 0.200000
vt 0.000000 0.300000
vt 0.062500 0.300000
vt 0.125000 0.300000
vt 0.187500 0.300000
vt 0.250000 0.300000
vt 0.312500 0.300000
vt 0.375000 0.300000
vt 0.437500 0.300000
vt 0.500000 0.300000
vt 0.562500 0.300000
vt 0.625000 0.300000
vt 0.687500 0.300000
vt 0.750000 0.300000
vt 0.812500 0.300000
vt 0.875000 0.300000
vt 0.937500 0.300000
vt 0.000000 0.400000
vt 0.062500 0.400000
vt 0.125000 0.400000
vt 0.187500 0.400000
vt 0.250000 0.400000
vt 0.312500 0.400000
vt 0.375000 0.400000
vt 0.437500 0.400000
vt 0.500000 0.400000
vt 0.562500 0.400000
vt 0.625000 0.400000
vt 0.687500 0.400000
vt 0.750000 0.400000
vt 0.812500 0.400000
vt 0.875000 0.400000
vt 0.937500 0.400000
vt 0.000000 0.500000
vt 0.062500 0.500000
vt 0.125000 0.500000
vt 0.187500 0.500000
vt 0.250000 0.500000
vt 0.312500 0.500000
vt 0.375000 0.500000
vt 0.437500 0.500000
vt 0.500000 0.500000
vt 0.562500 0.500000
vt 0.625000 0.500000
vt 0.687500 0.500000
vt 0.750000 0.500000
vt 0.812500 0.500000
vt 0.875000 0.500000
vt 0.937500 0.500000
vt 0.000000 0.600000
vt 0.062500 0.600000
vt 0.125000 0.600000
vt 0.187500 0.600000
vt 0.250000 0.600000
vt 0.312500 0.600000
vt 0.375000 0.600000
vt 0.437500 0.600000
vt 0.500000 0.600000
vt 0.562500 0.600000
vt 0.625000 0.600000
vt 0.687500 0.600000
vt 0.750000 0.600000
vt 0.812500 0.600000
vt 0.875000 0.600000
vt 0.937500 0.600000
vt 0.000000 0.700000
vt 0.062500 0.700000
vt 0.125000 0.700000
vt 0.187500 0.700000
vt 0.250000 0.700000
vt 0.312500 0.700000
vt 0.375000 0.700000
vt 0.437500 0.700000
vt 0.500000 0.700000
vt 0.562500 0.700000
vt 0.625000 0.700000
vt 0.687500 0.700000
vt 0.750000 0.700000
vt 0.812500 0.700000
vt 0.875000 0.700000
vt 0.937500 0.700000
vt 0.000000 0.800000
vt 0.062500 0.800000
vt 0.125000 0.800000
vt 0.187500 0.800000
vt 0.250000 0.800000
vt 0.312500 0.800000
vt 0.375000 0.800000
vt 0.437500 0.800000
vt 0.500000 0.800000
vt 0.562500 0.800000
vt 0.625000 0.800000
vt 0.687500 0.800000
vt 0.750000 0.800000
vt 0.812500 0.800000
vt 0.875000 0.800000
vt 0.937500 0.800000
vt 0.000000 0.900000
vt 0.062500 0.900000
vt 0.125000 0.900000
vt 0.187500 0.900000
vt 0.250000 0.900000
vt 0.312500 0.900000
vt 0.375000 0.900000
vt 0.437500 0.900000
vt 0.500000 0.900000
vt 0.562500 0.900000
vt 0.625000 0.900000
vt 0.687500 0.900000
vt 0.750000 0.900000
vt 0.812500 0.900000
vt 0.875000 0.900000
vt 0.937500 0.900000
vt 0.500000 1.000000
vt 0.500000 0.000000
vt 0.000000 0.100000
vt 0.062500 0.100000
vt 0.125000 0.100000
vt 0.187500 0.100000
vt 0.250000 0.100000
vt 0.312500 0.100000
vt 0.375000 0.100000
vt 0.437500 0.100000
vt 0.500000 0.100000
vt 0.562500 0.100000
vt 0.625000 0.100000
vt 0.687500 0.100000
vt 0.750000 0.100000
vt 0.812500 0.100000
vt 0.875000 0.100000
vt 0.937500 0.100000
vt 0.000000 0.200000
vt 0.062500 0.200000
vt 0.125000 0.200000
vt 0.187500 0.200000
vt 0.250000 0.200000
vt 0.312500 0.200000
vt 0.375000 0.200000
vt 0.437500 0.200000
vt 0.500000 0.200000
vt 0.562500 0.200000
vt 0.625000 0.200000
vt 0.687500 0.200000
vt 0.750000 0.200000
vt 0.812500 0.200000
vt 0.875000 0.200000
vt 0.937500 0.200000
vt 0.000000 0.300000
vt 0.062500 0.300000
vt 0.125000 0.300000
vt 0.187500 0.300000
vt 0.250000 0.300000
vt 0.312500 0.300000
vt 0.375000 0.300000
vt 0.437500 0.300000
vt 0.500000 0.300000
vt 0.562500 0.300000
vt 0.625000 0.300000
vt 0.687500 0.300000
vt 0.750000 0.300000
vt 0.812500 0.300000
vt 0.875000 0.300000
vt 0.937500 0.300000
vt 0.000000 0.400000
vt 0.062500 0.400000
vt 0.125000 0.400000
vt 0.187500 0.400000
vt 0.250000 0.400000
vt 0.312500 0.400000
vt 0.375000 0.400000
vt 0.437500 0.400000
vt 0.500000 0.400000
vt 0.562500 0.400000
vt 0.625000 0.400000
vt 0.687500 0.400000
vt 0.750000 0.400000
vt 0.812500 0.400000
vt 0.875000 0.400000
vt 0.937500 0.400000
vt 0.000000 0.500000
vt 0.062500 0.500000
vt 0.125000 0.500000
vt 0.187500 0.500000
vt 0.250000 0.500000
vt 0.312500 0.500000
vt 0.375000 0.500000
vt 0.437500 0.500000
vt 0.500000 0.500000
vt 0.562500 0.500000
vt 0.625000 0.500000
vt 0.687500 0.500000
vt 0.750000 0.500000
vt 0.812500 0.500000
vt 0.875000 0.500000
vt 0.937500 0.500000
vt 0.000000 0.600000
vt 0.062500 0.600000
vt 0.125000 0.600000
vt 0.187500 0.600000
vt 0.250000 0.600000
vt 0.312500 0.600000
vt 0.375000 0.600000
vt 0.437500 0.600000
vt 0.500000 0.600000
vt 0.562500 0.600000
vt 0.625000 0.600000
vt 0.687500 0.600000
vt 0.750000 0.600000
vt 0.812500 0.600000
vt 0.875000 0.600000
vt 0.937500 0.600000
vt 0.000000 0.700000
vt 0.062500 0.700000
vt 0.125000 0.700000
vt 0.187500 0.700000
vt 0.250000 0.700000
vt 0.312500 0.700000
vt 0.375000 0.700000
vt 0.437500 0.700000
vt 0.500000 0.700000
vt 0.562500 0.700000
vt 0.625000 0.700000
vt 0.687500 0.700000
vt 0.750000 0.700000
vt 0.812500 0.700000
vt 0.875000 0.700000
vt 0.937500 0.700000
vt 0.000000 0.800000
vt 0.062500 0.800000
vt 0.125000 0.800000
vt 0.187500 0.800000
vt 0.250000 0.800000
vt 0.312500 0.800000
vt 0.375000 0.800000
vt 0.437500 0.800000
vt 0.500000 0.800000
vt 0.562500 0.800000
vt 0.625000 0.800000
vt 0.687500 0.800000
vt 0.750000 0.800000
vt 0.812500 0.800000
vt 0.875000 0.800000
vt 0.937500 0.800000
vt 0.000000 0.900000
vt 0.062500 0.900000
vt 0.125000 0.900000
vt 0.187500 0.900000
vt 0.250000 0.900000
vt 0.312500 0.900000
vt 0.375000 0.900000
vt 0.437500 0.900000
vt 0.500000 0.900000
vt 0.562500 0.900000
vt 0.625000 0.900000
vt 0.687500 0.900000
vt 0.750000 0.900000
vt 0.812500 0.900000
vt 0.875000 0.900000
vt 0.937500 0.900000
vt 0.500000 1.000000
vt 0.500000 0.000000
vt 1.000000 0.000000
vt 1.000000 0.043478
vt 1.000000 0.086957
vt 1.000000 0.130435
vt 1.000000 0.173913
vt 1.000000 0.217391
vt 1.000000 0.260870
vt 1.000000 0.304348
vt 1.000000 0.347826
vt 1.000000 0.391304
vt 1.000000 0.434783
vt 1.000000 0.478261
vt 1.000000 0.521739
vt 1.000000 0.565217
vt 1.000000 0.608696
vt 1.000000 0.652174
vt 1.000000 0.695652
vt 1.000000 0.739130
vt 1.000000 0.782609
vt 1.000000 0.826087
vt 1.000000 0.869565
vt 1.000000 0.913043
vt 1.000000 0.956522
vt 1.000000 1.000000
vt 1.000000 0.000000
vt 1.000000 0.333333
vt 1.000000 0.666667
vt 1.000000 1.000000
vt 1.000000 0.100000
vt 1.000000 0.200000
vt 1.000000 0.300000
vt 1.000000 0.400000
vt 1.000000 0.500000
vt 1.000000 0.600000
vt 1.000000 0.700000
vt 1.000000 0.800000
vt 1.000000 0.900000
vt 1.000000 0.100000
vt 1.000000 0.200000
vt 1.000000 0.300000
vt 1.000000 0.400000
vt 1.000000 0.500000
vt 1.000000 0.600000
vt 1.000000 0.700000
vt 1.000000 0.800000
vt 1.000000 0.900000
vt 1.000000 0.100000
vt 1.000000 0.200000
vt 1.000000 0.300000
vt 1.000000 0.400000
vt 1.000000 0.500000
vt 1.000000 0.600000
vt 1.000000 0.700000
vt 1.000000 0.800000
vt 1.000000 0.900000
vn 0.618058 -0.785790 0.023213
vn 0.597396 -0.785790 0.160162
vn 0.546779 -0.785790 0.289079
vn 0.468744 -0.785790 0.403501
vn 0.367204 -0.785790 0.497690
vn 0.247251 -0.785790 0.566922
vn 0.114900 -0.785790 0.607727
vn -0.023213 -0.785790 0.618058
vn -0.160162 -0.785790 0.597396
vn -0.289079 -0.785790 0.546779
vn -0.403501 -0.785790 0.468744
vn -0.497690 -0.785790 0.367204
vn -0.566922 -0.785790 0.247251
vn -0.607727 -0.785790 0.114900
vn -0.618058 -0.785790 -0.023213
vn -0.597396 -0.785790 -0.160162
vn -0.546779 -0.785790 -0.289079
vn -0.468744 -0.785790 -0.403501
vn -0.367204 -0.785790 -0.497690
vn -0.247251 -0.785790 -0.566922
vn -0.114900 -0.785790 -0.607727
vn 0.023213 -0.785790 -0.618058
vn 0.160162 -0.785790 -0.597396
vn 0.289079 -0.785790 -0.546779
vn 0.403501 -0.785790 -0.468744
vn 0.497690 -0.785790 -0.367204
vn 0.566922 -0.785790 -0.247251
vn 0.607727 -0.785790 -0.114900
vn 0.895217 -0.445630 0.000255
vn 0.872716 -0.445630 0.199453
vn 0.806452 -0.445630 0.388650
vn 0.699750 -0.445630 0.558358
vn 0.557960 -0.445630 0.700068
vn 0.388191 -0.445630 0.806673
vn 0.198956 -0.445630 0.872829
vn -0.000255 -0.445630 0.895217
vn -0.199453 -0.445630 0.872716
vn -0.388650 -0.445630 0.806452
vn -0.558358 -0.445630 0.699750
vn -0.700068 -0.445630 0.557960
vn -0.806673 -0.445630 0.388191
vn -0.872829 -0.445630 0.198956
vn -0.895217 -0.445630 -0.000255
vn -0.872716 -0.445630 -0.199453
vn -0.806452 -0.445630 -0.388650
vn -0.699750 -0.445630 -0.558358
vn -0.557960 -0.445630 -0.700068
vn -0.388191 -0.445630 -0.806673
vn -0.198956 -0.445630 -0.872829
vn 0.000255 -0.445630 -0.895217
vn 0.199453 -0.445630 -0.872716
vn 0.388650 -0.445630 -0.806452
vn 0.558358 -0.445630 -0.699750
vn 0.700068 -0.445630 -0.557960
vn 0.806673 -0.445630 -0.388191
vn 0.872829 -0.445630 -0.198956
vn 0.914866 -0.403758 0.000464
vn 0.891825 -0.403758 0.204029
vn 0.824064 -0.403758 0.397363
vn 0.714982 -0.403758 0.570772
vn 0.570047 -0.403758 0.715560
vn 0.396527 -0.403758 0.824467
vn 0.203125 -0.403758 0.892031
vn -0.000464 -0.403758 0.914866
vn -0.204029 -0.403758 0.891825
vn -0.397363 -0.403758 0.824064
vn -0.570772 -0.403758 0.714982
vn -0.715560 -0.403758 0.570047
vn -0.824467 -0.403758 0.396527
vn -0.892031 -0.403758 0.203125
vn -0.914866 -0.403758 -0.000464
vn -0.891825 -0.403758 -0.204029
vn -0.824064 -0.403758 -0.397363
vn -0.714982 -0.403758 -0.570772
vn -0.570047 -0.403758 -0.715560
vn -0.396527 -0.403758 -0.824467
vn -0.203125 -0.403758 -0.892031
vn 0.000464 -0.403758 -0.914866
vn 0.204029 -0.403758 -0.891825
vn 0.397363 -0.403758 -0.824064
vn 0.570772 -0.403758 -0.714982
vn 0.715560 -0.403758 -0.570047
vn 0.824467 -0.403758 -0.396527
vn 0.892031 -0.403758 -0.203125
vn 0.943233 -0.332131 0.000570
vn 0.919457 -0.332131 0.210445
vn 0.849576 -0.332131 0.409767
vn 0.737094 -0.332131 0.588542
vn 0.587651 -0.332131 0.737805
vn 0.408740 -0.332131 0.850071
vn 0.209334 -0.332131 0.919711
vn -0.000570 -0.332131 0.943233
vn -0.210445 -0.332131 0.919457
vn -0.409767 -0.332131 0.849576
vn -0.588542 -0.332131 0.737094
vn -0.737805 -0.332131 0.587651
vn -0.850071 -0.332131 0.408740
vn -0.919711 -0.332131 0.209334
vn -0.943233 -0.332131 -0.000570
vn -0.919457 -0.332131 -0.210445
vn -0.849576 -0.332131 -0.409767
vn -0.737094 -0.332131 -0.588542
vn -0.587651 -0.332131 -0.737805
vn -0.408740 -0.332131 -0.850071
vn -0.209334 -0.332131 -0.919711
vn 0.000570 -0.332131 -0.943233
vn 0.210445 -0.332131 -0.919457
vn 0.409767 -0.332131 -0.849576
vn 0.588542 -0.332131 -0.737094
vn 0.737805 -0.332131 -0.587651
vn 0.850071 -0.332131 -0.408740
vn 0.919711 -0.332131 -0.209334
vn 0.973041 -0.230632 0.000511
vn 0.948531 -0.230632 0.217020
vn 0.876458 -0.230632 0.422647
vn 0.760435 -0.230632 0.607081
vn 0.606281 -0.230632 0.761073
vn 0.421726 -0.230632 0.876901
vn 0.216024 -0.230632 0.948759
vn -0.000511 -0.230632 0.973041
vn -0.217020 -0.230632 0.948531
vn -0.422647 -0.230632 0.876458
vn -0.607081 -0.230632 0.760435
vn -0.761073 -0.230632 0.606281
vn -0.876901 -0.230632 0.421726
vn -0.948759 -0.230632 0.216024
vn -0.973041 -0.230632 -0.000511
vn -0.948531 -0.230632 -0.217020
vn -0.876458 -0.230632 -0.422647
vn -0.760435 -0.230632 -0.607081
vn -0.606281 -0.230632 -0.761073
vn -0.421726 -0.230632 -0.876901
vn -0.216024 -0.230632 -0.948759
vn 0.000511 -0.230632 -0.973041
vn 0.217020 -0.230632 -0.948531
vn 0.422647 -0.230632 -0.876458
vn 0.607081 -0.230632 -0.760435
vn 0.761073 -0.230632 -0.606281
vn 0.876901 -0.230632 -0.421726
vn 0.948759 -0.230632 -0.216024
vn 0.997164 -0.075259 0.000274
vn 0.972102 -0.075259 0.222157
vn 0.898295 -0.075259 0.432900
vn 0.779444 -0.075259 0.621936
vn 0.621508 -0.075259 0.779785
vn 0.432407 -0.075259 0.898532
vn 0.221623 -0.075259 0.972224
vn -0.000274 -0.075259 0.997164
vn -0.222157 -0.075259 0.972102
vn -0.432900 -0.075259 0.898295
vn -0.621936 -0.075259 0.779444
vn -0.779785 -0.075259 0.621508
vn -0.898532 -0.075259 0.432407
vn -0.972224 -0.075259 0.221623
vn -0.997164 -0.075259 -0.000274
vn -0.972102 -0.075259 -0.222157
vn -0.898295 -0.075259 -0.432900
vn -0.779444 -0.075259 -0.621936
vn -0.621508 -0.075259 -0.779785
vn -0.432407 -0.075259 -0.898532
vn -0.221623 -0.075259 -0.972224
vn 0.000274 -0.075259 -0.997164
vn 0.222157 -0.075259 -0.972102
vn 0.432900 -0.075259 -0.898295
vn 0.621936 -0.075259 -0.779444
vn 0.779785 -0.075259 -0.621508
vn 0.898532 -0.075259 -0.432407
vn 0.972224 -0.075259 -0.221623
vn 0.991074 0.133315 -0.000553
vn 0.966348 0.133315 0.219996
vn 0.893166 0.133315 0.429513
vn 0.775197 0.133315 0.617492
vn 0.618356 0.133315 0.774508
vn 0.430509 0.133315 0.892687
vn 0.221073 0.133315 0.966102
vn 0.000553 0.133315 0.991074
vn -0.219996 0.133315 0.966348
vn -0.429513 0.133315 0.893166
vn -0.617492 0.133315 0.775197
vn -0.774508 0.133315 0.618356
vn -0.892687 0.133315 0.430509
vn -0.966102 0.133315 0.221073
vn -0.991074 0.133315 0.000553
vn -0.966348 0.133315 -0.219996
vn -0.893166 0.133315 -0.429513
vn -0.775197 0.133315 -0.617492
vn -0.618356 0.133315 -0.774508
vn -0.430509 0.133315 -0.892687
vn -0.221073 0.133315 -0.966102
vn -0.000553 0.133315 -0.991074
vn 0.219996 0.133315 -0.966348
vn 0.429513 0.133315 -0.893166
vn 0.617492 0.133315 -0.775197
vn 0.774508 0.133315 -0.618356
vn 0.892687 0.133315 -0.430509
vn 0.966102 0.133315 -0.221073
vn 0.970143 0.242536 -0.000000
vn 0.945819 0.242536 0.215877
vn 0.874068 0.242536 0.420929
vn 0.758488 0.242536 0.604874
vn 0.604874 0.242536 0.758488
vn 0.420929 0.242536 0.874068
vn 0.215877 0.242536 0.945819
vn -0.000000 0.242536 0.970143
vn -0.215877 0.242536 0.945819
vn -0.420929 0.242536 0.874068
vn -0.604874 0.242536 0.758488
vn -0.758488 0.242536 0.604874
vn -0.874068 0.242536 0.420929
vn -0.945819 0.242536 0.215877
vn -0.970143 0.242536 -0.000000
vn -0.945819 0.242536 -0.215877
vn -0.874068 0.242536 -0.420929
vn -0.758488 0.242536 -0.604874
vn -0.604874 0.242536 -0.758488
vn -0.420929 0.242536 -0.874068
vn -0.215877 0.242536 -0.945819
vn 0.000000 0.242536 -0.970143
vn 0.215877 0.242536 -0.945819
vn 0.420929 0.242536 -0.874068
vn 0.604874 0.242536 -0.758488
vn 0.758488 0.242536 -0.604874
vn 0.874068 0.242536 -0.420929
vn 0.945819 0.242536 -0.215877
vn 0.970143 0.242536 -0.000000
vn 0.945819 0.242536 0.215877
vn 0.874068 0.242536 0.420929
vn 0.758488 0.242536 0.604874
vn 0.604874 0.242536 0.758488
vn 0.420929 0.242536 0.874068
vn 0.215877 0.242536 0.945819
vn -0.000000 0.242536 0.970143
vn -0.215877 0.242536 0.945819
vn -0.420929 0.242536 0.874068
vn -0.604874 0.242536 0.758488
vn -0.758488 0.242536 0.604874
vn -0.874068 0.242536 0.420929
vn -0.945819 0.242536 0.215877
vn -0.970143 0.242536 -0.000000
vn -0.945819 0.242536 -0.215877
vn -0.874068 0.242536 -0.420929
vn -0.758488 0.242536 -0.604874
vn -0.604874 0.242536 -0.758488
vn -0.420929 0.242536 -0.874068
vn -0.215877 0.242536 -0.945819
vn 0.000000 0.242536 -0.970143
vn 0.215877 0.242536 -0.945819
vn 0.420929 0.242536 -0.874068
vn 0.604874 0.242536 -0.758488
vn 0.758488 0.242536 -0.604874
vn 0.874068 0.242536 -0.420929
vn 0.945819 0.242536 -0.215877
vn 0.970143 0.242536 -0.000000
vn 0.945819 0.242536 0.215877
vn 0.874068 0.242536 0.420929
vn 0.758488 0.242536 0.604874
vn 0.604874 0.242536 0.758488
vn 0.420929 0.242536 0.874068
vn 0.215877 0.242536 0.945819
vn 0.000000 0.242536 0.970143
vn -0.215877 0.242536 0.945819
vn -0.420929 0.242536 0.874068
vn -0.604874 0.242536 0.758488
vn -0.758488 0.242536 0.604874
vn -0.874068 0.242536 0.420929
vn -0.945819 0.242536 0.215877
vn -0.970143 0.242536 0.000000
vn -0.945819 0.242536 -0.215877
vn -0.874068 0.242536 -0.420929
vn -0.758488 0.242536 -0.604874
vn -0.604874 0.242536 -0.758488
vn -0.420929 0.242536 -0.874068
vn -0.215877 0.242536 -0.945819
vn -0.000000 0.242536 -0.970143
vn 0.215877 0.242536 -0.945819
vn 0.420929 0.242536 -0.874068
vn 0.604874 0.242536 -0.758488
vn 0.758488 0.242536 -0.604874
vn 0.874068 0.242536 -0.420929
vn 0.945819 0.242536 -0.215877
vn 0.970143 0.242536 -0.000000
vn 0.945819 0.242536 0.215877
vn 0.874068 0.242536 0.420929
vn 0.758488 0.242536 0.604874
vn 0.604874 0.242536 0.758488
vn 0.420929 0.242536 0.874068
vn 0.215877 0.242536 0.945819
vn 0.000000 0.242536 0.970143
vn -0.215877 0.242536 0.945819
vn -0.420929 0.242536 0.874068
vn -0.604874 0.242536 0.758488
vn -0.758488 0.242536 0.604874
vn -0.874068 0.242536 0.420929
vn -0.945819 0.242536 0.215877
vn -0.970143 0.242536 0.000000
vn -0.945819 0.242536 -0.215877
vn -0.874068 0.242536 -0.420929
vn -0.758488 0.242536 -0.604874
vn -0.604874 0.242536 -0.758488
vn -0.420929 0.242536 -0.874068
vn -0.215877 0.242536 -0.945819
vn -0.000000 0.242536 -0.970143
vn 0.215877 0.242536 -0.945819
vn 0.420929 0.242536 -0.874068
vn 0.604874 0.242536 -0.758488
vn 0.758488 0.242536 -0.604874
vn 0.874068 0.242536 -0.420929
vn 0.945819 0.242536 -0.215877
vn 0.970143 0.242536 -0.000000
vn 0.945819 0.242536 0.215877
vn 0.874068 0.242536 0.420929
vn 0.758488 0.242536 0.604874
vn 0.604874 0.242536 0.758488
vn 0.420929 0.242536 0.874068
vn 0.215877 0.242536 0.945819
vn -0.000000 0.242536 0.970143
vn -0.215877 0.242536 0.945819
vn -0.420929 0.242536 0.874068
vn -0.604874 0.242536 0.758488
vn -0.758488 0.242536 0.604874
vn -0.874068 0.242536 0.420929
vn -0.945819 0.242536 0.215877
vn -0.970143 0.242536 -0.000000
vn -0.945819 0.242536 -0.215877
vn -0.874068 0.242536 -0.420929
vn -0.758488 0.242536 -0.604874
vn -0.604874 0.242536 -0.758488
vn -0.420929 0.242536 -0.874068
vn -0.215877 0.242536 -0.945819
vn 0.000000 0.242536 -0.970143
vn 0.215877 0.242536 -0.945819
vn 0.420929 0.242536 -0.874068
vn 0.604874 0.242536 -0.758488
vn 0.758488 0.242536 -0.604874
vn 0.874068 0.242536 -0.420929
vn 0.945819 0.242536 -0.215877
vn 0.970143 0.242536 -0.000000
vn 0.945819 0.242536 0.215877
vn 0.874068 0.242536 0.420929
vn 0.758488 0.242536 0.604874
vn 0.604874 0.242536 0.758488
vn 0.420929 0.242536 0.874068
vn 0.215877 0.242536 0.945819
vn -0.000000 0.242536 0.970143
vn -0.215877 0.242536 0.945819
vn -0.420929 0.242536 0.874068
vn -0.604874 0.242536 0.758488
vn -0.758488 0.242536 0.604874
vn -0.874068 0.242536 0.420929
vn -0.945819 0.242536 0.215877
vn -0.970143 0.242536 -0.000000
vn -0.945819 0.242536 -0.215877
vn -0.874068 0.242536 -0.420929
vn -0.758488 0.242536 -0.604874
vn -0.604874 0.242536 -0.758488
vn -0.420929 0.242536 -0.874068
vn -0.215877 0.242536 -0.945819
vn 0.000000 0.242536 -0.970143
vn 0.215877 0.242536 -0.945819
vn 0.420929 0.242536 -0.874068
vn 0.604874 0.242536 -0.758488
vn 0.758488 0.242536 -0.604874
vn 0.874068 0.242536 -0.420929
vn 0.945819 0.242536 -0.215877
vn 0.970143 0.242536 -0.000000
vn 0.945819 0.242536 0.215877
vn 0.874068 0.242536 0.420929
vn 0.758488 0.242536 0.604874
vn 0.604874 0.242536 0.758488
vn 0.420929 0.242536 0.874068
vn 0.215877 0.242536 0.945819
vn 0.000000 0.242536 0.970143
vn -0.215877 0.242536 0.945819
vn -0.420929 0.242536 0.874068
vn -0.604874 0.242536 0.758488
vn -0.758488 0.242536 0.604874
vn -0.874068 0.242536 0.420929
vn -0.945819 0.242536 0.215877
vn -0.970143 0.242536 0.000000
vn -0.945819 0.242536 -0.215877
vn -0.874068 0.242536 -0.420929
vn -0.758488 0.242536 -0.604874
vn -0.604874 0.242536 -0.758488
vn -0.420929 0.242536 -0.874068
vn -0.215877 0.242536 -0.945819
vn -0.000000 0.242536 -0.970143
vn 0.215877 0.242536 -0.945819
vn 0.420929 0.242536 -0.874068
vn 0.604874 0.242536 -0.758488
vn 0.758488 0.242536 -0.604874
vn 0.874068 0.242536 -0.420929
vn 0.945819 0.242536 -0.215877
vn 0.970143 0.242536 -0.000000
vn 0.945819 0.242536 0.215877
vn 0.874068 0.242536 0.420929
vn 0.758488 0.242536 0.604874
vn 0.604874 0.242536 0.758488
vn 0.420929 0.242536 0.874068
vn 0.215877 0.242536 0.945819
vn -0.000000 0.242536 0.970143
vn -0.215877 0.242536 0.945819
vn -0.420929 0.242536 0.874068
vn -0.604874 0.242536 0.758488
vn -0.758488 0.242536 0.604874
vn -0.874068 0.242536 0.420929
vn -0.945819 0.242536 0.215877
vn -0.970143 0.242536 -0.000000
vn -0.945819 0.242536 -0.215877
vn -0.874068 0.242536 -0.420929
vn -0.758488 0.242536 -0.604874
vn -0.604874 0.242536 -0.758488
vn -0.420929 0.242536 -0.874068
vn -0.215877 0.242536 -0.945819
vn 0.000000 0.242536 -0.970143
vn 0.215877 0.242536 -0.945819
vn 0.420929 0.242536 -0.874068
vn 0.604874 0.242536 -0.758488
vn 0.758488 0.242536 -0.604874
vn 0.874068 0.242536 -0.420929
vn 0.945819 0.242536 -0.215877
vn 0.970143 0.242536 -0.000000
vn 0.945819 0.242536 0.215877
vn 0.874068 0.242536 0.420929
vn 0.758488 0.242536 0.604874
vn 0.604874 0.242536 0.758488
vn 0.420929 0.242536 0.874068
vn 0.215877 0.242536 0.945819
vn -0.000000 0.242536 0.970143
vn -0.215877 0.242536 0.945819
vn -0.420929 0.242536 0.874068
vn -0.604874 0.242536 0.758488
vn -0.758488 0.242536 0.604874
vn -0.874068 0.242536 0.420929
vn -0.945819 0.242536 0.215877
vn -0.970143 0.242536 -0.000000
vn -0.945819 0.242536 -0.215877
vn -0.874068 0.242536 -0.420929
vn -0.758488 0.242536 -0.604874
vn -0.604874 0.242536 -0.758488
vn -0.420929 0.242536 -0.874068
vn -0.215877 0.242536 -0.945819
vn 0.000000 0.242536 -0.970143
vn 0.215877 0.242536 -0.945819
vn 0.420929 0.242536 -0.874068
vn 0.604874 0.242536 -0.758488
vn 0.758488 0.242536 -0.604874
vn 0.874068 0.242536 -0.420929
vn 0.945819 0.242536 -0.215877
vn 0.970143 0.242536 -0.000000
vn 0.945819 0.242536 0.215877
vn 0.874068 0.242536 0.420929
vn 0.758488 0.242536 0.604874
vn 0.604874 0.242536 0.758488
vn 0.420929 0.242536 0.874068
vn 0.215877 0.242536 0.945819
vn 0.000000 0.242536 0.970143
vn -0.215877 0.242536 0.945819
vn -0.420929 0.242536 0.874068
vn -0.604874 0.242536 0.758488
vn -0.758488 0.242536 0.604874
vn -0.874068 0.242536 0.420929
vn -0.945819 0.242536 0.215877
vn -0.970143 0.242536 0.000000
vn -0.945819 0.242536 -0.215877
vn -0.874068 0.242536 -0.420929
vn -0.758488 0.242536 -0.604874
vn -0.604874 0.242536 -0.758488
vn -0.420929 0.242536 -0.874068
vn -0.215877 0.242536 -0.945819
vn -0.000000 0.242536 -0.970143
vn 0.215877 0.242536 -0.945819
vn 0.420929 0.242536 -0.874068
vn 0.604874 0.242536 -0.758488
vn 0.758488 0.242536 -0.604874
vn 0.874068 0.242536 -0.420929
vn 0.945819 0.242536 -0.215877
vn 0.869999 0.493027 -0.005080
vn 0.849317 0.493027 0.188640
vn 0.786046 0.493027 0.372902
vn 0.683360 0.493027 0.538464
vn 0.546407 0.493027 0.677025
vn 0.382056 0.493027 0.781638
vn 0.198546 0.493027 0.847056
vn 0.005080 0.493027 0.869999
vn -0.188640 0.493027 0.849317
vn -0.372902 0.493027 0.786046
vn -0.538464 0.493027 0.683360
vn -0.677025 0.493027 0.546407
vn -0.781638 0.493027 0.382056
vn -0.847056 0.493027 0.198546
vn -0.869999 0.493027 0.005080
vn -0.849317 0.493027 -0.188640
vn -0.786046 0.493027 -0.372902
vn -0.683360 0.493027 -0.538464
vn -0.546407 0.493027 -0.677025
vn -0.382056 0.493027 -0.781638
vn -0.198546 0.493027 -0.847056
vn -0.005080 0.493027 -0.869999
vn 0.188640 0.493027 -0.849317
vn 0.372902 0.493027 -0.786046
vn 0.538464 0.493027 -0.683360
vn 0.677025 0.493027 -0.546407
vn 0.781638 0.493027 -0.382056
vn 0.847056 0.493027 -0.198546
vn 0.666906 0.745140 -0.001541
vn 0.650529 0.745140 0.146898
vn 0.601531 0.745140 0.287971
vn 0.522369 0.745140 0.414604
vn 0.417014 0.745140 0.520447
vn 0.290748 0.745140 0.600193
vn 0.149903 0.745140 0.649843
vn 0.001541 0.745140 0.666906
vn -0.146898 0.745140 0.650529
vn -0.287971 0.745140 0.601531
vn -0.414604 0.745140 0.522369
vn -0.520447 0.745140 0.417014
vn -0.600193 0.745140 0.290748
vn -0.649843 0.745140 0.149903
vn -0.666906 0.745140 0.001541
vn -0.650529 0.745140 -0.146898
vn -0.601531 0.745140 -0.287971
vn -0.522369 0.745140 -0.414604
vn -0.417014 0.745140 -0.520447
vn -0.290748 0.745140 -0.600193
vn -0.149903 0.745140 -0.649843
vn -0.001541 0.745140 -0.666906
vn 0.146898 0.745140 -0.650529
vn 0.287971 0.745140 -0.601531
vn 0.414604 0.745140 -0.522369
vn 0.520447 0.745140 -0.417014
vn 0.600193 0.745140 -0.290748
vn 0.649843 0.745140 -0.149903
vn 0.832751 0.553424 0.015724
vn 0.793537 0.576326 0.195313
vn 0.724791 0.589717 0.356247
vn 0.634834 0.584526 0.505287
vn 0.516942 0.564152 0.643819
vn 0.362365 0.543114 0.757442
vn 0.177310 0.538160 0.823981
vn -0.015724 0.553424 0.832751
vn -0.195313 0.576326 0.793537
vn -0.356247 0.589717 0.724791
vn -0.505287 0.584526 0.634834
vn -0.643819 0.564152 0.516942
vn -0.757442 0.543114 0.362365
vn -0.823981 0.538160 0.177310
vn -0.832751 0.553424 -0.015724
vn -0.793537 0.576326 -0.195313
vn -0.724791 0.589717 -0.356247
vn -0.634834 0.584526 -0.505287
vn -0.516942 0.564152 -0.643819
vn -0.362365 0.543114 -0.757442
vn -0.177310 0.538160 -0.823981
vn 0.015724 0.553424 -0.832751
vn 0.195313 0.576326 -0.793537
vn 0.356247 0.589717 -0.724791
vn 0.505287 0.584526 -0.634834
vn 0.643819 0.564152 -0.516942
vn 0.757442 0.543114 -0.362365
vn 0.823981 0.538160 -0.177310
vn 0.976250 -0.214634 0.029477
vn 0.948907 -0.190723 0.251395
vn 0.883532 -0.170813 0.436112
vn 0.786052 -0.169109 0.594579
vn 0.645892 -0.186907 0.740196
vn 0.452523 -0.211586 0.866288
vn 0.216534 -0.224190 0.950185
vn -0.029477 -0.214634 0.976250
vn -0.251395 -0.190723 0.948907
vn -0.436112 -0.170813 0.883532
vn -0.594579 -0.169109 0.786052
vn -0.740196 -0.186907 0.645892
vn -0.866288 -0.211586 0.452523
vn -0.950185 -0.224190 0.216534
vn -0.976250 -0.214634 -0.029477
vn -0.948907 -0.190723 -0.251395
vn -0.883532 -0.170813 -0.436112
vn -0.786052 -0.169109 -0.594579
vn -0.645892 -0.186907 -0.740196
vn -0.452523 -0.211586 -0.866288
vn -0.216534 -0.224190 -0.950185
vn 0.029477 -0.214634 -0.976250
vn 0.251395 -0.190723 -0.948907
vn 0.436112 -0.170813 -0.883532
vn 0.594579 -0.169109 -0.786052
vn 0.740196 -0.186907 -0.645892
vn 0.866288 -0.211586 -0.452523
vn 0.950185 -0.224190 -0.216534
vn 0.952709 -0.300083 0.047907
vn 0.919213 -0.303261 0.251159
vn 0.851093 -0.320084 0.416157
vn 0.753995 -0.337321 0.563654
vn 0.615491 -0.342129 0.710013
vn 0.423107 -0.331371 0.843311
vn 0.188884 -0.312798 0.930849
vn -0.047907 -0.300083 0.952709
vn -0.251159 -0.303261 0.919213
vn -0.416157 -0.320084 0.851093
vn -0.563654 -0.337321 0.753995
vn -0.710013 -0.342129 0.615491
vn -0.843311 -0.331371 0.423107
vn -0.930849 -0.312798 0.188884
vn -0.952709 -0.300083 -0.047907
vn -0.919213 -0.303261 -0.251159
vn -0.851093 -0.320084 -0.416157
vn -0.753995 -0.337321 -0.563654
vn -0.615491 -0.342129 -0.710013
vn -0.423107 -0.331371 -0.843311
vn -0.188884 -0.312798 -0.930849
vn 0.047907 -0.300083 -0.952709
vn 0.251159 -0.303261 -0.919213
vn 0.416157 -0.320084 -0.851093
vn 0.563654 -0.337321 -0.753995
vn 0.710013 -0.342129 -0.615491
vn 0.843311 -0.331371 -0.423107
vn 0.930849 -0.312798 -0.188884
vn 0.747852 0.663648 0.016986
vn 0.730132 0.661182 0.172469
vn 0.693869 0.651462 0.306827
vn 0.630353 0.641594 0.437050
vn 0.520133 0.639421 0.566217
vn 0.357664 0.646593 0.673791
vn 0.166354 0.657313 0.735027
vn -0.016986 0.663648 0.747852
vn -0.172469 0.661182 0.730132
vn -0.306827 0.651462 0.693869
vn -0.437050 0.641594 0.630353
vn -0.566217 0.639421 0.520133
vn -0.673791 0.646593 0.357664
vn -0.735027 0.657313 0.166354
vn -0.747852 0.663648 -0.016986
vn -0.730132 0.661182 -0.172469
vn -0.693869 0.651462 -0.306827
vn -0.630353 0.641594 -0.437050
vn -0.520133 0.639421 -0.566217
vn -0.357664 0.646593 -0.673791
vn -0.166354 0.657313 -0.735027
vn 0.016986 0.663648 -0.747852
vn 0.172469 0.661182 -0.730132
vn 0.306827 0.651462 -0.693869
vn 0.437050 0.641594 -0.630353
vn 0.566217 0.639421 -0.520133
vn 0.673791 0.646593 -0.357664
vn 0.735027 0.657313 -0.166354
vn 0.118348 0.992971 0.001224
vn 0.116962 0.992834 0.024518
vn 0.110976 0.992788 0.045342
vn 0.099247 0.992873 0.065985
vn 0.080127 0.993041 0.086309
vn 0.054384 0.993155 0.103373
vn 0.025786 0.993117 0.114256
vn -0.001224 0.992971 0.118348
vn -0.024518 0.992834 0.116962
vn -0.045342 0.992788 0.110976
vn -0.065985 0.992873 0.099247
vn -0.086309 0.993041 0.080127
vn -0.103373 0.993155 0.054384
vn -0.114256 0.993117 0.025786
vn -0.118348 0.992971 -0.001224
vn -0.116962 0.992834 -0.024518
vn -0.110976 0.992788 -0.045342
vn -0.099247 0.992873 -0.065985
vn -0.080127 0.993041 -0.086309
vn -0.054384 0.993155 -0.103373
vn -0.025786 0.993117 -0.114256
vn 0.001224 0.992971 -0.118348
vn 0.024518 0.992834 -0.116962
vn 0.045342 0.992788 -0.110976
vn 0.065985 0.992873 -0.099247
vn 0.086309 0.993041 -0.080127
vn 0.103373 0.993155 -0.054384
vn 0.114256 0.993117 -0.025786
vn -0.000000 -1.000000 -0.000000
vn -0.000000 1.000000 -0.000000
vn -0.705209 -0.708621 0.023152
vn 0.705209 -0.708621 0.023152
vn 0.705209 0.708621 -0.023152
vn -0.705209 0.708621 -0.023152
vn -0.696175 -0.708621 -0.114872
vn 0.687142 -0.708621 0.160287
vn 0.696175 0.708621 0.114872
vn -0.687142 0.708621 -0.160287
vn -0.660388 -0.708621 -0.248482
vn 0.642668 -0.708621 0.291262
vn 0.660388 0.708621 0.248482
vn -0.642668 0.708621 -0.291262
vn -0.599223 -0.708621 -0.372543
vn 0.573497 -0.708621 0.411044
vn 0.599223 0.708621 0.372543
vn -0.573497 0.708621 -0.411044
vn -0.515029 -0.708621 -0.482287
vn 0.482287 -0.708621 0.515029
vn 0.515029 0.708621 0.482287
vn -0.482287 0.708621 -0.515029
vn -0.411044 -0.708621 -0.573497
vn 0.372543 -0.708621 0.599223
vn 0.411044 0.708621 0.573497
vn -0.372543 0.708621 -0.599223
vn -0.291262 -0.708621 -0.642668
vn 0.248482 -0.708621 0.660388
vn 0.291262 0.708621 0.642668
vn -0.248482 0.708621 -0.660388
vn -0.160287 -0.708621 -0.687142
vn 0.114872 -0.708621 0.696175
vn 0.160287 0.708621 0.687142
vn -0.114872 0.708621 -0.696175
vn -0.023152 -0.708621 -0.705209
vn -0.023152 -0.708621 0.705209
vn 0.023152 0.708621 0.705209
vn 0.023152 0.708621 -0.705209
vn 0.114872 -0.708621 -0.696175
vn -0.160287 -0.708621 0.687142
vn -0.114872 0.708621 0.696175
vn 0.160287 0.708621 -0.687142
vn 0.248482 -0.708621 -0.660388
vn -0.291262 -0.708621 0.642668
vn -0.248482 0.708621 0.660388
vn 0.291262 0.708621 -0.642668
vn 0.372543 -0.708621 -0.599223
vn -0.411044 -0.708621 0.573497
vn -0.372543 0.708621 0.599223
vn 0.411044 0.708621 -0.573497
vn 0.482287 -0.708621 -0.515029
vn -0.515029 -0.708621 0.482287
vn -0.482287 0.708621 0.515029
vn 0.515029 0.708621 -0.482287
vn 0.573497 -0.708621 -0.411044
vn -0.599223 -0.708621 0.372543
vn -0.573497 0.708621 0.411044
vn 0.599223 0.708621 -0.372543
vn 0.642668 -0.708621 -0.291262
vn -0.660388 -0.708621 0.248482
vn -0.642668 0.708621 0.291262
vn 0.660388 0.708621 -0.248482
vn 0.687142 -0.708621 -0.160287
vn -0.696175 -0.708621 0.114872
vn -0.687142 0.708621 0.160287
vn 0.696175 0.708621 -0.114872
vn 0.705209 -0.708621 -0.023152
vn -0.705209 -0.708621 -0.023152
vn -0.705209 0.708621 0.023152
vn 0.705209 0.708621 0.023152
vn 0.696175 -0.708621 0.114872
vn -0.687142 -0.708621 -0.160287
vn -0.696175 0.708621 -0.114872
vn 0.687142 0.708621 0.160287
vn 0.660388 -0.708621 0.248482
vn -0.642668 -0.708621 -0.291262
vn -0.660388 0.708621 -0.248482
vn 0.642668 0.708621 0.291262
vn 0.599223 -0.708621 0.372543
vn -0.573497 -0.708621 -0.411044
vn -0.599223 0.708621 -0.372543
vn 0.573497 0.708621 0.411044
vn 0.515029 -0.708621 0.482287
vn -0.482287 -0.708621 -0.515029
vn -0.515029 0.708621 -0.482287
vn 0.482287 0.708621 0.515029
vn 0.411044 -0.708621 0.573497
vn -0.372543 -0.708621 -0.599223
vn -0.411044 0.708621 -0.573497
vn 0.372543 0.708621 0.599223
vn 0.291262 -0.708621 0.642668
vn -0.248482 -0.708621 -0.660388
vn -0.291262 0.708621 -0.642668
vn 0.248482 0.708621 0.660388
vn 0.160287 -0.708621 0.687142
vn -0.114872 -0.708621 -0.696175
vn -0.160287 0.708621 -0.687142
vn 0.114872 0.708621 0.696175
vn 0.023152 -0.708621 0.705209
vn 0.023152 -0.708621 -0.705209
vn -0.023152 0.708621 -0.705209
vn -0.023152 0.708621 0.705209
vn -0.114872 -0.708621 0.696175
vn 0.160287 -0.708621 -0.687142
vn 0.114872 0.708621 -0.696175
vn -0.160287 0.708621 0.687142
vn -0.248482 -0.708621 0.660388
vn 0.291262 -0.708621 -0.642668
vn 0.248482 0.708621 -0.660388
vn -0.291262 0.708621 0.642668
vn -0.372543 -0.708621 0.599223
vn 0.411044 -0.708621 -0.573497
vn 0.372543 0.708621 -0.599223
vn -0.411044 0.708621 0.573497
vn -0.482287 -0.708621 0.515029
vn 0.515029 -0.708621 -0.482287
vn 0.482287 0.708621 -0.515029
vn -0.515029 0.708621 0.482287
vn -0.573497 -0.708621 0.411044
vn 0.599223 -0.708621 -0.372543
vn 0.573497 0.708621 -0.411044
vn -0.599223 0.708621 0.372543
vn -0.642668 -0.708621 0.291262
vn 0.660388 -0.708621 -0.248482
vn 0.642668 0.708621 -0.291262
vn -0.660388 0.708621 0.248482
vn -0.687142 -0.708621 0.160287
vn 0.696175 -0.708621 -0.114872
vn 0.687142 0.708621 -0.160287
vn -0.696175 0.708621 0.114872
vn -0.151225 -0.988398 -0.014184
vn -0.135832 -0.984442 -0.111457
vn -0.099570 -0.976737 -0.189923
vn -0.049083 -0.969900 -0.238504
vn 0.007988 -0.967745 -0.251806
vn 0.064053 -0.971426 -0.228537
vn 0.111435 -0.978974 -0.170855
vn 0.142487 -0.986085 -0.085640
vn 0.151225 -0.988398 0.014184
vn 0.135832 -0.984442 0.111457
vn 0.099570 -0.976737 0.189923
vn 0.049083 -0.969900 0.238504
vn -0.007988 -0.967745 0.251806
vn -0.064053 -0.971426 0.228537
vn -0.111435 -0.978974 0.170855
vn -0.142487 -0.986085 0.085640
vn -0.297142 -0.954781 -0.009997
vn -0.268205 -0.942509 -0.199356
vn -0.197002 -0.916648 -0.347773
vn -0.101231 -0.893498 -0.437508
vn 0.004656 -0.884877 -0.465802
vn 0.110497 -0.894683 -0.432820
vn 0.205519 -0.918727 -0.337198
vn 0.273777 -0.944337 -0.182411
vn 0.297142 -0.954781 0.009997
vn 0.268205 -0.942509 0.199356
vn 0.197002 -0.916648 0.347773
vn 0.101231 -0.893498 0.437508
vn -0.004656 -0.884877 0.465802
vn -0.110497 -0.894683 0.432820
vn -0.205519 -0.918727 0.337198
vn -0.273777 -0.944337 0.182411
vn -0.513306 -0.858094 -0.013851
vn -0.452846 -0.828834 -0.328579
vn -0.318644 -0.771058 -0.551303
vn -0.159191 -0.724132 -0.671037
vn 0.004536 -0.707005 -0.707194
vn 0.169134 -0.724303 -0.668416
vn 0.330364 -0.772257 -0.542658
vn 0.462991 -0.830936 -0.308521
vn 0.513306 -0.858094 0.013851
vn 0.452846 -0.828834 0.328579
vn 0.318644 -0.771058 0.551303
vn 0.159191 -0.724132 0.671037
vn -0.004536 -0.707005 0.707194
vn -0.169134 -0.724303 0.668416
vn -0.330364 -0.772257 0.542658
vn -0.462991 -0.830936 0.308521
vn -0.809264 -0.587211 -0.016565
vn -0.683760 -0.549186 -0.480487
vn -0.447137 -0.477215 -0.756528
vn -0.213491 -0.425592 -0.879371
vn 0.003167 -0.406946 -0.913447
vn 0.221281 -0.421619 -0.879359
vn 0.459747 -0.470362 -0.753255
vn 0.700257 -0.543520 -0.462846
vn 0.809264 -0.587211 0.016565
vn 0.683760 -0.549186 0.480487
vn 0.447137 -0.477215 0.756528
vn 0.213491 -0.425592 0.879371
vn -0.003167 -0.406946 0.913447
vn -0.221281 -0.421619 0.879359
vn -0.459747 -0.470362 0.753255
vn -0.700257 -0.543520 0.462846
vn -1.000000 -0.000000 0.000000
vn -0.828984 -0.010115 -0.559180
vn -0.517169 -0.008075 -0.855845
vn -0.240861 -0.003738 -0.970553
vn 0.000000 -0.000000 -1.000000
vn 0.240861 0.003738 -0.970553
vn 0.517169 0.008075 -0.855845
vn 0.828984 0.010115 -0.559180
vn 1.000000 -0.000000 -0.000000
vn 0.828984 -0.010115 0.559180
vn 0.517169 -0.008075 0.855845
vn 0.240861 -0.003738 0.970553
vn 0.000000 -0.000000 1.000000
vn -0.240861 0.003738 0.970553
vn -0.517169 0.008075 0.855845
vn -0.828984 0.010115 0.559180
vn -0.809264 0.587211 0.016565
vn -0.700257 0.543520 -0.462846
vn -0.459747 0.470362 -0.753255
vn -0.221281 0.421619 -0.879359
vn -0.003167 0.406946 -0.913447
vn 0.213491 0.425592 -0.879371
vn 0.447137 0.477215 -0.756528
vn 0.683760 0.549186 -0.480487
vn 0.809264 0.587211 -0.016565
vn 0.700257 0.543520 0.462846
vn 0.459747 0.470362 0.753255
vn 0.221281 0.421619 0.879359
vn 0.003167 0.406946 0.913447
vn -0.213491 0.425592 0.879371
vn -0.447137 0.477215 0.756528
vn -0.683760 0.549186 0.480487
vn -0.513306 0.858094 0.013851
vn -0.462991 0.830936 -0.308521
vn -0.330364 0.772257 -0.542658
vn -0.169134 0.724303 -0.668416
vn -0.004536 0.707005 -0.707194
vn 0.159191 0.724132 -0.671037
vn 0.318644 0.771058 -0.551303
vn 0.452846 0.828834 -0.328579
vn 0.513306 0.858094 -0.013851
vn 0.462991 0.830936 0.308521
vn 0.330364 0.772257 0.542658
vn 0.169134 0.724303 0.668416
vn 0.004536 0.707005 0.707194
vn -0.159191 0.724132 0.671037
vn -0.318644 0.771058 0.551303
vn -0.452846 0.828834 0.328579
vn -0.297142 0.954781 0.009997
vn -0.273777 0.944337 -0.182411
vn -0.205519 0.918727 -0.337198
vn -0.110497 0.894683 -0.432820
vn -0.004656 0.884877 -0.465802
vn 0.101231 0.893498 -0.437508
vn 0.197002 0.916648 -0.347773
vn 0.268205 0.942509 -0.199356
vn 0.297142 0.954781 -0.009997
vn 0.273777 0.944337 0.182411
vn 0.205519 0.918727 0.337198
vn 0.110497 0.894683 0.432820
vn 0.004656 0.884877 0.465802
vn -0.101231 0.893498 0.437508
vn -0.197002 0.916648 0.347773
vn -0.268205 0.942509 0.199356
vn -0.151225 0.988398 0.014184
vn -0.142487 0.986085 -0.085640
vn -0.111435 0.978974 -0.170855
vn -0.064053 0.971426 -0.228537
vn -0.007988 0.967745 -0.251806
vn 0.049083 0.969900 -0.238504
vn 0.099570 0.976737 -0.189923
vn 0.135832 0.984442 -0.111457
vn 0.151225 0.988398 -0.014184
vn 0.142487 0.986085 0.085640
vn 0.111435 0.978974 0.170855
vn 0.064053 0.971426 0.228537
vn 0.007988 0.967745 0.251806
vn -0.049083 0.969900 0.238504
vn -0.099570 0.976737 0.189923
vn -0.135832 0.984442 0.111457
vn 0.000000 -1.000000 -0.000000
vn 0.000000 1.000000 -0.000000
vn -0.151225 -0.988398 -0.014184
vn -0.135832 -0.984442 -0.111457
vn -0.099570 -0.976737 -0.189923
vn -0.049083 -0.969900 -0.238504
vn 0.007988 -0.967745 -0.251806
vn 0.064053 -0.971426 -0.228537
vn 0.111435 -0.978974 -0.170855
vn 0.142487 -0.986085 -0.085640
vn 0.151225 -0.988398 0.014184
vn 0.135832 -0.984442 0.111457
vn 0.099570 -0.976737 0.189923
vn 0.049083 -0.969900 0.238504
vn -0.007988 -0.967745 0.251806
vn -0.064053 -0.971426 0.228537
vn -0.111435 -0.978974 0.170855
vn -0.142487 -0.986085 0.085640
vn -0.297142 -0.954781 -0.009997
vn -0.268205 -0.942509 -0.199356
vn -0.197002 -0.916648 -0.347773
vn -0.101231 -0.893498 -0.437508
vn 0.004656 -0.884877 -0.465802
vn 0.110497 -0.894683 -0.432820
vn 0.205519 -0.918727 -0.337198
vn 0.273777 -0.944337 -0.182411
vn 0.297142 -0.954781 0.009997
vn 0.268205 -0.942509 0.199356
vn 0.197002 -0.916648 0.347773
vn 0.101231 -0.893498 0.437508
vn -0.004656 -0.884877 0.465802
vn -0.110497 -0.894683 0.432820
vn -0.205519 -0.918727 0.337198
vn -0.273777 -0.944337 0.182411
vn -0.513306 -0.858094 -0.013851
vn -0.452846 -0.828834 -0.328579
vn -0.318644 -0.771058 -0.551303
vn -0.159191 -0.724132 -0.671037
vn 0.004536 -0.707005 -0.707194
vn 0.169134 -0.724303 -0.668416
vn 0.330364 -0.772257 -0.542658
vn 0.462991 -0.830936 -0.308521
vn 0.513306 -0.858094 0.013851
vn 0.452846 -0.828834 0.328579
vn 0.318644 -0.771058 0.551303
vn 0.159191 -0.724132 0.671037
vn -0.004536 -0.707005 0.707194
vn -0.169134 -0.724303 0.668416
vn -0.330364 -0.772257 0.542658
vn -0.462991 -0.830936 0.308521
vn -0.809264 -0.587211 -0.016565
vn -0.683760 -0.549186 -0.480487
vn -0.447137 -0.477215 -0.756528
vn -0.213491 -0.425592 -0.879371
vn 0.003167 -0.406946 -0.913447
vn 0.221281 -0.421619 -0.879359
vn 0.459747 -0.470362 -0.753255
vn 0.700257 -0.543520 -0.462846
vn 0.809264 -0.587211 0.016565
vn 0.683760 -0.549186 0.480487
vn 0.447137 -0.477215 0.756528
vn 0.213491 -0.425592 0.879371
vn -0.003167 -0.406946 0.913447
vn -0.221281 -0.421619 0.879359
vn -0.459747 -0.470362 0.753255
vn -0.700257 -0.543520 0.462846
vn -1.000000 -0.000000 -0.000000
vn -0.828984 -0.010115 -0.559180
vn -0.517169 -0.008075 -0.855845
vn -0.240861 -0.003738 -0.970553
vn 0.000000 -0.000000 -1.000000
vn 0.240861 0.003738 -0.970553
vn 0.517169 0.008075 -0.855845
vn 0.828984 0.010115 -0.559180
vn 1.000000 -0.000000 -0.000000
vn 0.828984 -0.010115 0.559180
vn 0.517169 -0.008075 0.855845
vn 0.240861 -0.003738 0.970553
vn 0.000000 -0.000000 1.000000
vn -0.240861 0.003738 0.970553
vn -0.517169 0.008075 0.855845
vn -0.828984 0.010115 0.559180
vn -0.809264 0.587211 0.016565
vn -0.700257 0.543520 -0.462846
vn -0.459747 0.470362 -0.753255
vn -0.221281 0.421619 -0.879359
vn -0.003167 0.406946 -0.913447
vn 0.213491 0.425592 -0.879371
vn 0.447137 0.477215 -0.756528
vn 0.683760 0.549186 -0.480487
vn 0.809264 0.587211 -0.016565
vn 0.700257 0.543520 0.462846
vn 0.459747 0.470362 0.753255
vn 0.221281 0.421619 0.879359
vn 0.003167 0.406946 0.913447
vn -0.213491 0.425592 0.879371
vn -0.447137 0.477215 0.756528
vn -0.683760 0.549186 0.480487
vn -0.513306 0.858094 0.013851
vn -0.462991 0.830936 -0.308521
vn -0.330364 0.772257 -0.542658
vn -0.169134 0.724303 -0.668416
vn -0.004536 0.707005 -0.707194
vn 0.159191 0.724132 -0.671037
vn 0.318644 0.771058 -0.551303
vn 0.452846 0.828834 -0.328579
vn 0.513306 0.858094 -0.013851
vn 0.462991 0.830936 0.308521
vn 0.330364 0.772257 0.542658
vn 0.169134 0.724303 0.668416
vn 0.004536 0.707005 0.707194
vn -0.159191 0.724132 0.671037
vn -0.318644 0.771058 0.551303
vn -0.452846 0.828834 0.328579
vn -0.297142 0.954781 0.009997
vn -0.273777 0.944337 -0.182411
vn -0.205519 0.918727 -0.337198
vn -0.110497 0.894683 -0.432820
vn -0.004656 0.884877 -0.465802
vn 0.101231 0.893498 -0.437508
vn 0.197002 0.916648 -0.347773
vn 0.268205 0.942509 -0.199356
vn 0.297142 0.954781 -0.009997
vn 0.273777 0.944337 0.182411
vn 0.205519 0.918727 0.337198
vn 0.110497 0.894683 0.432820
vn 0.004656 0.884877 0.465802
vn -0.101231 0.893498 0.437508
vn -0.197002 0.916648 0.347773
vn -0.268205 0.942509 0.199356
vn -0.151225 0.988398 0.014184
vn -0.142487 0.986085 -0.085640
vn -0.111435 0.978974 -0.170855
vn -0.064053 0.971426 -0.228537
vn -0.007988 0.967745 -0.251806
vn 0.049083 0.969900 -0.238504
vn 0.099570 0.976737 -0.189923
vn 0.135832 0.984442 -0.111457
vn 0.151225 0.988398 -0.014184
vn 0.142487 0.986085 0.085640
vn 0.111435 0.978974 0.170855
vn 0.064053 0.971426 0.228537
vn 0.007988 0.967745 0.251806
vn -0.049083 0.969900 0.238504
vn -0.099570 0.976737 0.189923
vn -0.135832 0.984442 0.111457
vn 0.000000 -1.000000 -0.000000
vn 0.000000 1.000000 -0.000000
vn -0.236218 -0.971578 -0.015428
vn -0.212702 -0.969444 -0.122216
vn -0.156631 -0.965231 -0.209274
vn -0.077521 -0.961441 -0.263860
vn 0.012607 -0.960234 -0.278911
vn 0.101003 -0.962285 -0.252599
vn 0.174957 -0.966449 -0.188057
vn 0.222818 -0.970323 -0.093944
vn 0.236218 -0.971578 0.015428
vn 0.212702 -0.969444 0.122216
vn 0.156631 -0.965231 0.209274
vn 0.077521 -0.961441 0.263860
vn -0.012607 -0.960234 0.278911
vn -0.101003 -0.962285 0.252599
vn -0.174957 -0.966449 0.188057
vn -0.222818 -0.970323 0.093944
vn -0.441555 -0.897187 -0.009250
vn -0.402010 -0.891493 -0.208875
vn -0.299990 -0.878866 -0.370945
vn -0.156347 -0.867019 -0.473112
vn 0.006854 -0.862456 -0.506086
vn 0.169529 -0.867536 -0.467590
vn 0.311114 -0.879694 -0.359647
vn 0.408659 -0.892154 -0.192506
vn 0.441555 -0.897187 0.009250
vn 0.402010 -0.891493 0.208875
vn 0.299990 -0.878866 0.370945
vn 0.156347 -0.867019 0.473112
vn -0.006854 -0.862456 0.506086
vn -0.169529 -0.867536 0.467590
vn -0.311114 -0.879694 0.359647
vn -0.408659 -0.892154 0.192506
vn -0.683333 -0.730046 -0.009427
vn -0.618561 -0.719940 -0.314753
vn -0.455206 -0.697247 -0.553745
vn -0.235740 -0.676484 -0.697708
vn 0.006037 -0.668306 -0.743862
vn 0.247891 -0.676321 -0.693642
vn 0.466681 -0.697145 -0.544240
vn 0.626272 -0.719991 -0.298992
vn 0.683333 -0.730046 0.009427
vn 0.618561 -0.719940 0.314753
vn 0.455206 -0.697247 0.553745
vn 0.235740 -0.676484 0.697708
vn -0.006037 -0.668306 0.743862
vn -0.247891 -0.676321 0.693642
vn -0.466681 -0.697145 0.544240
vn -0.626272 -0.719991 0.298992
vn -0.903091 -0.429393 -0.006947
vn -0.811658 -0.420625 -0.405321
vn -0.586990 -0.399467 -0.704180
vn -0.300695 -0.380322 -0.874607
vn 0.003779 -0.372404 -0.928063
vn 0.308666 -0.378536 -0.872603
vn 0.595459 -0.396660 -0.698634
vn 0.818119 -0.418411 -0.394479
vn 0.903091 -0.429393 0.006947
vn 0.811658 -0.420625 0.405321
vn 0.586990 -0.399467 0.704180
vn 0.300695 -0.380322 0.874607
vn -0.003779 -0.372404 0.928063
vn -0.308666 -0.378536 0.872603
vn -0.595459 -0.396660 0.698634
vn -0.818119 -0.418411 0.394479
vn -1.000000 -0.000000 0.000000
vn -0.898093 -0.002024 -0.439800
vn -0.645146 -0.002374 -0.764056
vn -0.329730 -0.001419 -0.944074
vn 0.000000 -0.000000 -1.000000
vn 0.329730 0.001419 -0.944074
vn 0.645146 0.002374 -0.764056
vn 0.898093 0.002024 -0.439800
vn 1.000000 -0.000000 -0.000000
vn 0.898093 -0.002024 0.439800
vn 0.645146 -0.002374 0.764056
vn 0.329730 -0.001419 0.944074
vn 0.000000 -0.000000 1.000000
vn -0.329730 0.001419 0.944074
vn -0.645146 0.002374 0.764056
vn -0.898093 0.002024 0.439800
vn -0.903091 0.429393 0.006947
vn -0.818119 0.418411 -0.394479
vn -0.595459 0.396660 -0.698634
vn -0.308666 0.378536 -0.872603
vn -0.003779 0.372404 -0.928063
vn 0.300695 0.380322 -0.874607
vn 0.586990 0.399467 -0.704180
vn 0.811658 0.420625 -0.405321
vn 0.903091 0.429393 -0.006947
vn 0.818119 0.418411 0.394479
vn 0.595459 0.396660 0.698634
vn 0.308666 0.378536 0.872603
vn 0.003779 0.372404 0.928063
vn -0.300695 0.380322 0.874607
vn -0.586990 0.399467 0.704180
vn -0.811658 0.420625 0.405321
vn -0.683333 0.730046 0.009427
vn -0.626272 0.719991 -0.298992
vn -0.466681 0.697145 -0.544240
vn -0.247891 0.676321 -0.693642
vn -0.006037 0.668306 -0.743862
vn 0.235740 0.676484 -0.697708
vn 0.455206 0.697247 -0.553745
vn 0.618561 0.719940 -0.314753
vn 0.683333 0.730046 -0.009427
vn 0.626272 0.719991 0.298992
vn 0.466681 0.697145 0.544240
vn 0.247891 0.676321 0.693642
vn 0.006037 0.668306 0.743862
vn -0.235740 0.676484 0.697708
vn -0.455206 0.697247 0.553745
vn -0.618561 0.719940 0.314753
vn -0.441555 0.897187 0.009250
vn -0.408659 0.892154 -0.192506
vn -0.311114 0.879694 -0.359647
vn -0.169529 0.867536 -0.467590
vn -0.006854 0.862456 -0.506086
vn 0.156347 0.867019 -0.473112
vn 0.299990 0.878866 -0.370945
vn 0.402010 0.891493 -0.208875
vn 0.441555 0.897187 -0.009250
vn 0.408659 0.892154 0.192506
vn 0.311114 0.879694 0.359647
vn 0.169529 0.867536 0.467590
vn 0.006854 0.862456 0.506086
vn -0.156347 0.867019 0.473112
vn -0.299990 0.878866 0.370945
vn -0.402010 0.891493 0.208875
vn -0.236218 0.971578 0.015428
vn -0.222818 0.970323 -0.093944
vn -0.174957 0.966449 -0.188057
vn -0.101003 0.962285 -0.252599
vn -0.012607 0.960234 -0.278911
vn 0.077521 0.961441 -0.263860
vn 0.156631 0.965231 -0.209274
vn 0.212702 0.969444 -0.122216
vn 0.236218 0.971578 -0.015428
vn 0.222818 0.970323 0.093944
vn 0.174957 0.966449 0.188057
vn 0.101003 0.962285 0.252599
vn 0.012607 0.960234 0.278911
vn -0.077521 0.961441 0.263860
vn -0.156631 0.965231 0.209274
vn -0.212702 0.969444 0.122216
vn 0.000000 -1.000000 -0.000000
vn 0.000000 1.000000 0.000000
g candy_bag
usemtl BagMat
f 30/30/30 2/2/2 1/1/1
f 29/29/29 30/30/30 1/1/1
f 31/31/31 3/3/3 2/2/2
f 30/30/30 31/31/31 2/2/2
f 32/32/32 4/4/4 3/3/3
f 31/31/31 32/32/32 3/3/3
f 33/33/33 5/5/5 4/4/4
f 32/32/32 33/33/33 4/4/4
f 34/34/34 6/6/6 5/5/5
f 33/33/33 34/34/34 5/5/5
f 35/35/35 7/7/7 6/6/6
f 34/34/34 35/35/35 6/6/6
f 36/36/36 8/8/8 7/7/7
f 35/35/35 36/36/36 7/7/7
f 37/37/37 9/9/9 8/8/8
f 36/36/36 37/37/37 8/8/8
f 38/38/38 10/10/10 9/9/9
f 37/37/37 38/38/38 9/9/9
f 39/39/39 11/11/11 10/10/10
f 38/38/38 39/39/39 10/10/10
f 40/40/40 12/12/12 11/11/11
f 39/39/39 40/40/40 11/11/11
f 41/41/41 13/13/13 12/12/12
f 40/40/40 41/41/41 12/12/12
f 42/42/42 14/14/14 13/13/13
f 41/41/41 42/42/42 13/13/13
f 43/43/43 15/15/15 14/14/14
f 42/42/42 43/43/43 14/14/14
f 44/44/44 16/16/16 15/15/15
f 43/43/43 44/44/44 15/15/15
f 45/45/45 17/17/17 16/16/16
f 44/44/44 45/45/45 16/16/16
f 46/46/46 18/18/18 17/17/17
f 45/45/45 46/46/46 17/17/17
f 47/47/47 19/19/19 18/18/18
f 46/46/46 47/47/47 18/18/18
f 48/48/48 20/20/20 19/19/19
f 47/47/47 48/48/48 19/19/19
f 49/49/49 21/21/21 20/20/20
f 48/48/48 49/49/49 20/20/20
f 50/50/50 22/22/22 21/21/21
f 49/49/49 50/50/50 21/21/21
f 51/51/51 23/23/23 22/22/22
f 50/50/50 51/51/51 22/22/22
f 52/52/52 24/24/24 23/23/23
f 51/51/51 52/52/52 23/23/23
f 53/53/53 25/25/25 24/24/24
f 52/52/52 53/53/53 24/24/24
f 54/54/54 26/26/26 25/25/25
f 53/53/53 54/54/54 25/25/25
f 55/55/55 27/27/27 26/26/26
f 54/54/54 55/55/55 26/26/26
f 56/56/56 28/28/28 27/27/27
f 55/55/55 56/56/56 27/27/27
f 29/1242/29 1/1241/1 28/28/28
f 56/56/56 29/1242/29 28/28/28
f 58/58/58 30/30/30 29/29/29
f 57/57/57 58/58/58 29/29/29
f 59/59/59 31/31/31 30/30/30
f 58/58/58 59/59/59 30/30/30
f 60/60/60 32/32/32 31/31/31
f 59/59/59 60/60/60 31/31/31
f 61/61/61 33/33/33 32/32/32
f 60/60/60 61/61/61 32/32/32
f 62/62/62 34/34/34 33/33/33
f 61/61/61 62/62/62 33/33/33
f 63/63/63 35/35/35 34/34/34
f 62/62/62 63/63/63 34/34/34
f 64/64/64 36/36/36 35/35/35
f 63/63/63 64/64/64 35/35/35
f 65/65/65 37/37/37 36/36/36
f 64/64/64 65/65/65 36/36/36
f 66/66/66 38/38/38 37/37/37
f 65/65/65 66/66/66 37/37/37
f 67/67/67 39/39/39 38/38/38
f 66/66/66 67/67/67 38/38/38
f 68/68/68 40/40/40 39/39/39
f 67/67/67 68/68/68 39/39/39
f 69/69/69 41/41/41 40/40/40
f 68/68/68 69/69/69 40/40/40
f 70/70/70 42/42/42 41/41/41
f 69/69/69 70/70/70 41/41/41
f 71/71/71 43/43/43 42/42/42
f 70/70/70 71/71/71 42/42/42
f 72/72/72 44/44/44 43/43/43
f 71/71/71 72/72/72 43/43/43
f 73/73/73 45/45/45 44/44/44
f 72/72/72 73/73/73 44/44/44
f 74/74/74 46/46/46 45/45/45
f 73/73/73 74/74/74 45/45/45
f 75/75/75 47/47/47 46/46/46
f 74/74/74 75/75/75 46/46/46
f 76/76/76 48/48/48 47/47/47
f 75/75/75 76/76/76 47/47/47
f 77/77/77 49/49/49 48/48/48
f 76/76/76 77/77/77 48/48/48
f 78/78/78 50/50/50 49/49/49
f 77/77/77 78/78/78 49/49/49
f 79/79/79 51/51/51 50/50/50
f 78/78/78 79/79/79 50/50/50
f 80/80/80 52/52/52 51/51/51
f 79/79/79 80/80/80 51/51/51
f 81/81/81 53/53/53 52/52/52
f 80/80/80 81/81/81 52/52/52
f 82/82/82 54/54/54 53/53/53
f 81/81/81 82/82/82 53/53/53
f 83/83/83 55/55/55 54/54/54
f 82/82/82 83/83/83 54/54/54
f 84/84/84 56/56/56 55/55/55
f 83/83/83 84/84/84 55/55/55
f 57/1243/57 29/1242/29 56/56/56
f 84/84/84 57/1243/57 56/56/56
f 86/86/86 58/58/58 57/57/57
f 85/85/85 86/86/86 57/57/57
f 87/87/87 59/59/59 58/58/58
f 86/86/86 87/87/87 58/58/58
f 88/88/88 60/60/60 59/59/59
f 87/87/87 88/88/88 59/59/59
f 89/89/89 61/61/61 60/60/60
f 88/88/88 89/89/89 60/60/60
f 90/90/90 62/62/62 61/61/61
f 89/89/89 90/90/90 61/61/61
f 91/91/91 63/63/63 62/62/62
f 90/90/90 91/91/91 62/62/62
f 92/92/92 64/64/64 63/63/63
f 91/91/91 92/92/92 63/63/63
f 93/93/93 65/65/65 64/64/64
f 92/92/92 93/93/93 64/64/64
f 94/94/94 66/66/66 65/65/65
f 93/93/93 94/94/94 65/65/65
f 95/95/95 67/67/67 66/66/66
f 94/94/94 95/95/95 66/66/66
f 96/96/96 68/68/68 67/67/67
f 95/95/95 96/96/96 67/67/67
f 97/97/97 69/69/69 68/68/68
f 96/96/96 97/97/97 68/68/68
f 98/98/98 70/70/70 69/69/69
f 97/97/97 98/98/98 69/69/69
f 99/99/99 71/71/71 70/70/70
f 98/98/98 99/99/99 70/70/70
f 100/100/100 72/72/72 71/71/71
f 99/99/99 100/100/100 71/71/71
f 101/101/101 73/73/73 72/72/72
f 100/100/100 101/101/101 72/72/72
f 102/102/102 74/74/74 73/73/73
f 101/101/101 102/102/102 73/73/73
f 103/103/103 75/75/75 74/74/74
f 102/102/102 103/103/103 74/74/74
f 104/104/104 76/76/76 75/75/75
f 103/103/103 104/104/104 75/75/75
f 105/105/105 77/77/77 76/76/76
f 104/104/104 105/105/105 76/76/76
f 106/106/106 78/78/78 77/77/77
f 105/105/105 106/106/106 77/77/77
f 107/107/107 79/79/79 78/78/78
f 106/106/106 107/107/107 78/78/78
f 108/108/108 80/80/80 79/79/79
f 107/107/107 108/108/108 79/79/79
f 109/109/109 81/81/81 80/80/80
f 108/108/108 109/109/109 80/80/80
f 110/110/110 82/82/82 81/81/81
f 109/109/109 110/110/110 81/81/81
f 111/111/111 83/83/83 82/82/82
f 110/110/110 111/111/111 82/82/82
f 112/112/112 84/84/84 83/83/83
f 111/111/111 112/112/112 83/83/83
f 85/1244/85 57/1243/57 84/84/84
f 112/112/112 85/1244/85 84/84/84
f 114/114/114 86/86/86 85/85/85
f 113/113/113 114/114/114 85/85/85
f 115/115/115 87/87/87 86/86/86
f 114/114/114 115/115/115 86/86/86
f 116/116/116 88/88/88 87/87/87
f 115/115/115 116/116/116 87/87/87
f 117/117/117 89/89/89 88/88/88
f 116/116/116 117/117/117 88/88/88
f 118/118/118 90/90/90 89/89/89
f 117/117/117 118/118/118 89/89/89
f 119/119/119 91/91/91 90/90/90
f 118/118/118 119/119/119 90/90/90
f 120/120/120 92/92/92 91/91/91
f 119/119/119 120/120/120 91/91/91
f 121/121/121 93/93/93 92/92/92
f 120/120/120 121/121/121 92/92/92
f 122/122/122 94/94/94 93/93/93
f 121/121/121 122/122/122 93/93/93
f 123/123/123 95/95/95 94/94/94
f 122/122/122 123/123/123 94/94/94
f 124/124/124 96/96/96 95/95/95
f 123/123/123 124/124/124 95/95/95
f 125/125/125 97/97/97 96/96/96
f 124/124/124 125/125/125 96/96/96
f 126/126/126 98/98/98 97/97/97
f 125/125/125 126/126/126 97/97/97
f 127/127/127 99/99/99 98/98/98
f 126/126/126 127/127/127 98/98/98
f 128/128/128 100/100/100 99/99/99
f 127/127/127 128/128/128 99/99/99
f 129/129/129 101/101/101 100/100/100
f 128/128/128 129/129/129 100/100/100
f 130/130/130 102/102/102 101/101/101
f 129/129/129 130/130/130 101/101/101
f 131/131/131 103/103/103 102/102/102
f 130/130/130 131/131/131 102/102/102
f 132/132/132 104/104/104 103/103/103
f 131/131/131 132/132/132 103/103/103
f 133/133/133 105/105/105 104/104/104
f 132/132/132 133/133/133 104/104/104
f 134/134/134 106/106/106 105/105/105
f 133/133/133 134/134/134 105/105/105
f 135/135/135 107/107/107 106/106/106
f 134/134/134 135/135/135 106/106/106
f 136/136/136 108/108/108 107/107/107
f 135/135/135 136/136/136 107/107/107
f 137/137/137 109/109/109 108/108/108
f 136/136/136 137/137/137 108/108/108
f 138/138/138 110/110/110 109/109/109
f 137/137/137 138/138/138 109/109/109
f 139/139/139 111/111/111 110/110/110
f 138/138/138 139/139/139 110/110/110
f 140/140/140 112/112/112 111/111/111
f 139/139/139 140/140/140 111/111/111
f 113/1245/113 85/1244/85 112/112/112
f 140/140/140 113/1245/113 112/112/112
f 142/142/142 114/114/114 113/113/113
f 141/141/141 142/142/142 113/113/113
f 143/143/143 115/115/115 114/114/114
f 142/142/142 143/143/143 114/114/114
f 144/144/144 116/116/116 115/115/115
f 143/143/143 144/144/144 115/115/115
f 145/145/145 117/117/117 116/116/116
f 144/144/144 145/145/145 116/116/116
f 146/146/146 118/118/118 117/117/117
f 145/145/145 146/146/146 117/117/117
f 147/147/147 119/119/119 118/118/118
f 146/146/146 147/147/147 118/118/118
f 148/148/148 120/120/120 119/119/119
f 147/147/147 148/148/148 119/119/119
f 149/149/149 121/121/121 120/120/120
f 148/148/148 149/149/149 120/120/120
f 150/150/150 122/122/122 121/121/121
f 149/149/149 150/150/150 121/121/121
f 151/151/151 123/123/123 122/122/122
f 150/150/150 151/151/151 122/122/122
f 152/152/152 124/124/124 123/123/123
f 151/151/151 152/152/152 123/123/123
f 153/153/153 125/125/125 124/124/124
f 152/152/152 153/153/153 124/124/124
f 154/154/154 126/126/126 125/125/125
f 153/153/153 154/154/154 125/125/125
f 155/155/155 127/127/127 126/126/126
f 154/154/154 155/155/155 126/126/126
f 156/156/156 128/128/128 127/127/127
f 155/155/155 156/156/156 127/127/127
f 157/157/157 129/129/129 128/128/128
f 156/156/156 157/157/157 128/128/128
f 158/158/158 130/130/130 129/129/129
f 157/157/157 158/158/158 129/129/129
f 159/159/159 131/131/131 130/130/130
f 158/158/158 159/159/159 130/130/130
f 160/160/160 132/132/132 131/131/131
f 159/159/159 160/160/160 131/131/131
f 161/161/161 133/133/133 132/132/132
f 160/160/160 161/161/161 132/132/132
f 162/162/162 134/134/134 133/133/133
f 161/161/161 162/162/162 133/133/133
f 163/163/163 135/135/135 134/134/134
f 162/162/162 163/163/163 134/134/134
f 164/164/164 136/136/136 135/135/135
f 163/163/163 164/164/164 135/135/135
f 165/165/165 137/137/137 136/136/136
f 164/164/164 165/165/165 136/136/136
f 166/166/166 138/138/138 137/137/137
f 165/165/165 166/166/166 137/137/137
f 167/167/167 139/139/139 138/138/138
f 166/166/166 167/167/167 138/138/138
f 168/168/168 140/140/140 139/139/139
f 167/167/167 168/168/168 139/139/139
f 141/1246/141 113/1245/113 140/140/140
f 168/168/168 141/1246/141 140/140/140
f 170/170/170 142/142/142 141/141/141
f 169/169/169 170/170/170 141/141/141
f 171/171/171 143/143/143 142/142/142
f 170/170/170 171/171/171 142/142/142
f 172/172/172 144/144/144 143/143/143
f 171/171/171 172/172/172 143/143/143
f 173/173/173 145/145/145 144/144/144
f 172/172/172 173/173/173 144/144/144
f 174/174/174 146/146/146 145/145/145
f 173/173/173 174/174/174 145/145/145
f 175/175/175 147/147/147 146/146/146
f 174/174/174 175/175/175 146/146/146
f 176/176/176 148/148/148 147/147/147
f 175/175/175 176/176/176 147/147/147
f 177/177/177 149/149/149 148/148/148
f 176/176/176 177/177/177 148/148/148
f 178/178/178 150/150/150 149/149/149
f 177/177/177 178/178/178 149/149/149
f 179/179/179 151/151/151 150/150/150
f 178/178/178 179/179/179 150/150/150
f 180/180/180 152/152/152 151/151/151
f 179/179/179 180/180/180 151/151/151
f 181/181/181 153/153/153 152/152/152
f 180/180/180 181/181/181 152/152/152
f 182/182/182 154/154/154 153/153/153
f 181/181/181 182/182/182 153/153/153
f 183/183/183 155/155/155 154/154/154
f 182/182/182 183/183/183 154/154/154
f 184/184/184 156/156/156 155/155/155
f 183/183/183 184/184/184 155/155/155
f 185/185/185 157/157/157 156/156/156
f 184/184/184 185/185/185 156/156/156
f 186/186/186 158/158/158 157/157/157
f 185/185/185 186/186/186 157/157/157
f 187/187/187 159/159/159 158/158/158
f 186/186/186 187/187/187 158/158/158
f 188/188/188 160/160/160 159/159/159
f 187/187/187 188/188/188 159/159/159
f 189/189/189 161/161/161 160/160/160
f 188/188/188 189/189/189 160/160/160
f 190/190/190 162/162/162 161/161/161
f 189/189/189 190/190/190 161/161/161
f 191/191/191 163/163/163 162/162/162
f 190/190/190 191/191/191 162/162/162
f 192/192/192 164/164/164 163/163/163
f 191/191/191 192/192/192 163/163/163
f 193/193/193 165/165/165 164/164/164
f 192/192/192 193/193/193 164/164/164
f 194/194/194 166/166/166 165/165/165
f 193/193/193 194/194/194 165/165/165
f 195/195/195 167/167/167 166/166/166
f 194/194/194 195/195/195 166/166/166
f 196/196/196 168/168/168 167/167/167
f 195/195/195 196/196/196 167/167/167
f 169/1247/169 141/1246/141 168/168/168
f 196/196/196 169/1247/169 168/168/168
f 198/198/198 170/170/170 169/169/169
f 197/197/197 198/198/198 169/169/169
f 199/199/199 171/171/171 170/170/170
f 198/198/198 199/199/199 170/170/170
f 200/200/200 172/172/172 171/171/171
f 199/199/199 200/200/200 171/171/171
f 201/201/201 173/173/173 172/172/172
f 200/200/200 201/201/201 172/172/172
f 202/202/202 174/174/174 173/173/173
f 201/201/201 202/202/202 173/173/173
f 203/203/203 175/175/175 174/174/174
f 202/202/202 203/203/203 174/174/174
f 204/204/204 176/176/176 175/175/175
f 203/203/203 204/204/204 175/175/175
f 205/205/205 177/177/177 176/176/176
f 204/204/204 205/205/205 176/176/176
f 206/206/206 178/178/178 177/177/177
f 205/205/205 206/206/206 177/177/177
f 207/207/207 179/179/179 178/178/178
f 206/206/206 207/207/207 178/178/178
f 208/208/208 180/180/180 179/179/179
f 207/207/207 208/208/208 179/179/179
f 209/209/209 181/181/181 180/180/180
f 208/208/208 209/209/209 180/180/180
f 210/210/210 182/182/182 181/181/181
f 209/209/209 210/210/210 181/181/181
f 211/211/211 183/183/183 182/182/182
f 210/210/210 211/211/211 182/182/182
f 212/212/212 184/184/184 183/183/183
f 211/211/211 212/212/212 183/183/183
f 213/213/213 185/185/185 184/184/184
f 212/212/212 213/213/213 184/184/184
f 214/214/214 186/186/186 185/185/185
f 213/213/213 214/214/214 185/185/185
f 215/215/215 187/187/187 186/186/186
f 214/214/214 215/215/215 186/186/186
f 216/216/216 188/188/188 187/187/187
f 215/215/215 216/216/216 187/187/187
f 217/217/217 189/189/189 188/188/188
f 216/216/216 217/217/217 188/188/188
f 218/218/218 190/190/190 189/189/189
f 217/217/217 218/218/218 189/189/189
f 219/219/219 191/191/191 190/190/190
f 218/218/218 219/219/219 190/190/190
f 220/220/220 192/192/192 191/191/191
f 219/219/219 220/220/220 191/191/191
f 221/221/221 193/193/193 192/192/192
f 220/220/220 221/221/221 192/192/192
f 222/222/222 194/194/194 193/193/193
f 221/221/221 222/222/222 193/193/193
f 223/223/223 195/195/195 194/194/194
f 222/222/222 223/223/223 194/194/194
f 224/224/224 196/196/196 195/195/195
f 223/223/223 224/224/224 195/195/195
f 197/1248/197 169/1247/169 196/196/196
f 224/224/224 197/1248/197 196/196/196
f 226/226/226 198/198/198 197/197/197
f 225/225/225 226/226/226 197/197/197
f 227/227/227 199/199/199 198/198/198
f 226/226/226 227/227/227 198/198/198
f 228/228/228 200/200/200 199/199/199
f 227/227/227 228/228/228 199/199/199
f 229/229/229 201/201/201 200/200/200
f 228/228/228 229/229/229 200/200/200
f 230/230/230 202/202/202 201/201/201
f 229/229/229 230/230/230 201/201/201
f 231/231/231 203/203/203 202/202/202
f 230/230/230 231/231/231 202/202/202
f 232/232/232 204/204/204 203/203/203
f 231/231/231 232/232/232 203/203/203
f 233/233/233 205/205/205 204/204/204
f 232/232/232 233/233/233 204/204/204
f 234/234/234 206/206/206 205/205/205
f 233/233/233 234/234/234 205/205/205
f 235/235/235 207/207/207 206/206/206
f 234/234/234 235/235/235 206/206/206
f 236/236/236 208/208/208 207/207/207
f 235/235/235 236/236/236 207/207/207
f 237/237/237 209/209/209 208/208/208
f 236/236/236 237/237/237 208/208/208
f 238/238/238 210/210/210 209/209/209
f 237/237/237 238/238/238 209/209/209
f 239/239/239 211/211/211 210/210/210
f 238/238/238 239/239/239 210/210/210
f 240/240/240 212/212/212 211/211/211
f 239/239/239 240/240/240 211/211/211
f 241/241/241 213/213/213 212/212/212
f 240/240/240 241/241/241 212/212/212
f 242/242/242 214/214/214 213/213/213
f 241/241/241 242/242/242 213/213/213
f 243/243/243 215/215/215 214/214/214
f 242/242/242 243/243/243 214/214/214
f 244/244/244 216/216/216 215/215/215
f 243/243/243 244/244/244 215/215/215
f 245/245/245 217/217/217 216/216/216
f 244/244/244 245/245/245 216/216/216
f 246/246/246 218/218/218 217/217/217
f 245/245/245 246/246/246 217/217/217
f 247/247/247 219/219/219 218/218/218
f 246/246/246 247/247/247 218/218/218
f 248/248/248 220/220/220 219/219/219
f 247/247/247 248/248/248 219/219/219
f 249/249/249 221/221/221 220/220/220
f 248/248/248 249/249/249 220/220/220
f 250/250/250 222/222/222 221/221/221
f 249/249/249 250/250/250 221/221/221
f 251/251/251 223/223/223 222/222/222
f 250/250/250 251/251/251 222/222/222
f 252/252/252 224/224/224 223/223/223
f 251/251/251 252/252/252 223/223/223
f 225/1249/225 197/1248/197 224/224/224
f 252/252/252 225/1249/225 224/224/224
f 254/254/254 226/226/226 225/225/225
f 253/253/253 254/254/254 225/225/225
f 255/255/255 227/227/227 226/226/226
f 254/254/254 255/255/255 226/226/226
f 256/256/256 228/228/228 227/227/227
f 255/255/255 256/256/256 227/227/227
f 257/257/257 229/229/229 228/228/228
f 256/256/256 257/257/257 228/228/228
f 258/258/258 230/230/230 229/229/229
f 257/257/257 258/258/258 229/229/229
f 259/259/259 231/231/231 230/230/230
f 258/258/258 259/259/259 230/230/230
f 260/260/260 232/232/232 231/231/231
f 259/259/259 260/260/260 231/231/231
f 261/261/261 233/233/233 232/232/232
f 260/260/260 261/261/261 232/232/232
f 262/262/262 234/234/234 233/233/233
f 261/261/261 262/262/262 233/233/233
f 263/263/263 235/235/235 234/234/234
f 262/262/262 263/263/263 234/234/234
f 264/264/264 236/236/236 235/235/235
f 263/263/263 264/264/264 235/235/235
f 265/265/265 237/237/237 236/236/236
f 264/264/264 265/265/265 236/236/236
f 266/266/266 238/238/238 237/237/237
f 265/265/265 266/266/266 237/237/237
f 267/267/267 239/239/239 238/238/238
f 266/266/266 267/267/267 238/238/238
f 268/268/268 240/240/240 239/239/239
f 267/267/267 268/268/268 239/239/239
f 269/269/269 241/241/241 240/240/240
f 268/268/268 269/269/269 240/240/240
f 270/270/270 242/242/242 241/241/241
f 269/269/269 270/270/270 241/241/241
f 271/271/271 243/243/243 242/242/242
f 270/270/270 271/271/271 242/242/242
f 272/272/272 244/244/244 243/243/243
f 271/271/271 272/272/272 243/243/243
f 273/273/273 245/245/245 244/244/244
f 272/272/272 273/273/273 244/244/244
f 274/274/274 246/246/246 245/245/245
f 273/273/273 274/274/274 245/245/245
f 275/275/275 247/247/247 246/246/246
f 274/274/274 275/275/275 246/246/246
f 276/276/276 248/248/248 247/247/247
f 275/275/275 276/276/276 247/247/247
f 277/277/277 249/249/249 248/248/248
f 276/276/276 277/277/277 248/248/248
f 278/278/278 250/250/250 249/249/249
f 277/277/277 278/278/278 249/249/249
f 279/279/279 251/251/251 250/250/250
f 278/278/278 279/279/279 250/250/250
f 280/280/280 252/252/252 251/251/251
f 279/279/279 280/280/280 251/251/251
f 253/1250/253 225/1249/225 252/252/252
f 280/280/280 253/1250/253 252/252/252
f 282/282/282 254/254/254 253/253/253
f 281/281/281 282/282/282 253/253/253
f 283/283/283 255/255/255 254/254/254
f 282/282/282 283/283/283 254/254/254
f 284/284/284 256/256/256 255/255/255
f 283/283/283 284/284/284 255/255/255
f 285/285/285 257/257/257 256/256/256
f 284/284/284 285/285/285 256/256/256
f 286/286/286 258/258/258 257/257/257
f 285/285/285 286/286/286 257/257/257
f 287/287/287 259/259/259 258/258/258
f 286/286/286 287/287/287 258/258/258
f 288/288/288 260/260/260 259/259/259
f 287/287/287 288/288/288 259/259/259
f 289/289/289 261/261/261 260/260/260
f 288/288/288 289/289/289 260/260/260
f 290/290/290 262/262/262 261/261/261
f 289/289/289 290/290/290 261/261/261
f 291/291/291 263/263/263 262/262/262
f 290/290/290 291/291/291 262/262/262
f 292/292/292 264/264/264 263/263/263
f 291/291/291 292/292/292 263/263/263
f 293/293/293 265/265/265 264/264/264
f 292/292/292 293/293/293 264/264/264
f 294/294/294 266/266/266 265/265/265
f 293/293/293 294/294/294 265/265/265
f 295/295/295 267/267/267 266/266/266
f 294/294/294 295/295/295 266/266/266
f 296/296/296 268/268/268 267/267/267
f 295/295/295 296/296/296 267/267/267
f 297/297/297 269/269/269 268/268/268
f 296/296/296 297/297/297 268/268/268
f 298/298/298 270/270/270 269/269/269
f 297/297/297 298/298/298 269/269/269
f 299/299/299 271/271/271 270/270/270
f 298/298/298 299/299/299 270/270/270
f 300/300/300 272/272/272 271/271/271
f 299/299/299 300/300/300 271/271/271
f 301/301/301 273/273/273 272/272/272
f 300/300/300 301/301/301 272/272/272
f 302/302/302 274/274/274 273/273/273
f 301/301/301 302/302/302 273/273/273
f 303/303/303 275/275/275 274/274/274
f 302/302/302 303/303/303 274/274/274
f 304/304/304 276/276/276 275/275/275
f 303/303/303 304/304/304 275/275/275
f 305/305/305 277/277/277 276/276/276
f 304/304/304 305/305/305 276/276/276
f 306/306/306 278/278/278 277/277/277
f 305/305/305 306/306/306 277/277/277
f 307/307/307 279/279/279 278/278/278
f 306/306/306 307/307/307 278/278/278
f 308/308/308 280/280/280 279/279/279
f 307/307/307 308/308/308 279/279/279
f 281/1251/281 253/1250/253 280/280/280
f 308/308/308 281/1251/281 280/280/280
f 310/310/310 282/282/282 281/281/281
f 309/309/309 310/310/310 281/281/281
f 311/311/311 283/283/283 282/282/282
f 310/310/310 311/311/311 282/282/282
f 312/312/312 284/284/284 283/283/283
f 311/311/311 312/312/312 283/283/283
f 313/313/313 285/285/285 284/284/284
f 312/312/312 313/313/313 284/284/284
f 314/314/314 286/286/286 285/285/285
f 313/313/313 314/314/314 285/285/285
f 315/315/315 287/287/287 286/286/286
f 314/314/314 315/315/315 286/286/286
f 316/316/316 288/288/288 287/287/287
f 315/315/315 316/316/316 287/287/287
f 317/317/317 289/289/289 288/288/288
f 316/316/316 317/317/317 288/288/288
f 318/318/318 290/290/290 289/289/289
f 317/317/317 318/318/318 289/289/289
f 319/319/319 291/291/291 290/290/290
f 318/318/318 319/319/319 290/290/290
f 320/320/320 292/292/292 291/291/291
f 319/319/319 320/320/320 291/291/291
f 321/321/321 293/293/293 292/292/292
f 320/320/320 321/321/321 292/292/292
f 322/322/322 294/294/294 293/293/293
f 321/321/321 322/322/322 293/293/293
f 323/323/323 295/295/295 294/294/294
f 322/322/322 323/323/323 294/294/294
f 324/324/324 296/296/296 295/295/295
f 323/323/323 324/324/324 295/295/295
f 325/325/325 297/297/297 296/296/296
f 324/324/324 325/325/325 296/296/296
f 326/326/326 298/298/298 297/297/297
f 325/325/325 326/326/326 297/297/297
f 327/327/327 299/299/299 298/298/298
f 326/326/326 327/327/327 298/298/298
f 328/328/328 300/300/300 299/299/299
f 327/327/327 328/328/328 299/299/299
f 329/329/329 301/301/301 300/300/300
f 328/328/328 329/329/329 300/300/300
f 330/330/330 302/302/302 301/301/301
f 329/329/329 330/330/330 301/301/301
f 331/331/331 303/303/303 302/302/302
f 330/330/330 331/331/331 302/302/302
f 332/332/332 304/304/304 303/303/303
f 331/331/331 332/332/332 303/303/303
f 333/333/333 305/305/305 304/304/304
f 332/332/332 333/333/333 304/304/304
f 334/334/334 306/306/306 305/305/305
f 333/333/333 334/334/334 305/305/305
f 335/335/335 307/307/307 306/306/306
f 334/334/334 335/335/335 306/306/306
f 336/336/336 308/308/308 307/307/307
f 335/335/335 336/336/336 307/307/307
f 309/1252/309 281/1251/281 308/308/308
f 336/336/336 309/1252/309 308/308/308
f 338/338/338 310/310/310 309/309/309
f 337/337/337 338/338/338 309/309/309
f 339/339/339 311/311/311 310/310/310
f 338/338/338 339/339/339 310/310/310
f 340/340/340 312/312/312 311/311/311
f 339/339/339 340/340/340 311/311/311
f 341/341/341 313/313/313 312/312/312
f 340/340/340 341/341/341 312/312/312
f 342/342/342 314/314/314 313/313/313
f 341/341/341 342/342/342 313/313/313
f 343/343/343 315/315/315 314/314/314
f 342/342/342 343/343/343 314/314/314
f 344/344/344 316/316/316 315/315/315
f 343/343/343 344/344/344 315/315/315
f 345/345/345 317/317/317 316/316/316
f 344/344/344 345/345/345 316/316/316
f 346/346/346 318/318/318 317/317/317
f 345/345/345 346/346/346 317/317/317
f 347/347/347 319/319/319 318/318/318
f 346/346/346 347/347/347 318/318/318
f 348/348/348 320/320/320 319/319/319
f 347/347/347 348/348/348 319/319/319
f 349/349/349 321/321/321 320/320/320
f 348/348/348 349/349/349 320/320/320
f 350/350/350 322/322/322 321/321/321
f 349/349/349 350/350/350 321/321/321
f 351/351/351 323/323/323 322/322/322
f 350/350/350 351/351/351 322/322/322
f 352/352/352 324/324/324 323/323/323
f 351/351/351 352/352/352 323/323/323
f 353/353/353 325/325/325 324/324/324
f 352/352/352 353/353/353 324/324/324
f 354/354/354 326/326/326 325/325/325
f 353/353/353 354/354/354 325/325/325
f 355/355/355 327/327/327 326/326/326
f 354/354/354 355/355/355 326/326/326
f 356/356/356 328/328/328 327/327/327
f 355/355/355 356/356/356 327/327/327
f 357/357/357 329/329/329 328/328/328
f 356/356/356 357/357/357 328/328/328
f 358/358/358 330/330/330 329/329/329
f 357/357/357 358/358/358 329/329/329
f 359/359/359 331/331/331 330/330/330
f 358/358/358 359/359/359 330/330/330
f 360/360/360 332/332/332 331/331/331
f 359/359/359 360/360/360 331/331/331
f 361/361/361 333/333/333 332/332/332
f 360/360/360 361/361/361 332/332/332
f 362/362/362 334/334/334 333/333/333
f 361/361/361 362/362/362 333/333/333
f 363/363/363 335/335/335 334/334/334
f 362/362/362 363/363/363 334/334/334
f 364/364/364 336/336/336 335/335/335
f 363/363/363 364/364/364 335/335/335
f 337/1253/337 309/1252/309 336/336/336
f 364/364/364 337/1253/337 336/336/336
f 366/366/366 338/338/338 337/337/337
f 365/365/365 366/366/366 337/337/337
f 367/367/367 339/339/339 338/338/338
f 366/366/366 367/367/367 338/338/338
f 368/368/368 340/340/340 339/339/339
f 367/367/367 368/368/368 339/339/339
f 369/369/369 341/341/341 340/340/340
f 368/368/368 369/369/369 340/340/340
f 370/370/370 342/342/342 341/341/341
f 369/369/369 370/370/370 341/341/341
f 371/371/371 343/343/343 342/342/342
f 370/370/370 371/371/371 342/342/342
f 372/372/372 344/344/344 343/343/343
f 371/371/371 372/372/372 343/343/343
f 373/373/373 345/345/345 344/344/344
f 372/372/372 373/373/373 344/344/344
f 374/374/374 346/346/346 345/345/345
f 373/373/373 374/374/374 345/345/345
f 375/375/375 347/347/347 346/346/346
f 374/374/374 375/375/375 346/346/346
f 376/376/376 348/348/348 347/347/347
f 375/375/375 376/376/376 347/347/347
f 377/377/377 349/349/349 348/348/348
f 376/376/376 377/377/377 348/348/348
f 378/378/378 350/350/350 349/349/349
f 377/377/377 378/378/378 349/349/349
f 379/379/379 351/351/351 350/350/350
f 378/378/378 379/379/379 350/350/350
f 380/380/380 352/352/352 351/351/351
f 379/379/379 380/380/380 351/351/351
f 381/381/381 353/353/353 352/352/352
f 380/380/380 381/381/381 352/352/352
f 382/382/382 354/354/354 353/353/353
f 381/381/381 382/382/382 353/353/353
f 383/383/383 355/355/355 354/354/354
f 382/382/382 383/383/383 354/354/354
f 384/384/384 356/356/356 355/355/355
f 383/383/383 384/384/384 355/355/355
f 385/385/385 357/357/357 356/356/356
f 384/384/384 385/385/385 356/356/356
f 386/386/386 358/358/358 357/357/357
f 385/385/385 386/386/386 357/357/357
f 387/387/387 359/359/359 358/358/358
f 386/386/386 387/387/387 358/358/358
f 388/388/388 360/360/360 359/359/359
f 387/387/387 388/388/388 359/359/359
f 389/389/389 361/361/361 360/360/360
f 388/388/388 389/389/389 360/360/360
f 390/390/390 362/362/362 361/361/361
f 389/389/389 390/390/390 361/361/361
f 391/391/391 363/363/363 362/362/362
f 390/390/390 391/391/391 362/362/362
f 392/392/392 364/364/364 363/363/363
f 391/391/391 392/392/392 363/363/363
f 365/1254/365 337/1253/337 364/364/364
f 392/392/392 365/1254/365 364/364/364
f 394/394/394 366/366/366 365/365/365
f 393/393/393 394/394/394 365/365/365
f 395/395/395 367/367/367 366/366/366
f 394/394/394 395/395/395 366/366/366
f 396/396/396 368/368/368 367/367/367
f 395/395/395 396/396/396 367/367/367
f 397/397/397 369/369/369 368/368/368
f 396/396/396 397/397/397 368/368/368
f 398/398/398 370/370/370 369/369/369
f 397/397/397 398/398/398 369/369/369
f 399/399/399 371/371/371 370/370/370
f 398/398/398 399/399/399 370/370/370
f 400/400/400 372/372/372 371/371/371
f 399/399/399 400/400/400 371/371/371
f 401/401/401 373/373/373 372/372/372
f 400/400/400 401/401/401 372/372/372
f 402/402/402 374/374/374 373/373/373
f 401/401/401 402/402/402 373/373/373
f 403/403/403 375/375/375 374/374/374
f 402/402/402 403/403/403 374/374/374
f 404/404/404 376/376/376 375/375/375
f 403/403/403 404/404/404 375/375/375
f 405/405/405 377/377/377 376/376/376
f 404/404/404 405/405/405 376/376/376
f 406/406/406 378/378/378 377/377/377
f 405/405/405 406/406/406 377/377/377
f 407/407/407 379/379/379 378/378/378
f 406/406/406 407/407/407 378/378/378
f 408/408/408 380/380/380 379/379/379
f 407/407/407 408/408/408 379/379/379
f 409/409/409 381/381/381 380/380/380
f 408/408/408 409/409/409 380/380/380
f 410/410/410 382/382/382 381/381/381
f 409/409/409 410/410/410 381/381/381
f 411/411/411 383/383/383 382/382/382
f 410/410/410 411/411/411 382/382/382
f 412/412/412 384/384/384 383/383/383
f 411/411/411 412/412/412 383/383/383
f 413/413/413 385/385/385 384/384/384
f 412/412/412 413/413/413 384/384/384
f 414/414/414 386/386/386 385/385/385
f 413/413/413 414/414/414 385/385/385
f 415/415/415 387/387/387 386/386/386
f 414/414/414 415/415/415 386/386/386
f 416/416/416 388/388/388 387/387/387
f 415/415/415 416/416/416 387/387/387
f 417/417/417 389/389/389 388/388/388
f 416/416/416 417/417/417 388/388/388
f 418/418/418 390/390/390 389/389/389
f 417/417/417 418/418/418 389/389/389
f 419/419/419 391/391/391 390/390/390
f 418/418/418 419/419/419 390/390/390
f 420/420/420 392/392/392 391/391/391
f 419/419/419 420/420/420 391/391/391
f 393/1255/393 365/1254/365 392/392/392
f 420/420/420 393/1255/393 392/392/392
f 422/422/422 394/394/394 393/393/393
f 421/421/421 422/422/422 393/393/393
f 423/423/423 395/395/395 394/394/394
f 422/422/422 423/423/423 394/394/394
f 424/424/424 396/396/396 395/395/395
f 423/423/423 424/424/424 395/395/395
f 425/425/425 397/397/397 396/396/396
f 424/424/424 425/425/425 396/396/396
f 426/426/426 398/398/398 397/397/397
f 425/425/425 426/426/426 397/397/397
f 427/427/427 399/399/399 398/398/398
f 426/426/426 427/427/427 398/398/398
f 428/428/428 400/400/400 399/399/399
f 427/427/427 428/428/428 399/399/399
f 429/429/429 401/401/401 400/400/400
f 428/428/428 429/429/429 400/400/400
f 430/430/430 402/402/402 401/401/401
f 429/429/429 430/430/430 401/401/401
f 431/431/431 403/403/403 402/402/402
f 430/430/430 431/431/431 402/402/402
f 432/432/432 404/404/404 403/403/403
f 431/431/431 432/432/432 403/403/403
f 433/433/433 405/405/405 404/404/404
f 432/432/432 433/433/433 404/404/404
f 434/434/434 406/406/406 405/405/405
f 433/433/433 434/434/434 405/405/405
f 435/435/435 407/407/407 406/406/406
f 434/434/434 435/435/435 406/406/406
f 436/436/436 408/408/408 407/407/407
f 435/435/435 436/436/436 407/407/407
f 437/437/437 409/409/409 408/408/408
f 436/436/436 437/437/437 408/408/408
f 438/438/438 410/410/410 409/409/409
f 437/437/437 438/438/438 409/409/409
f 439/439/439 411/411/411 410/410/410
f 438/438/438 439/439/439 410/410/410
f 440/440/440 412/412/412 411/411/411
f 439/439/439 440/440/440 411/411/411
f 441/441/441 413/413/413 412/412/412
f 440/440/440 441/441/441 412/412/412
f 442/442/442 414/414/414 413/413/413
f 441/441/441 442/442/442 413/413/413
f 443/443/443 415/415/415 414/414/414
f 442/442/442 443/443/443 414/414/414
f 444/444/444 416/416/416 415/415/415
f 443/443/443 444/444/444 415/415/415
f 445/445/445 417/417/417 416/416/416
f 444/444/444 445/445/445 416/416/416
f 446/446/446 418/418/418 417/417/417
f 445/445/445 446/446/446 417/417/417
f 447/447/447 419/419/419 418/418/418
f 446/446/446 447/447/447 418/418/418
f 448/448/448 420/420/420 419/419/419
f 447/447/447 448/448/448 419/419/419
f 421/1256/421 393/1255/393 420/420/420
f 448/448/448 421/1256/421 420/420/420
f 450/450/450 422/422/422 421/421/421
f 449/449/449 450/450/450 421/421/421
f 451/451/451 423/423/423 422/422/422
f 450/450/450 451/451/451 422/422/422
f 452/452/452 424/424/424 423/423/423
f 451/451/451 452/452/452 423/423/423
f 453/453/453 425/425/425 424/424/424
f 452/452/452 453/453/453 424/424/424
f 454/454/454 426/426/426 425/425/425
f 453/453/453 454/454/454 425/425/425
f 455/455/455 427/427/427 426/426/426
f 454/454/454 455/455/455 426/426/426
f 456/456/456 428/428/428 427/427/427
f 455/455/455 456/456/456 427/427/427
f 457/457/457 429/429/429 428/428/428
f 456/456/456 457/457/457 428/428/428
f 458/458/458 430/430/430 429/429/429
f 457/457/457 458/458/458 429/429/429
f 459/459/459 431/431/431 430/430/430
f 458/458/458 459/459/459 430/430/430
f 460/460/460 432/432/432 431/431/431
f 459/459/459 460/460/460 431/431/431
f 461/461/461 433/433/433 432/432/432
f 460/460/460 461/461/461 432/432/432
f 462/462/462 434/434/434 433/433/433
f 461/461/461 462/462/462 433/433/433
f 463/463/463 435/435/435 434/434/434
f 462/462/462 463/463/463 434/434/434
f 464/464/464 436/436/436 435/435/435
f 463/463/463 464/464/464 435/435/435
f 465/465/465 437/437/437 436/436/436
f 464/464/464 465/465/465 436/436/436
f 466/466/466 438/438/438 437/437/437
f 465/465/465 466/466/466 437/437/437
f 467/467/467 439/439/439 438/438/438
f 466/466/466 467/467/467 438/438/438
f 468/468/468 440/440/440 439/439/439
f 467/467/467 468/468/468 439/439/439
f 469/469/469 441/441/441 440/440/440
f 468/468/468 469/469/469 440/440/440
f 470/470/470 442/442/442 441/441/441
f 469/469/469 470/470/470 441/441/441
f 471/471/471 443/443/443 442/442/442
f 470/470/470 471/471/471 442/442/442
f 472/472/472 444/444/444 443/443/443
f 471/471/471 472/472/472 443/443/443
f 473/473/473 445/445/445 444/444/444
f 472/472/472 473/473/473 444/444/444
f 474/474/474 446/446/446 445/445/445
f 473/473/473 474/474/474 445/445/445
f 475/475/475 447/447/447 446/446/446
f 474/474/474 475/475/475 446/446/446
f 476/476/476 448/448/448 447/447/447
f 475/475/475 476/476/476 447/447/447
f 449/1257/449 421/1256/421 448/448/448
f 476/476/476 449/1257/449 448/448/448
f 478/478/478 450/450/450 449/449/449
f 477/477/477 478/478/478 449/449/449
f 479/479/479 451/451/451 450/450/450
f 478/478/478 479/479/479 450/450/450
f 480/480/480 452/452/452 451/451/451
f 479/479/479 480/480/480 451/451/451
f 481/481/481 453/453/453 452/452/452
f 480/480/480 481/481/481 452/452/452
f 482/482/482 454/454/454 453/453/453
f 481/481/481 482/482/482 453/453/453
f 483/483/483 455/455/455 454/454/454
f 482/482/482 483/483/483 454/454/454
f 484/484/484 456/456/456 455/455/455
f 483/483/483 484/484/484 455/455/455
f 485/485/485 457/457/457 456/456/456
f 484/484/484 485/485/485 456/456/456
f 486/486/486 458/458/458 457/457/457
f 485/485/485 486/486/486 457/457/457
f 487/487/487 459/459/459 458/458/458
f 486/486/486 487/487/487 458/458/458
f 488/488/488 460/460/460 459/459/459
f 487/487/487 488/488/488 459/459/459
f 489/489/489 461/461/461 460/460/460
f 488/488/488 489/489/489 460/460/460
f 490/490/490 462/462/462 461/461/461
f 489/489/489 490/490/490 461/461/461
f 491/491/491 463/463/463 462/462/462
f 490/490/490 491/491/491 462/462/462
f 492/492/492 464/464/464 463/463/463
f 491/491/491 492/492/492 463/463/463
f 493/493/493 465/465/465 464/464/464
f 492/492/492 493/493/493 464/464/464
f 494/494/494 466/466/466 465/465/465
f 493/493/493 494/494/494 465/465/465
f 495/495/495 467/467/467 466/466/466
f 494/494/494 495/495/495 466/466/466
f 496/496/496 468/468/468 467/467/467
f 495/495/495 496/496/496 467/467/467
f 497/497/497 469/469/469 468/468/468
f 496/496/496 497/497/497 468/468/468
f 498/498/498 470/470/470 469/469/469
f 497/497/497 498/498/498 469/469/469
f 499/499/499 471/471/471 470/470/470
f 498/498/498 499/499/499 470/470/470
f 500/500/500 472/472/472 471/471/471
f 499/499/499 500/500/500 471/471/471
f 501/501/501 473/473/473 472/472/472
f 500/500/500 501/501/501 472/472/472
f 502/502/502 474/474/474 473/473/473
f 501/501/501 502/502/502 473/473/473
f 503/503/503 475/475/475 474/474/474
f 502/502/502 503/503/503 474/474/474
f 504/504/504 476/476/476 475/475/475
f 503/503/503 504/504/504 475/475/475
f 477/1258/477 449/1257/449 476/476/476
f 504/504/504 477/1258/477 476/476/476
f 506/506/506 478/478/478 477/477/477
f 505/505/505 506/506/506 477/477/477
f 507/507/507 479/479/479 478/478/478
f 506/506/506 507/507/507 478/478/478
f 508/508/508 480/480/480 479/479/479
f 507/507/507 508/508/508 479/479/479
f 509/509/509 481/481/481 480/480/480
f 508/508/508 509/509/509 480/480/480
f 510/510/510 482/482/482 481/481/481
f 509/509/509 510/510/510 481/481/481
f 511/511/511 483/483/483 482/482/482
f 510/510/510 511/511/511 482/482/482
f 512/512/512 484/484/484 483/483/483
f 511/511/511 512/512/512 483/483/483
f 513/513/513 485/485/485 484/484/484
f 512/512/512 513/513/513 484/484/484
f 514/514/514 486/486/486 485/485/485
f 513/513/513 514/514/514 485/485/485
f 515/515/515 487/487/487 486/486/486
f 514/514/514 515/515/515 486/486/486
f 516/516/516 488/488/488 487/487/487
f 515/515/515 516/516/516 487/487/487
f 517/517/517 489/489/489 488/488/488
f 516/516/516 517/517/517 488/488/488
f 518/518/518 490/490/490 489/489/489
f 517/517/517 518/518/518 489/489/489
f 519/519/519 491/491/491 490/490/490
f 518/518/518 519/519/519 490/490/490
f 520/520/520 492/492/492 491/491/491
f 519/519/519 520/520/520 491/491/491
f 521/521/521 493/493/493 492/492/492
f 520/520/520 521/521/521 492/492/492
f 522/522/522 494/494/494 493/493/493
f 521/521/521 522/522/522 493/493/493
f 523/523/523 495/495/495 494/494/494
f 522/522/522 523/523/523 494/494/494
f 524/524/524 496/496/496 495/495/495
f 523/523/523 524/524/524 495/495/495
f 525/525/525 497/497/497 496/496/496
f 524/524/524 525/525/525 496/496/496
f 526/526/526 498/498/498 497/497/497
f 525/525/525 526/526/526 497/497/497
f 527/527/527 499/499/499 498/498/498
f 526/526/526 527/527/527 498/498/498
f 528/528/528 500/500/500 499/499/499
f 527/527/527 528/528/528 499/499/499
f 529/529/529 501/501/501 500/500/500
f 528/528/528 529/529/529 500/500/500
f 530/530/530 502/502/502 501/501/501
f 529/529/529 530/530/530 501/501/501
f 531/531/531 503/503/503 502/502/502
f 530/530/530 531/531/531 502/502/502
f 532/532/532 504/504/504 503/503/503
f 531/531/531 532/532/532 503/503/503
f 505/1259/505 477/1258/477 504/504/504
f 532/532/532 505/1259/505 504/504/504
f 534/534/534 506/506/506 505/505/505
f 533/533/533 534/534/534 505/505/505
f 535/535/535 507/507/507 506/506/506
f 534/534/534 535/535/535 506/506/506
f 536/536/536 508/508/508 507/507/507
f 535/535/535 536/536/536 507/507/507
f 537/537/537 509/509/509 508/508/508
f 536/536/536 537/537/537 508/508/508
f 538/538/538 510/510/510 509/509/509
f 537/537/537 538/538/538 509/509/509
f 539/539/539 511/511/511 510/510/510
f 538/538/538 539/539/539 510/510/510
f 540/540/540 512/512/512 511/511/511
f 539/539/539 540/540/540 511/511/511
f 541/541/541 513/513/513 512/512/512
f 540/540/540 541/541/541 512/512/512
f 542/542/542 514/514/514 513/513/513
f 541/541/541 542/542/542 513/513/513
f 543/543/543 515/515/515 514/514/514
f 542/542/542 543/543/543 514/514/514
f 544/544/544 516/516/516 515/515/515
f 543/543/543 544/544/544 515/515/515
f 545/545/545 517/517/517 516/516/516
f 544/544/544 545/545/545 516/516/516
f 546/546/546 518/518/518 517/517/517
f 545/545/545 546/546/546 517/517/517
f 547/547/547 519/519/519 518/518/518
f 546/546/546 547/547/547 518/518/518
f 548/548/548 520/520/520 519/519/519
f 547/547/547 548/548/548 519/519/519
f 549/549/549 521/521/521 520/520/520
f 548/548/548 549/549/549 520/520/520
f 550/550/550 522/522/522 521/521/521
f 549/549/549 550/550/550 521/521/521
f 551/551/551 523/523/523 522/522/522
f 550/550/550 551/551/551 522/522/522
f 552/552/552 524/524/524 523/523/523
f 551/551/551 552/552/552 523/523/523
f 553/553/553 525/525/525 524/524/524
f 552/552/552 553/553/553 524/524/524
f 554/554/554 526/526/526 525/525/525
f 553/553/553 554/554/554 525/525/525
f 555/555/555 527/527/527 526/526/526
f 554/554/554 555/555/555 526/526/526
f 556/556/556 528/528/528 527/527/527
f 555/555/555 556/556/556 527/527/527
f 557/557/557 529/529/529 528/528/528
f 556/556/556 557/557/557 528/528/528
f 558/558/558 530/530/530 529/529/529
f 557/557/557 558/558/558 529/529/529
f 559/559/559 531/531/531 530/530/530
f 558/558/558 559/559/559 530/530/530
f 560/560/560 532/532/532 531/531/531
f 559/559/559 560/560/560 531/531/531
f 533/1260/533 505/1259/505 532/532/532
f 560/560/560 533/1260/533 532/532/532
f 562/562/562 534/534/534 533/533/533
f 561/561/561 562/562/562 533/533/533
f 563/563/563 535/535/535 534/534/534
f 562/562/562 563/563/563 534/534/534
f 564/564/564 536/536/536 535/535/535
f 563/563/563 564/564/564 535/535/535
f 565/565/565 537/537/537 536/536/536
f 564/564/564 565/565/565 536/536/536
f 566/566/566 538/538/538 537/537/537
f 565/565/565 566/566/566 537/537/537
f 567/567/567 539/539/539 538/538/538
f 566/566/566 567/567/567 538/538/538
f 568/568/568 540/540/540 539/539/539
f 567/567/567 568/568/568 539/539/539
f 569/569/569 541/541/541 540/540/540
f 568/568/568 569/569/569 540/540/540
f 570/570/570 542/542/542 541/541/541
f 569/569/569 570/570/570 541/541/541
f 571/571/571 543/543/543 542/542/542
f 570/570/570 571/571/571 542/542/542
f 572/572/572 544/544/544 543/543/543
f 571/571/571 572/572/572 543/543/543
f 573/573/573 545/545/545 544/544/544
f 572/572/572 573/573/573 544/544/544
f 574/574/574 546/546/546 545/545/545
f 573/573/573 574/574/574 545/545/545
f 575/575/575 547/547/547 546/546/546
f 574/574/574 575/575/575 546/546/546
f 576/576/576 548/548/548 547/547/547
f 575/575/575 576/576/576 547/547/547
f 577/577/577 549/549/549 548/548/548
f 576/576/576 577/577/577 548/548/548
f 578/578/578 550/550/550 549/549/549
f 577/577/577 578/578/578 549/549/549
f 579/579/579 551/551/551 550/550/550
f 578/578/578 579/579/579 550/550/550
f 580/580/580 552/552/552 551/551/551
f 579/579/579 580/580/580 551/551/551
f 581/581/581 553/553/553 552/552/552
f 580/580/580 581/581/581 552/552/552
f 582/582/582 554/554/554 553/553/553
f 581/581/581 582/582/582 553/553/553
f 583/583/583 555/555/555 554/554/554
f 582/582/582 583/583/583 554/554/554
f 584/584/584 556/556/556 555/555/555
f 583/583/583 584/584/584 555/555/555
f 585/585/585 557/557/557 556/556/556
f 584/584/584 585/585/585 556/556/556
f 586/586/586 558/558/558 557/557/557
f 585/585/585 586/586/586 557/557/557
f 587/587/587 559/559/559 558/558/558
f 586/586/586 587/587/587 558/558/558
f 588/588/588 560/560/560 559/559/559
f 587/587/587 588/588/588 559/559/559
f 561/1261/561 533/1260/533 560/560/560
f 588/588/588 561/1261/561 560/560/560
f 590/590/590 562/562/562 561/561/561
f 589/589/589 590/590/590 561/561/561
f 591/591/591 563/563/563 562/562/562
f 590/590/590 591/591/591 562/562/562
f 592/592/592 564/564/564 563/563/563
f 591/591/591 592/592/592 563/563/563
f 593/593/593 565/565/565 564/564/564
f 592/592/592 593/593/593 564/564/564
f 594/594/594 566/566/566 565/565/565
f 593/593/593 594/594/594 565/565/565
f 595/595/595 567/567/567 566/566/566
f 594/594/594 595/595/595 566/566/566
f 596/596/596 568/568/568 567/567/567
f 595/595/595 596/596/596 567/567/567
f 597/597/597 569/569/569 568/568/568
f 596/596/596 597/597/597 568/568/568
f 598/598/598 570/570/570 569/569/569
f 597/597/597 598/598/598 569/569/569
f 599/599/599 571/571/571 570/570/570
f 598/598/598 599/599/599 570/570/570
f 600/600/600 572/572/572 571/571/571
f 599/599/599 600/600/600 571/571/571
f 601/601/601 573/573/573 572/572/572
f 600/600/600 601/601/601 572/572/572
f 602/602/602 574/574/574 573/573/573
f 601/601/601 602/602/602 573/573/573
f 603/603/603 575/575/575 574/574/574
f 602/602/602 603/603/603 574/574/574
f 604/604/604 576/576/576 575/575/575
f 603/603/603 604/604/604 575/575/575
f 605/605/605 577/577/577 576/576/576
f 604/604/604 605/605/605 576/576/576
f 606/606/606 578/578/578 577/577/577
f 605/605/605 606/606/606 577/577/577
f 607/607/607 579/579/579 578/578/578
f 606/606/606 607/607/607 578/578/578
f 608/608/608 580/580/580 579/579/579
f 607/607/607 608/608/608 579/579/579
f 609/609/609 581/581/581 580/580/580
f 608/608/608 609/609/609 580/580/580
f 610/610/610 582/582/582 581/581/581
f 609/609/609 610/610/610 581/581/581
f 611/611/611 583/583/583 582/582/582
f 610/610/610 611/611/611 582/582/582
f 612/612/612 584/584/584 583/583/583
f 611/611/611 612/612/612 583/583/583
f 613/613/613 585/585/585 584/584/584
f 612/612/612 613/613/613 584/584/584
f 614/614/614 586/586/586 585/585/585
f 613/613/613 614/614/614 585/585/585
f 615/615/615 587/587/587 586/586/586
f 614/614/614 615/615/615 586/586/586
f 616/616/616 588/588/588 587/587/587
f 615/615/615 616/616/616 587/587/587
f 589/1262/589 561/1261/561 588/588/588
f 616/616/616 589/1262/589 588/588/588
f 618/618/618 590/590/590 589/589/589
f 617/617/617 618/618/618 589/589/589
f 619/619/619 591/591/591 590/590/590
f 618/618/618 619/619/619 590/590/590
f 620/620/620 592/592/592 591/591/591
f 619/619/619 620/620/620 591/591/591
f 621/621/621 593/593/593 592/592/592
f 620/620/620 621/621/621 592/592/592
f 622/622/622 594/594/594 593/593/593
f 621/621/621 622/622/622 593/593/593
f 623/623/623 595/595/595 594/594/594
f 622/622/622 623/623/623 594/594/594
f 624/624/624 596/596/596 595/595/595
f 623/623/623 624/624/624 595/595/595
f 625/625/625 597/597/597 596/596/596
f 624/624/624 625/625/625 596/596/596
f 626/626/626 598/598/598 597/597/597
f 625/625/625 626/626/626 597/597/597
f 627/627/627 599/599/599 598/598/598
f 626/626/626 627/627/627 598/598/598
f 628/628/628 600/600/600 599/599/599
f 627/627/627 628/628/628 599/599/599
f 629/629/629 601/601/601 600/600/600
f 628/628/628 629/629/629 600/600/600
f 630/630/630 602/602/602 601/601/601
f 629/629/629 630/630/630 601/601/601
f 631/631/631 603/603/603 602/602/602
f 630/630/630 631/631/631 602/602/602
f 632/632/632 604/604/604 603/603/603
f 631/631/631 632/632/632 603/603/603
f 633/633/633 605/605/605 604/604/604
f 632/632/632 633/633/633 604/604/604
f 634/634/634 606/606/606 605/605/605
f 633/633/633 634/634/634 605/605/605
f 635/635/635 607/607/607 606/606/606
f 634/634/634 635/635/635 606/606/606
f 636/636/636 608/608/608 607/607/607
f 635/635/635 636/636/636 607/607/607
f 637/637/637 609/609/609 608/608/608
f 636/636/636 637/637/637 608/608/608
f 638/638/638 610/610/610 609/609/609
f 637/637/637 638/638/638 609/609/609
f 639/639/639 611/611/611 610/610/610
f 638/638/638 639/639/639 610/610/610
f 640/640/640 612/612/612 611/611/611
f 639/639/639 640/640/640 611/611/611
f 641/641/641 613/613/613 612/612/612
f 640/640/640 641/641/641 612/612/612
f 642/642/642 614/614/614 613/613/613
f 641/641/641 642/642/642 613/613/613
f 643/643/643 615/615/615 614/614/614
f 642/642/642 643/643/643 614/614/614
f 644/644/644 616/616/616 615/615/615
f 643/643/643 644/644/644 615/615/615
f 617/1263/617 589/1262/589 616/616/616
f 644/644/644 617/1263/617 616/616/616
f 646/646/646 618/618/618 617/617/617
f 645/645/645 646/646/646 617/617/617
f 647/647/647 619/619/619 618/618/618
f 646/646/646 647/647/647 618/618/618
f 648/648/648 620/620/620 619/619/619
f 647/647/647 648/648/648 619/619/619
f 649/649/649 621/621/621 620/620/620
f 648/648/648 649/649/649 620/620/620
f 650/650/650 622/622/622 621/621/621
f 649/649/649 650/650/650 621/621/621
f 651/651/651 623/623/623 622/622/622
f 650/650/650 651/651/651 622/622/622
f 652/652/652 624/624/624 623/623/623
f 651/651/651 652/652/652 623/623/623
f 653/653/653 625/625/625 624/624/624
f 652/652/652 653/653/653 624/624/624
f 654/654/654 626/626/626 625/625/625
f 653/653/653 654/654/654 625/625/625
f 655/655/655 627/627/627 626/626/626
f 654/654/654 655/655/655 626/626/626
f 656/656/656 628/628/628 627/627/627
f 655/655/655 656/656/656 627/627/627
f 657/657/657 629/629/629 628/628/628
f 656/656/656 657/657/657 628/628/628
f 658/658/658 630/630/630 629/629/629
f 657/657/657 658/658/658 629/629/629
f 659/659/659 631/631/631 630/630/630
f 658/658/658 659/659/659 630/630/630
f 660/660/660 632/632/632 631/631/631
f 659/659/659 660/660/660 631/631/631
f 661/661/661 633/633/633 632/632/632
f 660/660/660 661/661/661 632/632/632
f 662/662/662 634/634/634 633/633/633
f 661/661/661 662/662/662 633/633/633
f 663/663/663 635/635/635 634/634/634
f 662/662/662 663/663/663 634/634/634
f 664/664/664 636/636/636 635/635/635
f 663/663/663 664/664/664 635/635/635
f 665/665/665 637/637/637 636/636/636
f 664/664/664 665/665/665 636/636/636
f 666/666/666 638/638/638 637/637/637
f 665/665/665 666/666/666 637/637/637
f 667/667/667 639/639/639 638/638/638
f 666/666/666 667/667/667 638/638/638
f 668/668/668 640/640/640 639/639/639
f 667/667/667 668/668/668 639/639/639
f 669/669/669 641/641/641 640/640/640
f 668/668/668 669/669/669 640/640/640
f 670/670/670 642/642/642 641/641/641
f 669/669/669 670/670/670 641/641/641
f 671/671/671 643/643/643 642/642/642
f 670/670/670 671/671/671 642/642/642
f 672/672/672 644/644/644 643/643/643
f 671/671/671 672/672/672 643/643/643
f 645/1264/645 617/1263/617 644/644/644
f 672/672/672 645/1264/645 644/644/644
f 1/1/1 2/2/2 673/673/673
f 2/2/2 3/3/3 673/673/673
f 3/3/3 4/4/4 673/673/673
f 4/4/4 5/5/5 673/673/673
f 5/5/5 6/6/6 673/673/673
f 6/6/6 7/7/7 673/673/673
f 7/7/7 8/8/8 673/673/673
f 8/8/8 9/9/9 673/673/673
f 9/9/9 10/10/10 673/673/673
f 10/10/10 11/11/11 673/673/673
f 11/11/11 12/12/12 673/673/673
f 12/12/12 13/13/13 673/673/673
f 13/13/13 14/14/14 673/673/673
f 14/14/14 15/15/15 673/673/673
f 15/15/15 16/16/16 673/673/673
f 16/16/16 17/17/17 673/673/673
f 17/17/17 18/18/18 673/673/673
f 18/18/18 19/19/19 673/673/673
f 19/19/19 20/20/20 673/673/673
f 20/20/20 21/21/21 673/673/673
f 21/21/21 22/22/22 673/673/673
f 22/22/22 23/23/23 673/673/673
f 23/23/23 24/24/24 673/673/673
f 24/24/24 25/25/25 673/673/673
f 25/25/25 26/26/26 673/673/673
f 26/26/26 27/27/27 673/673/673
f 27/27/27 28/28/28 673/673/673
f 28/28/28 1/1241/1 673/673/673
f 646/646/646 645/645/645 674/674/674
f 647/647/647 646/646/646 674/674/674
f 648/648/648 647/647/647 674/674/674
f 649/649/649 648/648/648 674/674/674
f 650/650/650 649/649/649 674/674/674
f 651/651/651 650/650/650 674/674/674
f 652/652/652 651/651/651 674/674/674
f 653/653/653 652/652/652 674/674/674
f 654/654/654 653/653/653 674/674/674
f 655/655/655 654/654/654 674/674/674
f 656/656/656 655/655/655 674/674/674
f 657/657/657 656/656/656 674/674/674
f 658/658/658 657/657/657 674/674/674
f 659/659/659 658/658/658 674/674/674
f 660/660/660 659/659/659 674/674/674
f 661/661/661 660/660/660 674/674/674
f 662/662/662 661/661/661 674/674/674
f 663/663/663 662/662/662 674/674/674
f 664/664/664 663/663/663 674/674/674
f 665/665/665 664/664/664 674/674/674
f 666/666/666 665/665/665 674/674/674
f 667/667/667 666/666/666 674/674/674
f 668/668/668 667/667/667 674/674/674
f 669/669/669 668/668/668 674/674/674
f 670/670/670 669/669/669 674/674/674
f 671/671/671 670/670/670 674/674/674
f 672/672/672 671/671/671 674/674/674
f 645/1264/645 672/672/672 674/674/674
g candy_bag
usemtl RibbonMat
f 680/680/680 679/679/679 675/675/675
f 676/676/676 680/680/680 675/675/675
f 681/681/681 680/680/680 676/676/676
f 677/677/677 681/681/681 676/676/676
f 682/682/682 681/681/681 677/677/677
f 678/678/678 682/682/682 677/677/677
f 679/679/679 682/682/682 678/678/678
f 675/675/675 679/679/679 678/678/678
f 684/684/684 683/683/683 679/679/679
f 680/680/680 684/684/684 679/679/679
f 685/685/685 684/684/684 680/680/680
f 681/681/681 685/685/685 680/680/680
f 686/686/686 685/685/685 681/681/681
f 682/682/682 686/686/686 681/681/681
f 683/683/683 686/686/686 682/682/682
f 679/679/679 683/683/683 682/682/682
f 688/688/688 687/687/687 683/683/683
f 684/684/684 688/688/688 683/683/683
f 689/689/689 688/688/688 684/684/684
f 685/685/685 689/689/689 684/684/684
f 690/690/690 689/689/689 685/685/685
f 686/686/686 690/690/690 685/685/685
f 687/687/687 690/690/690 686/686/686
f 683/683/683 687/687/687 686/686/686
f 692/692/692 691/691/691 687/687/687
f 688/688/688 692/692/692 687/687/687
f 693/693/693 692/692/692 688/688/688
f 689/689/689 693/693/693 688/688/688
f 694/694/694 693/693/693 689/689/689
f 690/690/690 694/694/694 689/689/689
f 691/691/691 694/694/694 690/690/690
f 687/687/687 691/691/691 690/690/690
f 696/696/696 695/695/695 691/691/691
f 692/692/692 696/696/696 691/691/691
f 697/697/697 696/696/696 692/692/692
f 693/693/693 697/697/697 692/692/692
f 698/698/698 697/697/697 693/693/693
f 694/694/694 698/698/698 693/693/693
f 695/695/695 698/698/698 694/694/694
f 691/691/691 695/695/695 694/694/694
f 700/700/700 699/699/699 695/695/695
f 696/696/696 700/700/700 695/695/695
f 701/701/701 700/700/700 696/696/696
f 697/697/697 701/701/701 696/696/696
f 702/702/702 701/701/701 697/697/697
f 698/698/698 702/702/702 697/697/697
f 699/699/699 702/702/702 698/698/698
f 695/695/695 699/699/699 698/698/698
f 704/704/704 703/703/703 699/699/699
f 700/700/700 704/704/704 699/699/699
f 705/705/705 704/704/704 700/700/700
f 701/701/701 705/705/705 700/700/700
f 706/706/706 705/705/705 701/701/701
f 702/702/702 706/706/706 701/701/701
f 703/703/703 706/706/706 702/702/702
f 699/699/699 703/703/703 702/702/702
f 708/708/708 707/707/707 703/703/703
f 704/704/704 708/708/708 703/703/703
f 709/709/709 708/708/708 704/704/704
f 705/705/705 709/709/709 704/704/704
f 710/710/710 709/709/709 705/705/705
f 706/706/706 710/710/710 705/705/705
f 707/707/707 710/710/710 706/706/706
f 703/703/703 707/707/707 706/706/706
f 712/712/712 711/711/711 707/707/707
f 708/708/708 712/712/712 707/707/707
f 713/713/713 712/712/712 708/708/708
f 709/709/709 713/713/713 708/708/708
f 714/714/714 713/713/713 709/709/709
f 710/710/710 714/714/714 709/709/709
f 711/711/711 714/714/714 710/710/710
f 707/707/707 711/711/711 710/710/710
f 716/716/716 715/715/715 711/711/711
f 712/712/712 716/716/716 711/711/711
f 717/717/717 716/716/716 712/712/712
f 713/713/713 717/717/717 712/712/712
f 718/718/718 717/717/717 713/713/713
f 714/714/714 718/718/718 713/713/713
f 715/715/715 718/718/718 714/714/714
f 711/711/711 715/715/715 714/714/714
f 720/720/720 719/719/719 715/715/715
f 716/716/716 720/720/720 715/715/715
f 721/721/721 720/720/720 716/716/716
f 717/717/717 721/721/721 716/716/716
f 722/722/722 721/721/721 717/717/717
f 718/718/718 722/722/722 717/717/717
f 719/719/719 722/722/722 718/718/718
f 715/715/715 719/719/719 718/718/718
f 724/724/724 723/723/723 719/719/719
f 720/720/720 724/724/724 719/719/719
f 725/725/725 724/724/724 720/720/720
f 721/721/721 725/725/725 720/720/720
f 726/726/726 725/725/725 721/721/721
f 722/722/722 726/726/726 721/721/721
f 723/723/723 726/726/726 722/722/722
f 719/719/719 723/723/723 722/722/722
f 728/728/728 727/727/727 723/723/723
f 724/724/724 728/728/728 723/723/723
f 729/729/729 728/728/728 724/724/724
f 725/725/725 729/729/729 724/724/724
f 730/730/730 729/729/729 725/725/725
f 726/726/726 730/730/730 725/725/725
f 727/727/727 730/730/730 726/726/726
f 723/723/723 727/727/727 726/726/726
f 732/732/732 731/731/731 727/727/727
f 728/728/728 732/732/732 727/727/727
f 733/733/733 732/732/732 728/728/728
f 729/729/729 733/733/733 728/728/728
f 734/734/734 733/733/733 729/729/729
f 730/730/730 734/734/734 729/729/729
f 731/731/731 734/734/734 730/730/730
f 727/727/727 731/731/731 730/730/730
f 736/736/736 735/735/735 731/731/731
f 732/732/732 736/736/736 731/731/731
f 737/737/737 736/736/736 732/732/732
f 733/733/733 737/737/737 732/732/732
f 738/738/738 737/737/737 733/733/733
f 734/734/734 738/738/738 733/733/733
f 735/735/735 738/738/738 734/734/734
f 731/731/731 735/735/735 734/734/734
f 740/740/740 739/739/739 735/735/735
f 736/736/736 740/740/740 735/735/735
f 741/741/741 740/740/740 736/736/736
f 737/737/737 741/741/741 736/736/736
f 742/742/742 741/741/741 737/737/737
f 738/738/738 742/742/742 737/737/737
f 739/739/739 742/742/742 738/738/738
f 735/735/735 739/739/739 738/738/738
f 744/744/744 743/743/743 739/739/739
f 740/740/740 744/744/744 739/739/739
f 745/745/745 744/744/744 740/740/740
f 741/741/741 745/745/745 740/740/740
f 746/746/746 745/745/745 741/741/741
f 742/742/742 746/746/746 741/741/741
f 743/743/743 746/746/746 742/742/742
f 739/739/739 743/743/743 742/742/742
f 748/748/748 747/747/747 743/743/743
f 744/744/744 748/748/748 743/743/743
f 749/749/749 748/748/748 744/744/744
f 745/745/745 749/749/749 744/744/744
f 750/750/750 749/749/749 745/745/745
f 746/746/746 750/750/750 745/745/745
f 747/747/747 750/750/750 746/746/746
f 743/743/743 747/747/747 746/746/746
f 752/752/752 751/751/751 747/747/747
f 748/748/748 752/752/752 747/747/747
f 753/753/753 752/752/752 748/748/748
f 749/749/749 753/753/753 748/748/748
f 754/754/754 753/753/753 749/749/749
f 750/750/750 754/754/754 749/749/749
f 751/751/751 754/754/754 750/750/750
f 747/747/747 751/751/751 750/750/750
f 756/756/756 755/755/755 751/751/751
f 752/752/752 756/756/756 751/751/751
f 757/757/757 756/756/756 752/752/752
f 753/753/753 757/757/757 752/752/752
f 758/758/758 757/757/757 753/753/753
f 754/754/754 758/758/758 753/753/753
f 755/755/755 758/758/758 754/754/754
f 751/751/751 755/755/755 754/754/754
f 760/760/760 759/759/759 755/755/755
f 756/756/756 760/760/760 755/755/755
f 761/761/761 760/760/760 756/756/756
f 757/757/757 761/761/761 756/756/756
f 762/762/762 761/761/761 757/757/757
f 758/758/758 762/762/762 757/757/757
f 759/759/759 762/762/762 758/758/758
f 755/755/755 759/759/759 758/758/758
f 764/764/764 763/763/763 759/759/759
f 760/760/760 764/764/764 759/759/759
f 765/765/765 764/764/764 760/760/760
f 761/761/761 765/765/765 760/760/760
f 766/766/766 765/765/765 761/761/761
f 762/762/762 766/766/766 761/761/761
f 763/763/763 766/766/766 762/762/762
f 759/759/759 763/763/763 762/762/762
f 768/768/768 767/767/767 763/763/763
f 764/764/764 768/768/768 763/763/763
f 769/769/769 768/768/768 764/764/764
f 765/765/765 769/769/769 764/764/764
f 770/770/770 769/769/769 765/765/765
f 766/766/766 770/770/770 765/765/765
f 767/767/767 770/770/770 766/766/766
f 763/763/763 767/767/767 766/766/766
f 772/772/772 771/771/771 767/767/767
f 768/768/768 772/772/772 767/767/767
f 773/773/773 772/772/772 768/768/768
f 769/769/769 773/773/773 768/768/768
f 774/774/774 773/773/773 769/769/769
f 770/770/770 774/774/774 769/769/769
f 771/771/771 774/774/774 770/770/770
f 767/767/767 771/771/771 770/770/770
f 776/776/776 775/775/775 771/771/771
f 772/772/772 776/776/776 771/771/771
f 777/777/777 776/776/776 772/772/772
f 773/773/773 777/777/777 772/772/772
f 778/778/778 777/777/777 773/773/773
f 774/774/774 778/778/778 773/773/773
f 775/775/775 778/778/778 774/774/774
f 771/771/771 775/775/775 774/774/774
f 780/780/780 779/779/779 775/775/775
f 776/776/776 780/780/780 775/775/775
f 781/781/781 780/780/780 776/776/776
f 777/777/777 781/781/781 776/776/776
f 782/782/782 781/781/781 777/777/777
f 778/778/778 782/782/782 777/777/777
f 779/779/779 782/782/782 778/778/778
f 775/775/775 779/779/779 778/778/778
f 784/784/784 783/783/783 779/779/779
f 780/780/780 784/784/784 779/779/779
f 785/785/785 784/784/784 780/780/780
f 781/781/781 785/785/785 780/780/780
f 786/786/786 785/785/785 781/781/781
f 782/782/782 786/786/786 781/781/781
f 783/783/783 786/786/786 782/782/782
f 779/779/779 783/783/783 782/782/782
f 788/788/788 787/787/787 783/783/783
f 784/784/784 788/788/788 783/783/783
f 789/789/789 788/788/788 784/784/784
f 785/785/785 789/789/789 784/784/784
f 790/790/790 789/789/789 785/785/785
f 786/786/786 790/790/790 785/785/785
f 787/787/787 790/790/790 786/786/786
f 783/783/783 787/787/787 786/786/786
f 792/792/792 791/791/791 787/787/787
f 788/788/788 792/792/792 787/787/787
f 793/793/793 792/792/792 788/788/788
f 789/789/789 793/793/793 788/788/788
f 794/794/794 793/793/793 789/789/789
f 790/790/790 794/794/794 789/789/789
f 791/791/791 794/794/794 790/790/790
f 787/787/787 791/791/791 790/790/790
f 796/796/796 795/795/795 791/791/791
f 792/792/792 796/796/796 791/791/791
f 797/797/797 796/796/796 792/792/792
f 793/793/793 797/797/797 792/792/792
f 798/798/798 797/797/797 793/793/793
f 794/794/794 798/798/798 793/793/793
f 795/795/795 798/798/798 794/794/794
f 791/791/791 795/795/795 794/794/794
f 800/800/800 799/799/799 795/795/795
f 796/796/796 800/800/800 795/795/795
f 801/801/801 800/800/800 796/796/796
f 797/797/797 801/801/801 796/796/796
f 802/802/802 801/801/801 797/797/797
f 798/798/798 802/802/802 797/797/797
f 799/799/799 802/802/802 798/798/798
f 795/795/795 799/799/799 798/798/798
f 676/1266/676 675/1265/675 799/799/799
f 800/800/800 676/1266/676 799/799/799
f 677/1267/677 676/1266/676 800/800/800
f 801/801/801 677/1267/677 800/800/800
f 678/1268/678 677/1267/677 801/801/801
f 802/802/802 678/1268/678 801/801/801
f 675/1265/675 678/1268/678 802/802/802
f 799/799/799 675/1265/675 802/802/802
f 820/820/820 804/804/804 803/803/803
f 819/819/819 820/820/820 803/803/803
f 821/821/821 805/805/805 804/804/804
f 820/820/820 821/821/821 804/804/804
f 822/822/822 806/806/806 805/805/805
f 821/821/821 822/822/822 805/805/805
f 823/823/823 807/807/807 806/806/806
f 822/822/822 823/823/823 806/806/806
f 824/824/824 808/808/808 807/807/807
f 823/823/823 824/824/824 807/807/807
f 825/825/825 809/809/809 808/808/808
f 824/824/824 825/825/825 808/808/808
f 826/826/826 810/810/810 809/809/809
f 825/825/825 826/826/826 809/809/809
f 827/827/827 811/811/811 810/810/810
f 826/826/826 827/827/827 810/810/810
f 828/828/828 812/812/812 811/811/811
f 827/827/827 828/828/828 811/811/811
f 829/829/829 813/813/813 812/812/812
f 828/828/828 829/829/829 812/812/812
f 830/830/830 814/814/814 813/813/813
f 829/829/829 830/830/830 813/813/813
f 831/831/831 815/815/815 814/814/814
f 830/830/830 831/831/831 814/814/814
f 832/832/832 816/816/816 815/815/815
f 831/831/831 832/832/832 815/815/815
f 833/833/833 817/817/817 816/816/816
f 832/832/832 833/833/833 816/816/816
f 834/834/834 818/818/818 817/817/817
f 833/833/833 834/834/834 817/817/817
f 819/1270/819 803/1269/803 818/818/818
f 834/834/834 819/1270/819 818/818/818
f 836/836/836 820/820/820 819/819/819
f 835/835/835 836/836/836 819/819/819
f 837/837/837 821/821/821 820/820/820
f 836/836/836 837/837/837 820/820/820
f 838/838/838 822/822/822 821/821/821
f 837/837/837 838/838/838 821/821/821
f 839/839/839 823/823/823 822/822/822
f 838/838/838 839/839/839 822/822/822
f 840/840/840 824/824/824 823/823/823
f 839/839/839 840/840/840 823/823/823
f 841/841/841 825/825/825 824/824/824
f 840/840/840 841/841/841 824/824/824
f 842/842/842 826/826/826 825/825/825
f 841/841/841 842/842/842 825/825/825
f 843/843/843 827/827/827 826/826/826
f 842/842/842 843/843/843 826/826/826
f 844/844/844 828/828/828 827/827/827
f 843/843/843 844/844/844 827/827/827
f 845/845/845 829/829/829 828/828/828
f 844/844/844 845/845/845 828/828/828
f 846/846/846 830/830/830 829/829/829
f 845/845/845 846/846/846 829/829/829
f 847/847/847 831/831/831 830/830/830
f 846/846/846 847/847/847 830/830/830
f 848/848/848 832/832/832 831/831/831
f 847/847/847 848/848/848 831/831/831
f 849/849/849 833/833/833 832/832/832
f 848/848/848 849/849/849 832/832/832
f 850/850/850 834/834/834 833/833/833
f 849/849/849 850/850/850 833/833/833
f 835/1271/835 819/1270/819 834/834/834
f 850/850/850 835/1271/835 834/834/834
f 852/852/852 836/836/836 835/835/835
f 851/851/851 852/852/852 835/835/835
f 853/853/853 837/837/837 836/836/836
f 852/852/852 853/853/853 836/836/836
f 854/854/854 838/838/838 837/837/837
f 853/853/853 854/854/854 837/837/837
f 855/855/855 839/839/839 838/838/838
f 854/854/854 855/855/855 838/838/838
f 856/856/856 840/840/840 839/839/839
f 855/855/855 856/856/856 839/839/839
f 857/857/857 841/841/841 840/840/840
f 856/856/856 857/857/857 840/840/840
f 858/858/858 842/842/842 841/841/841
f 857/857/857 858/858/858 841/841/841
f 859/859/859 843/843/843 842/842/842
f 858/858/858 859/859/859 842/842/842
f 860/860/860 844/844/844 843/843/843
f 859/859/859 860/860/860 843/843/843
f 861/861/861 845/845/845 844/844/844
f 860/860/860 861/861/861 844/844/844
f 862/862/862 846/846/846 845/845/845
f 861/861/861 862/862/862 845/845/845
f 863/863/863 847/847/847 846/846/846
f 862/862/862 863/863/863 846/846/846
f 864/864/864 848/848/848 847/847/847
f 863/863/863 864/864/864 847/847/847
f 865/865/865 849/849/849 848/848/848
f 864/864/864 865/865/865 848/848/848
f 866/866/866 850/850/850 849/849/849
f 865/865/865 866/866/866 849/849/849
f 851/1272/851 835/1271/835 850/850/850
f 866/866/866 851/1272/851 850/850/850
f 868/868/868 852/852/852 851/851/851
f 867/867/867 868/868/868 851/851/851
f 869/869/869 853/853/853 852/852/852
f 868/868/868 869/869/869 852/852/852
f 870/870/870 854/854/854 853/853/853
f 869/869/869 870/870/870 853/853/853
f 871/871/871 855/855/855 854/854/854
f 870/870/870 871/871/871 854/854/854
f 872/872/872 856/856/856 855/855/855
f 871/871/871 872/872/872 855/855/855
f 873/873/873 857/857/857 856/856/856
f 872/872/872 873/873/873 856/856/856
f 874/874/874 858/858/858 857/857/857
f 873/873/873 874/874/874 857/857/857
f 875/875/875 859/859/859 858/858/858
f 874/874/874 875/875/875 858/858/858
f 876/876/876 860/860/860 859/859/859
f 875/875/875 876/876/876 859/859/859
f 877/877/877 861/861/861 860/860/860
f 876/876/876 877/877/877 860/860/860
f 878/878/878 862/862/862 861/861/861
f 877/877/877 878/878/878 861/861/861
f 879/879/879 863/863/863 862/862/862
f 878/878/878 879/879/879 862/862/862
f 880/880/880 864/864/864 863/863/863
f 879/879/879 880/880/880 863/863/863
f 881/881/881 865/865/865 864/864/864
f 880/880/880 881/881/881 864/864/864
f 882/882/882 866/866/866 865/865/865
f 881/881/881 882/882/882 865/865/865
f 867/1273/867 851/1272/851 866/866/866
f 882/882/882 867/1273/867 866/866/866
f 884/884/884 868/868/868 867/867/867
f 883/883/883 884/884/884 867/867/867
f 885/885/885 869/869/869 868/868/868
f 884/884/884 885/885/885 868/868/868
f 886/886/886 870/870/870 869/869/869
f 885/885/885 886/886/886 869/869/869
f 887/887/887 871/871/871 870/870/870
f 886/886/886 887/887/887 870/870/870
f 888/888/888 872/872/872 871/871/871
f 887/887/887 888/888/888 871/871/871
f 889/889/889 873/873/873 872/872/872
f 888/888/888 889/889/889 872/872/872
f 890/890/890 874/874/874 873/873/873
f 889/889/889 890/890/890 873/873/873
f 891/891/891 875/875/875 874/874/874
f 890/890/890 891/891/891 874/874/874
f 892/892/892 876/876/876 875/875/875
f 891/891/891 892/892/892 875/875/875
f 893/893/893 877/877/877 876/876/876
f 892/892/892 893/893/893 876/876/876
f 894/894/894 878/878/878 877/877/877
f 893/893/893 894/894/894 877/877/877
f 895/895/895 879/879/879 878/878/878
f 894/894/894 895/895/895 878/878/878
f 896/896/896 880/880/880 879/879/879
f 895/895/895 896/896/896 879/879/879
f 897/897/897 881/881/881 880/880/880
f 896/896/896 897/897/897 880/880/880
f 898/898/898 882/882/882 881/881/881
f 897/897/897 898/898/898 881/881/881
f 883/1274/883 867/1273/867 882/882/882
f 898/898/898 883/1274/883 882/882/882
f 900/900/900 884/884/884 883/883/883
f 899/899/899 900/900/900 883/883/883
f 901/901/901 885/885/885 884/884/884
f 900/900/900 901/901/901 884/884/884
f 902/902/902 886/886/886 885/885/885
f 901/901/901 902/902/902 885/885/885
f 903/903/903 887/887/887 886/886/886
f 902/902/902 903/903/903 886/886/886
f 904/904/904 888/888/888 887/887/887
f 903/903/903 904/904/904 887/887/887
f 905/905/905 889/889/889 888/888/888
f 904/904/904 905/905/905 888/888/888
f 906/906/906 890/890/890 889/889/889
f 905/905/905 906/906/906 889/889/889
f 907/907/907 891/891/891 890/890/890
f 906/906/906 907/907/907 890/890/890
f 908/908/908 892/892/892 891/891/891
f 907/907/907 908/908/908 891/891/891
f 909/909/909 893/893/893 892/892/892
f 908/908/908 909/909/909 892/892/892
f 910/910/910 894/894/894 893/893/893
f 909/909/909 910/910/910 893/893/893
f 911/911/911 895/895/895 894/894/894
f 910/910/910 911/911/911 894/894/894
f 912/912/912 896/896/896 895/895/895
f 911/911/911 912/912/912 895/895/895
f 913/913/913 897/897/897 896/896/896
f 912/912/912 913/913/913 896/896/896
f 914/914/914 898/898/898 897/897/897
f 913/913/913 914/914/914 897/897/897
f 899/1275/899 883/1274/883 898/898/898
f 914/914/914 899/1275/899 898/898/898
f 916/916/916 900/900/900 899/899/899
f 915/915/915 916/916/916 899/899/899
f 917/917/917 901/901/901 900/900/900
f 916/916/916 917/917/917 900/900/900
f 918/918/918 902/902/902 901/901/901
f 917/917/917 918/918/918 901/901/901
f 919/919/919 903/903/903 902/902/902
f 918/918/918 919/919/919 902/902/902
f 920/920/920 904/904/904 903/903/903
f 919/919/919 920/920/920 903/903/903
f 921/921/921 905/905/905 904/904/904
f 920/920/920 921/921/921 904/904/904
f 922/922/922 906/906/906 905/905/905
f 921/921/921 922/922/922 905/905/905
f 923/923/923 907/907/907 906/906/906
f 922/922/922 923/923/923 906/906/906
f 924/924/924 908/908/908 907/907/907
f 923/923/923 924/924/924 907/907/907
f 925/925/925 909/909/909 908/908/908
f 924/924/924 925/925/925 908/908/908
f 926/926/926 910/910/910 909/909/909
f 925/925/925 926/926/926 909/909/909
f 927/927/927 911/911/911 910/910/910
f 926/926/926 927/927/927 910/910/910
f 928/928/928 912/912/912 911/911/911
f 927/927/927 928/928/928 911/911/911
f 929/929/929 913/913/913 912/912/912
f 928/928/928 929/929/929 912/912/912
f 930/930/930 914/914/914 913/913/913
f 929/929/929 930/930/930 913/913/913
f 915/1276/915 899/1275/899 914/914/914
f 930/930/930 915/1276/915 914/914/914
f 932/932/932 916/916/916 915/915/915
f 931/931/931 932/932/932 915/915/915
f 933/933/933 917/917/917 916/916/916
f 932/932/932 933/933/933 916/916/916
f 934/934/934 918/918/918 917/917/917
f 933/933/933 934/934/934 917/917/917
f 935/935/935 919/919/919 918/918/918
f 934/934/934 935/935/935 918/918/918
f 936/936/936 920/920/920 919/919/919
f 935/935/935 936/936/936 919/919/919
f 937/937/937 921/921/921 920/920/920
f 936/936/936 937/937/937 920/920/920
f 938/938/938 922/922/922 921/921/921
f 937/937/937 938/938/938 921/921/921
f 939/939/939 923/923/923 922/922/922
f 938/938/938 939/939/939 922/922/922
f 940/940/940 924/924/924 923/923/923
f 939/939/939 940/940/940 923/923/923
f 941/941/941 925/925/925 924/924/924
f 940/940/940 941/941/941 924/924/924
f 942/942/942 926/926/926 925/925/925
f 941/941/941 942/942/942 925/925/925
f 943/943/943 927/927/927 926/926/926
f 942/942/942 943/943/943 926/926/926
f 944/944/944 928/928/928 927/927/927
f 943/943/943 944/944/944 927/927/927
f 945/945/945 929/929/929 928/928/928
f 944/944/944 945/945/945 928/928/928
f 946/946/946 930/930/930 929/929/929
f 945/945/945 946/946/946 929/929/929
f 931/1277/931 915/1276/915 930/930/930
f 946/946/946 931/1277/931 930/930/930
f 803/803/803 804/804/804 947/947/947
f 804/804/804 805/805/805 947/947/947
f 805/805/805 806/806/806 947/947/947
f 806/806/806 807/807/807 947/947/947
f 807/807/807 808/808/808 947/947/947
f 808/808/808 809/809/809 947/947/947
f 809/809/809 810/810/810 947/947/947
f 810/810/810 811/811/811 947/947/947
f 811/811/811 812/812/812 947/947/947
f 812/812/812 813/813/813 947/947/947
f 813/813/813 814/814/814 947/947/947
f 814/814/814 815/815/815 947/947/947
f 815/815/815 816/816/816 947/947/947
f 816/816/816 817/817/817 947/947/947
f 817/817/817 818/818/818 947/947/947
f 818/818/818 803/1269/803 947/947/947
f 932/932/932 931/931/931 948/948/948
f 933/933/933 932/932/932 948/948/948
f 934/934/934 933/933/933 948/948/948
f 935/935/935 934/934/934 948/948/948
f 936/936/936 935/935/935 948/948/948
f 937/937/937 936/936/936 948/948/948
f 938/938/938 937/937/937 948/948/948
f 939/939/939 938/938/938 948/948/948
f 940/940/940 939/939/939 948/948/948
f 941/941/941 940/940/940 948/948/948
f 942/942/942 941/941/941 948/948/948
f 943/943/943 942/942/942 948/948/948
f 944/944/944 943/943/943 948/948/948
f 945/945/945 944/944/944 948/948/948
f 946/946/946 945/945/945 948/948/948
f 931/1277/931 946/946/946 948/948/948
f 966/966/966 950/950/950 949/949/949
f 965/965/965 966/966/966 949/949/949
f 967/967/967 951/951/951 950/950/950
f 966/966/966 967/967/967 950/950/950
f 968/968/968 952/952/952 951/951/951
f 967/967/967 968/968/968 951/951/951
f 969/969/969 953/953/953 952/952/952
f 968/968/968 969/969/969 952/952/952
f 970/970/970 954/954/954 953/953/953
f 969/969/969 970/970/970 953/953/953
f 971/971/971 955/955/955 954/954/954
f 970/970/970 971/971/971 954/954/954
f 972/972/972 956/956/956 955/955/955
f 971/971/971 972/972/972 955/955/955
f 973/973/973 957/957/957 956/956/956
f 972/972/972 973/973/973 956/956/956
f 974/974/974 958/958/958 957/957/957
f 973/973/973 974/974/974 957/957/957
f 975/975/975 959/959/959 958/958/958
f 974/974/974 975/975/975 958/958/958
f 976/976/976 960/960/960 959/959/959
f 975/975/975 976/976/976 959/959/959
f 977/977/977 961/961/961 960/960/960
f 976/976/976 977/977/977 960/960/960
f 978/978/978 962/962/962 961/961/961
f 977/977/977 978/978/978 961/961/961
f 979/979/979 963/963/963 962/962/962
f 978/978/978 979/979/979 962/962/962
f 980/980/980 964/964/964 963/963/963
f 979/979/979 980/980/980 963/963/963
f 965/1279/965 949/1278/949 964/964/964
f 980/980/980 965/1279/965 964/964/964
f 982/982/982 966/966/966 965/965/965
f 981/981/981 982/982/982 965/965/965
f 983/983/983 967/967/967 966/966/966
f 982/982/982 983/983/983 966/966/966
f 984/984/984 968/968/968 967/967/967
f 983/983/983 984/984/984 967/967/967
f 985/985/985 969/969/969 968/968/968
f 984/984/984 985/985/985 968/968/968
f 986/986/986 970/970/970 969/969/969
f 985/985/985 986/986/986 969/969/969
f 987/987/987 971/971/971 970/970/970
f 986/986/986 987/987/987 970/970/970
f 988/988/988 972/972/972 971/971/971
f 987/987/987 988/988/988 971/971/971
f 989/989/989 973/973/973 972/972/972
f 988/988/988 989/989/989 972/972/972
f 990/990/990 974/974/974 973/973/973
f 989/989/989 990/990/990 973/973/973
f 991/991/991 975/975/975 974/974/974
f 990/990/990 991/991/991 974/974/974
f 992/992/992 976/976/976 975/975/975
f 991/991/991 992/992/992 975/975/975
f 993/993/993 977/977/977 976/976/976
f 992/992/992 993/993/993 976/976/976
f 994/994/994 978/978/978 977/977/977
f 993/993/993 994/994/994 977/977/977
f 995/995/995 979/979/979 978/978/978
f 994/994/994 995/995/995 978/978/978
f 996/996/996 980/980/980 979/979/979
f 995/995/995 996/996/996 979/979/979
f 981/1280/981 965/1279/965 980/980/980
f 996/996/996 981/1280/981 980/980/980
f 998/998/998 982/982/982 981/981/981
f 997/997/997 998/998/998 981/981/981
f 999/999/999 983/983/983 982/982/982
f 998/998/998 999/999/999 982/982/982
f 1000/1000/1000 984/984/984 983/983/983
f 999/999/999 1000/1000/1000 983/983/983
f 1001/1001/1001 985/985/985 984/984/984
f 1000/1000/1000 1001/1001/1001 984/984/984
f 1002/1002/1002 986/986/986 985/985/985
f 1001/1001/1001 1002/1002/1002 985/985/985
f 1003/1003/1003 987/987/987 986/986/986
f 1002/1002/1002 1003/1003/1003 986/986/986
f 1004/1004/1004 988/988/988 987/987/987
f 1003/1003/1003 1004/1004/1004 987/987/987
f 1005/1005/1005 989/989/989 988/988/988
f 1004/1004/1004 1005/1005/1005 988/988/988
f 1006/1006/1006 990/990/990 989/989/989
f 1005/1005/1005 1006/1006/1006 989/989/989
f 1007/1007/1007 991/991/991 990/990/990
f 1006/1006/1006 1007/1007/1007 990/990/990
f 1008/1008/1008 992/992/992 991/991/991
f 1007/1007/1007 1008/1008/1008 991/991/991
f 1009/1009/1009 993/993/993 992/992/992
f 1008/1008/1008 1009/1009/1009 992/992/992
f 1010/1010/1010 994/994/994 993/993/993
f 1009/1009/1009 1010/1010/1010 993/993/993
f 1011/1011/1011 995/995/995 994/994/994
f 1010/1010/1010 1011/1011/1011 994/994/994
f 1012/1012/1012 996/996/996 995/995/995
f 1011/1011/1011 1012/1012/1012 995/995/995
f 997/1281/997 981/1280/981 996/996/996
f 1012/1012/1012 997/1281/997 996/996/996
f 1014/1014/1014 998/998/998 997/997/997
f 1013/1013/1013 1014/1014/1014 997/997/997
f 1015/1015/1015 999/999/999 998/998/998
f 1014/1014/1014 1015/1015/1015 998/998/998
f 1016/1016/1016 1000/1000/1000 999/999/999
f 1015/1015/1015 1016/1016/1016 999/999/999
f 1017/1017/1017 1001/1001/1001 1000/1000/1000
f 1016/1016/1016 1017/1017/1017 1000/1000/1000
f 1018/1018/1018 1002/1002/1002 1001/1001/1001
f 1017/1017/1017 1018/1018/1018 1001/1001/1001
f 1019/1019/1019 1003/1003/1003 1002/1002/1002
f 1018/1018/1018 1019/1019/1019 1002/1002/1002
f 1020/1020/1020 1004/1004/1004 1003/1003/1003
f 1019/1019/1019 1020/1020/1020 1003/1003/1003
f 1021/1021/1021 1005/1005/1005 1004/1004/1004
f 1020/1020/1020 1021/1021/1021 1004/1004/1004
f 1022/1022/1022 1006/1006/1006 1005/1005/1005
f 1021/1021/1021 1022/1022/1022 1005/1005/1005
f 1023/1023/1023 1007/1007/1007 1006/1006/1006
f 1022/1022/1022 1023/1023/1023 1006/1006/1006
f 1024/1024/1024 1008/1008/1008 1007/1007/1007
f 1023/1023/1023 1024/1024/1024 1007/1007/1007
f 1025/1025/1025 1009/1009/1009 1008/1008/1008
f 1024/1024/1024 1025/1025/1025 1008/1008/1008
f 1026/1026/1026 1010/1010/1010 1009/1009/1009
f 1025/1025/1025 1026/1026/1026 1009/1009/1009
f 1027/1027/1027 1011/1011/1011 1010/1010/1010
f 1026/1026/1026 1027/1027/1027 1010/1010/1010
f 1028/1028/1028 1012/1012/1012 1011/1011/1011
f 1027/1027/1027 1028/1028/1028 1011/1011/1011
f 1013/1282/1013 997/1281/997 1012/1012/1012
f 1028/1028/1028 1013/1282/1013 1012/1012/1012
f 1030/1030/1030 1014/1014/1014 1013/1013/1013
f 1029/1029/1029 1030/1030/1030 1013/1013/1013
f 1031/1031/1031 1015/1015/1015 1014/1014/1014
f 1030/1030/1030 1031/1031/1031 1014/1014/1014
f 1032/1032/1032 1016/1016/1016 1015/1015/1015
f 1031/1031/1031 1032/1032/1032 1015/1015/1015
f 1033/1033/1033 1017/1017/1017 1016/1016/1016
f 1032/1032/1032 1033/1033/1033 1016/1016/1016
f 1034/1034/1034 1018/1018/1018 1017/1017/1017
f 1033/1033/1033 1034/1034/1034 1017/1017/1017
f 1035/1035/1035 1019/1019/1019 1018/1018/1018
f 1034/1034/1034 1035/1035/1035 1018/1018/1018
f 1036/1036/1036 1020/1020/1020 1019/1019/1019
f 1035/1035/1035 1036/1036/1036 1019/1019/1019
f 1037/1037/1037 1021/1021/1021 1020/1020/1020
f 1036/1036/1036 1037/1037/1037 1020/1020/1020
f 1038/1038/1038 1022/1022/1022 1021/1021/1021
f 1037/1037/1037 1038/1038/1038 1021/1021/1021
f 1039/1039/1039 1023/1023/1023 1022/1022/1022
f 1038/1038/1038 1039/1039/1039 1022/1022/1022
f 1040/1040/1040 1024/1024/1024 1023/1023/1023
f 1039/1039/1039 1040/1040/1040 1023/1023/1023
f 1041/1041/1041 1025/1025/1025 1024/1024/1024
f 1040/1040/1040 1041/1041/1041 1024/1024/1024
f 1042/1042/1042 1026/1026/1026 1025/1025/1025
f 1041/1041/1041 1042/1042/1042 1025/1025/1025
f 1043/1043/1043 1027/1027/1027 1026/1026/1026
f 1042/1042/1042 1043/1043/1043 1026/1026/1026
f 1044/1044/1044 1028/1028/1028 1027/1027/1027
f 1043/1043/1043 1044/1044/1044 1027/1027/1027
f 1029/1283/1029 1013/1282/1013 1028/1028/1028
f 1044/1044/1044 1029/1283/1029 1028/1028/1028
f 1046/1046/1046 1030/1030/1030 1029/1029/1029
f 1045/1045/1045 1046/1046/1046 1029/1029/1029
f 1047/1047/1047 1031/1031/1031 1030/1030/1030
f 1046/1046/1046 1047/1047/1047 1030/1030/1030
f 1048/1048/1048 1032/1032/1032 1031/1031/1031
f 1047/1047/1047 1048/1048/1048 1031/1031/1031
f 1049/1049/1049 1033/1033/1033 1032/1032/1032
f 1048/1048/1048 1049/1049/1049 1032/1032/1032
f 1050/1050/1050 1034/1034/1034 1033/1033/1033
f 1049/1049/1049 1050/1050/1050 1033/1033/1033
f 1051/1051/1051 1035/1035/1035 1034/1034/1034
f 1050/1050/1050 1051/1051/1051 1034/1034/1034
f 1052/1052/1052 1036/1036/1036 1035/1035/1035
f 1051/1051/1051 1052/1052/1052 1035/1035/1035
f 1053/1053/1053 1037/1037/1037 1036/1036/1036
f 1052/1052/1052 1053/1053/1053 1036/1036/1036
f 1054/1054/1054 1038/1038/1038 1037/1037/1037
f 1053/1053/1053 1054/1054/1054 1037/1037/1037
f 1055/1055/1055 1039/1039/1039 1038/1038/1038
f 1054/1054/1054 1055/1055/1055 1038/1038/1038
f 1056/1056/1056 1040/1040/1040 1039/1039/1039
f 1055/1055/1055 1056/1056/1056 1039/1039/1039
f 1057/1057/1057 1041/1041/1041 1040/1040/1040
f 1056/1056/1056 1057/1057/1057 1040/1040/1040
f 1058/1058/1058 1042/1042/1042 1041/1041/1041
f 1057/1057/1057 1058/1058/1058 1041/1041/1041
f 1059/1059/1059 1043/1043/1043 1042/1042/1042
f 1058/1058/1058 1059/1059/1059 1042/1042/1042
f 1060/1060/1060 1044/1044/1044 1043/1043/1043
f 1059/1059/1059 1060/1060/1060 1043/1043/1043
f 1045/1284/1045 1029/1283/1029 1044/1044/1044
f 1060/1060/1060 1045/1284/1045 1044/1044/1044
f 1062/1062/1062 1046/1046/1046 1045/1045/1045
f 1061/1061/1061 1062/1062/1062 1045/1045/1045
f 1063/1063/1063 1047/1047/1047 1046/1046/1046
f 1062/1062/1062 1063/1063/1063 1046/1046/1046
f 1064/1064/1064 1048/1048/1048 1047/1047/1047
f 1063/1063/1063 1064/1064/1064 1047/1047/1047
f 1065/1065/1065 1049/1049/1049 1048/1048/1048
f 1064/1064/1064 1065/1065/1065 1048/1048/1048
f 1066/1066/1066 1050/1050/1050 1049/1049/1049
f 1065/1065/1065 1066/1066/1066 1049/1049/1049
f 1067/1067/1067 1051/1051/1051 1050/1050/1050
f 1066/1066/1066 1067/1067/1067 1050/1050/1050
f 1068/1068/1068 1052/1052/1052 1051/1051/1051
f 1067/1067/1067 1068/1068/1068 1051/1051/1051
f 1069/1069/1069 1053/1053/1053 1052/1052/1052
f 1068/1068/1068 1069/1069/1069 1052/1052/1052
f 1070/1070/1070 1054/1054/1054 1053/1053/1053
f 1069/1069/1069 1070/1070/1070 1053/1053/1053
f 1071/1071/1071 1055/1055/1055 1054/1054/1054
f 1070/1070/1070 1071/1071/1071 1054/1054/1054
f 1072/1072/1072 1056/1056/1056 1055/1055/1055
f 1071/1071/1071 1072/1072/1072 1055/1055/1055
f 1073/1073/1073 1057/1057/1057 1056/1056/1056
f 1072/1072/1072 1073/1073/1073 1056/1056/1056
f 1074/1074/1074 1058/1058/1058 1057/1057/1057
f 1073/1073/1073 1074/1074/1074 1057/1057/1057
f 1075/1075/1075 1059/1059/1059 1058/1058/1058
f 1074/1074/1074 1075/1075/1075 1058/1058/1058
f 1076/1076/1076 1060/1060/1060 1059/1059/1059
f 1075/1075/1075 1076/1076/1076 1059/1059/1059
f 1061/1285/1061 1045/1284/1045 1060/1060/1060
f 1076/1076/1076 1061/1285/1061 1060/1060/1060
f 1078/1078/1078 1062/1062/1062 1061/1061/1061
f 1077/1077/1077 1078/1078/1078 1061/1061/1061
f 1079/1079/1079 1063/1063/1063 1062/1062/1062
f 1078/1078/1078 1079/1079/1079 1062/1062/1062
f 1080/1080/1080 1064/1064/1064 1063/1063/1063
f 1079/1079/1079 1080/1080/1080 1063/1063/1063
f 1081/1081/1081 1065/1065/1065 1064/1064/1064
f 1080/1080/1080 1081/1081/1081 1064/1064/1064
f 1082/1082/1082 1066/1066/1066 1065/1065/1065
f 1081/1081/1081 1082/1082/1082 1065/1065/1065
f 1083/1083/1083 1067/1067/1067 1066/1066/1066
f 1082/1082/1082 1083/1083/1083 1066/1066/1066
f 1084/1084/1084 1068/1068/1068 1067/1067/1067
f 1083/1083/1083 1084/1084/1084 1067/1067/1067
f 1085/1085/1085 1069/1069/1069 1068/1068/1068
f 1084/1084/1084 1085/1085/1085 1068/1068/1068
f 1086/1086/1086 1070/1070/1070 1069/1069/1069
f 1085/1085/1085 1086/1086/1086 1069/1069/1069
f 1087/1087/1087 1071/1071/1071 1070/1070/1070
f 1086/1086/1086 1087/1087/1087 1070/1070/1070
f 1088/1088/1088 1072/1072/1072 1071/1071/1071
f 1087/1087/1087 1088/1088/1088 1071/1071/1071
f 1089/1089/1089 1073/1073/1073 1072/1072/1072
f 1088/1088/1088 1089/1089/1089 1072/1072/1072
f 1090/1090/1090 1074/1074/1074 1073/1073/1073
f 1089/1089/1089 1090/1090/1090 1073/1073/1073
f 1091/1091/1091 1075/1075/1075 1074/1074/1074
f 1090/1090/1090 1091/1091/1091 1074/1074/1074
f 1092/1092/1092 1076/1076/1076 1075/1075/1075
f 1091/1091/1091 1092/1092/1092 1075/1075/1075
f 1077/1286/1077 1061/1285/1061 1076/1076/1076
f 1092/1092/1092 1077/1286/1077 1076/1076/1076
f 949/949/949 950/950/950 1093/1093/1093
f 950/950/950 951/951/951 1093/1093/1093
f 951/951/951 952/952/952 1093/1093/1093
f 952/952/952 953/953/953 1093/1093/1093
f 953/953/953 954/954/954 1093/1093/1093
f 954/954/954 955/955/955 1093/1093/1093
f 955/955/955 956/956/956 1093/1093/1093
f 956/956/956 957/957/957 1093/1093/1093
f 957/957/957 958/958/958 1093/1093/1093
f 958/958/958 959/959/959 1093/1093/1093
f 959/959/959 960/960/960 1093/1093/1093
f 960/960/960 961/961/961 1093/1093/1093
f 961/961/961 962/962/962 1093/1093/1093
f 962/962/962 963/963/963 1093/1093/1093
f 963/963/963 964/964/964 1093/1093/1093
f 964/964/964 949/1278/949 1093/1093/1093
f 1078/1078/1078 1077/1077/1077 1094/1094/1094
f 1079/1079/1079 1078/1078/1078 1094/1094/1094
f 1080/1080/1080 1079/1079/1079 1094/1094/1094
f 1081/1081/1081 1080/1080/1080 1094/1094/1094
f 1082/1082/1082 1081/1081/1081 1094/1094/1094
f 1083/1083/1083 1082/1082/1082 1094/1094/1094
f 1084/1084/1084 1083/1083/1083 1094/1094/1094
f 1085/1085/1085 1084/1084/1084 1094/1094/1094
f 1086/1086/1086 1085/1085/1085 1094/1094/1094
f 1087/1087/1087 1086/1086/1086 1094/1094/1094
f 1088/1088/1088 1087/1087/1087 1094/1094/1094
f 1089/1089/1089 1088/1088/1088 1094/1094/1094
f 1090/1090/1090 1089/1089/1089 1094/1094/1094
f 1091/1091/1091 1090/1090/1090 1094/1094/1094
f 1092/1092/1092 1091/1091/1091 1094/1094/1094
f 1077/1286/1077 1092/1092/1092 1094/1094/1094
f 1112/1112/1112 1096/1096/1096 1095/1095/1095
f 1111/1111/1111 1112/1112/1112 1095/1095/1095
f 1113/1113/1113 1097/1097/1097 1096/1096/1096
f 1112/1112/1112 1113/1113/1113 1096/1096/1096
f 1114/1114/1114 1098/1098/1098 1097/1097/1097
f 1113/1113/1113 1114/1114/1114 1097/1097/1097
f 1115/1115/1115 1099/1099/1099 1098/1098/1098
f 1114/1114/1114 1115/1115/1115 1098/1098/1098
f 1116/1116/1116 1100/1100/1100 1099/1099/1099
f 1115/1115/1115 1116/1116/1116 1099/1099/1099
f 1117/1117/1117 1101/1101/1101 1100/1100/1100
f 1116/1116/1116 1117/1117/1117 1100/1100/1100
f 1118/1118/1118 1102/1102/1102 1101/1101/1101
f 1117/1117/1117 1118/1118/1118 1101/1101/1101
f 1119/1119/1119 1103/1103/1103 1102/1102/1102
f 1118/1118/1118 1119/1119/1119 1102/1102/1102
f 1120/1120/1120 1104/1104/1104 1103/1103/1103
f 1119/1119/1119 1120/1120/1120 1103/1103/1103
f 1121/1121/1121 1105/1105/1105 1104/1104/1104
f 1120/1120/1120 1121/1121/1121 1104/1104/1104
f 1122/1122/1122 1106/1106/1106 1105/1105/1105
f 1121/1121/1121 1122/1122/1122 1105/1105/1105
f 1123/1123/1123 1107/1107/1107 1106/1106/1106
f 1122/1122/1122 1123/1123/1123 1106/1106/1106
f 1124/1124/1124 1108/1108/1108 1107/1107/1107
f 1123/1123/1123 1124/1124/1124 1107/1107/1107
f 1125/1125/1125 1109/1109/1109 1108/1108/1108
f 1124/1124/1124 1125/1125/1125 1108/1108/1108
f 1126/1126/1126 1110/1110/1110 1109/1109/1109
f 1125/1125/1125 1126/1126/1126 1109/1109/1109
f 1111/1288/1111 1095/1287/1095 1110/1110/1110
f 1126/1126/1126 1111/1288/1111 1110/1110/1110
f 1128/1128/1128 1112/1112/1112 1111/1111/1111
f 1127/1127/1127 1128/1128/1128 1111/1111/1111
f 1129/1129/1129 1113/1113/1113 1112/1112/1112
f 1128/1128/1128 1129/1129/1129 1112/1112/1112
f 1130/1130/1130 1114/1114/1114 1113/1113/1113
f 1129/1129/1129 1130/1130/1130 1113/1113/1113
f 1131/1131/1131 1115/1115/1115 1114/1114/1114
f 1130/1130/1130 1131/1131/1131 1114/1114/1114
f 1132/1132/1132 1116/1116/1116 1115/1115/1115
f 1131/1131/1131 1132/1132/1132 1115/1115/1115
f 1133/1133/1133 1117/1117/1117 1116/1116/1116
f 1132/1132/1132 1133/1133/1133 1116/1116/1116
f 1134/1134/1134 1118/1118/1118 1117/1117/1117
f 1133/1133/1133 1134/1134/1134 1117/1117/1117
f 1135/1135/1135 1119/1119/1119 1118/1118/1118
f 1134/1134/1134 1135/1135/1135 1118/1118/1118
f 1136/1136/1136 1120/1120/1120 1119/1119/1119
f 1135/1135/1135 1136/1136/1136 1119/1119/1119
f 1137/1137/1137 1121/1121/1121 1120/1120/1120
f 1136/1136/1136 1137/1137/1137 1120/1120/1120
f 1138/1138/1138 1122/1122/1122 1121/1121/1121
f 1137/1137/1137 1138/1138/1138 1121/1121/1121
f 1139/1139/1139 1123/1123/1123 1122/1122/1122
f 1138/1138/1138 1139/1139/1139 1122/1122/1122
f 1140/1140/1140 1124/1124/1124 1123/1123/1123
f 1139/1139/1139 1140/1140/1140 1123/1123/1123
f 1141/1141/1141 1125/1125/1125 1124/1124/1124
f 1140/1140/1140 1141/1141/1141 1124/1124/1124
f 1142/1142/1142 1126/1126/1126 1125/1125/1125
f 1141/1141/1141 1142/1142/1142 1125/1125/1125
f 1127/1289/1127 1111/1288/1111 1126/1126/1126
f 1142/1142/1142 1127/1289/1127 1126/1126/1126
f 1144/1144/1144 1128/1128/1128 1127/1127/1127
f 1143/1143/1143 1144/1144/1144 1127/1127/1127
f 1145/1145/1145 1129/1129/1129 1128/1128/1128
f 1144/1144/1144 1145/1145/1145 1128/1128/1128
f 1146/1146/1146 1130/1130/1130 1129/1129/1129
f 1145/1145/1145 1146/1146/1146 1129/1129/1129
f 1147/1147/1147 1131/1131/1131 1130/1130/1130
f 1146/1146/1146 1147/1147/1147 1130/1130/1130
f 1148/1148/1148 1132/1132/1132 1131/1131/1131
f 1147/1147/1147 1148/1148/1148 1131/1131/1131
f 1149/1149/1149 1133/1133/1133 1132/1132/1132
f 1148/1148/1148 1149/1149/1149 1132/1132/1132
f 1150/1150/1150 1134/1134/1134 1133/1133/1133
f 1149/1149/1149 1150/1150/1150 1133/1133/1133
f 1151/1151/1151 1135/1135/1135 1134/1134/1134
f 1150/1150/1150 1151/1151/1151 1134/1134/1134
f 1152/1152/1152 1136/1136/1136 1135/1135/1135
f 1151/1151/1151 1152/1152/1152 1135/1135/1135
f 1153/1153/1153 1137/1137/1137 1136/1136/1136
f 1152/1152/1152 1153/1153/1153 1136/1136/1136
f 1154/1154/1154 1138/1138/1138 1137/1137/1137
f 1153/1153/1153 1154/1154/1154 1137/1137/1137
f 1155/1155/1155 1139/1139/1139 1138/1138/1138
f 1154/1154/1154 1155/1155/1155 1138/1138/1138
f 1156/1156/1156 1140/1140/1140 1139/1139/1139
f 1155/1155/1155 1156/1156/1156 1139/1139/1139
f 1157/1157/1157 1141/1141/1141 1140/1140/1140
f 1156/1156/1156 1157/1157/1157 1140/1140/1140
f 1158/1158/1158 1142/1142/1142 1141/1141/1141
f 1157/1157/1157 1158/1158/1158 1141/1141/1141
f 1143/1290/1143 1127/1289/1127 1142/1142/1142
f 1158/1158/1158 1143/1290/1143 1142/1142/1142
f 1160/1160/1160 1144/1144/1144 1143/1143/1143
f 1159/1159/1159 1160/1160/1160 1143/1143/1143
f 1161/1161/1161 1145/1145/1145 1144/1144/1144
f 1160/1160/1160 1161/1161/1161 1144/1144/1144
f 1162/1162/1162 1146/1146/1146 1145/1145/1145
f 1161/1161/1161 1162/1162/1162 1145/1145/1145
f 1163/1163/1163 1147/1147/1147 1146/1146/1146
f 1162/1162/1162 1163/1163/1163 1146/1146/1146
f 1164/1164/1164 1148/1148/1148 1147/1147/1147
f 1163/1163/1163 1164/1164/1164 1147/1147/1147
f 1165/1165/1165 1149/1149/1149 1148/1148/1148
f 1164/1164/1164 1165/1165/1165 1148/1148/1148
f 1166/1166/1166 1150/1150/1150 1149/1149/1149
f 1165/1165/1165 1166/1166/1166 1149/1149/1149
f 1167/1167/1167 1151/1151/1151 1150/1150/1150
f 1166/1166/1166 1167/1167/1167 1150/1150/1150
f 1168/1168/1168 1152/1152/1152 1151/1151/1151
f 1167/1167/1167 1168/1168/1168 1151/1151/1151
f 1169/1169/1169 1153/1153/1153 1152/1152/1152
f 1168/1168/1168 1169/1169/1169 1152/1152/1152
f 1170/1170/1170 1154/1154/1154 1153/1153/1153
f 1169/1169/1169 1170/1170/1170 1153/1153/1153
f 1171/1171/1171 1155/1155/1155 1154/1154/1154
f 1170/1170/1170 1171/1171/1171 1154/1154/1154
f 1172/1172/1172 1156/1156/1156 1155/1155/1155
f 1171/1171/1171 1172/1172/1172 1155/1155/1155
f 1173/1173/1173 1157/1157/1157 1156/1156/1156
f 1172/1172/1172 1173/1173/1173 1156/1156/1156
f 1174/1174/1174 1158/1158/1158 1157/1157/1157
f 1173/1173/1173 1174/1174/1174 1157/1157/1157
f 1159/1291/1159 1143/1290/1143 1158/1158/1158
f 1174/1174/1174 1159/1291/1159 1158/1158/1158
f 1176/1176/1176 1160/1160/1160 1159/1159/1159
f 1175/1175/1175 1176/1176/1176 1159/1159/1159
f 1177/1177/1177 1161/1161/1161 1160/1160/1160
f 1176/1176/1176 1177/1177/1177 1160/1160/1160
f 1178/1178/1178 1162/1162/1162 1161/1161/1161
f 1177/1177/1177 1178/1178/1178 1161/1161/1161
f 1179/1179/1179 1163/1163/1163 1162/1162/1162
f 1178/1178/1178 1179/1179/1179 1162/1162/1162
f 1180/1180/1180 1164/1164/1164 1163/1163/1163
f 1179/1179/1179 1180/1180/1180 1163/1163/1163
f 1181/1181/1181 1165/1165/1165 1164/1164/1164
f 1180/1180/1180 1181/1181/1181 1164/1164/1164
f 1182/1182/1182 1166/1166/1166 1165/1165/1165
f 1181/1181/1181 1182/1182/1182 1165/1165/1165
f 1183/1183/1183 1167/1167/1167 1166/1166/1166
f 1182/1182/1182 1183/1183/1183 1166/1166/1166
f 1184/1184/1184 1168/1168/1168 1167/1167/1167
f 1183/1183/1183 1184/1184/1184 1167/1167/1167
f 1185/1185/1185 1169/1169/1169 1168/1168/1168
f 1184/1184/1184 1185/1185/1185 1168/1168/1168
f 1186/1186/1186 1170/1170/1170 1169/1169/1169
f 1185/1185/1185 1186/1186/1186 1169/1169/1169
f 1187/1187/1187 1171/1171/1171 1170/1170/1170
f 1186/1186/1186 1187/1187/1187 1170/1170/1170
f 1188/1188/1188 1172/1172/1172 1171/1171/1171
f 1187/1187/1187 1188/1188/1188 1171/1171/1171
f 1189/1189/1189 1173/1173/1173 1172/1172/1172
f 1188/1188/1188 1189/1189/1189 1172/1172/1172
f 1190/1190/1190 1174/1174/1174 1173/1173/1173
f 1189/1189/1189 1190/1190/1190 1173/1173/1173
f 1175/1292/1175 1159/1291/1159 1174/1174/1174
f 1190/1190/1190 1175/1292/1175 1174/1174/1174
f 1192/1192/1192 1176/1176/1176 1175/1175/1175
f 1191/1191/1191 1192/1192/1192 1175/1175/1175
f 1193/1193/1193 1177/1177/1177 1176/1176/1176
f 1192/1192/1192 1193/1193/1193 1176/1176/1176
f 1194/1194/1194 1178/1178/1178 1177/1177/1177
f 1193/1193/1193 1194/1194/1194 1177/1177/1177
f 1195/1195/1195 1179/1179/1179 1178/1178/1178
f 1194/1194/1194 1195/1195/1195 1178/1178/1178
f 1196/1196/1196 1180/1180/1180 1179/1179/1179
f 1195/1195/1195 1196/1196/1196 1179/1179/1179
f 1197/1197/1197 1181/1181/1181 1180/1180/1180
f 1196/1196/1196 1197/1197/1197 1180/1180/1180
f 1198/1198/1198 1182/1182/1182 1181/1181/1181
f 1197/1197/1197 1198/1198/1198 1181/1181/1181
f 1199/1199/1199 1183/1183/1183 1182/1182/1182
f 1198/1198/1198 1199/1199/1199 1182/1182/1182
f 1200/1200/1200 1184/1184/1184 1183/1183/1183
f 1199/1199/1199 1200/1200/1200 1183/1183/1183
f 1201/1201/1201 1185/1185/1185 1184/1184/1184
f 1200/1200/1200 1201/1201/1201 1184/1184/1184
f 1202/1202/1202 1186/1186/1186 1185/1185/1185
f 1201/1201/1201 1202/1202/1202 1185/1185/1185
f 1203/1203/1203 1187/1187/1187 1186/1186/1186
f 1202/1202/1202 1203/1203/1203 1186/1186/1186
f 1204/1204/1204 1188/1188/1188 1187/1187/1187
f 1203/1203/1203 1204/1204/1204 1187/1187/1187
f 1205/1205/1205 1189/1189/1189 1188/1188/1188
f 1204/1204/1204 1205/1205/1205 1188/1188/1188
f 1206/1206/1206 1190/1190/1190 1189/1189/1189
f 1205/1205/1205 1206/1206/1206 1189/1189/1189
f 1191/1293/1191 1175/1292/1175 1190/1190/1190
f 1206/1206/1206 1191/1293/1191 1190/1190/1190
f 1208/1208/1208 1192/1192/1192 1191/1191/1191
f 1207/1207/1207 1208/1208/1208 1191/1191/1191
f 1209/1209/1209 1193/1193/1193 1192/1192/1192
f 1208/1208/1208 1209/1209/1209 1192/1192/1192
f 1210/1210/1210 1194/1194/1194 1193/1193/1193
f 1209/1209/1209 1210/1210/1210 1193/1193/1193
f 1211/1211/1211 1195/1195/1195 1194/1194/1194
f 1210/1210/1210 1211/1211/1211 1194/1194/1194
f 1212/1212/1212 1196/1196/1196 1195/1195/1195
f 1211/1211/1211 1212/1212/1212 1195/1195/1195
f 1213/1213/1213 1197/1197/1197 1196/1196/1196
f 1212/1212/1212 1213/1213/1213 1196/1196/1196
f 1214/1214/1214 1198/1198/1198 1197/1197/1197
f 1213/1213/1213 1214/1214/1214 1197/1197/1197
f 1215/1215/1215 1199/1199/1199 1198/1198/1198
f 1214/1214/1214 1215/1215/1215 1198/1198/1198
f 1216/1216/1216 1200/1200/1200 1199/1199/1199
f 1215/1215/1215 1216/1216/1216 1199/1199/1199
f 1217/1217/1217 1201/1201/1201 1200/1200/1200
f 1216/1216/1216 1217/1217/1217 1200/1200/1200
f 1218/1218/1218 1202/1202/1202 1201/1201/1201
f 1217/1217/1217 1218/1218/1218 1201/1201/1201
f 1219/1219/1219 1203/1203/1203 1202/1202/1202
f 1218/1218/1218 1219/1219/1219 1202/1202/1202
f 1220/1220/1220 1204/1204/1204 1203/1203/1203
f 1219/1219/1219 1220/1220/1220 1203/1203/1203
f 1221/1221/1221 1205/1205/1205 1204/1204/1204
f 1220/1220/1220 1221/1221/1221 1204/1204/1204
f 1222/1222/1222 1206/1206/1206 1205/1205/1205
f 1221/1221/1221 1222/1222/1222 1205/1205/1205
f 1207/1294/1207 1191/1293/1191 1206/1206/1206
f 1222/1222/1222 1207/1294/1207 1206/1206/1206
f 1224/1224/1224 1208/1208/1208 1207/1207/1207
f 1223/1223/1223 1224/1224/1224 1207/1207/1207
f 1225/1225/1225 1209/1209/1209 1208/1208/1208
f 1224/1224/1224 1225/1225/1225 1208/1208/1208
f 1226/1226/1226 1210/1210/1210 1209/1209/1209
f 1225/1225/1225 1226/1226/1226 1209/1209/1209
f 1227/1227/1227 1211/1211/1211 1210/1210/1210
f 1226/1226/1226 1227/1227/1227 1210/1210/1210
f 1228/1228/1228 1212/1212/1212 1211/1211/1211
f 1227/1227/1227 1228/1228/1228 1211/1211/1211
f 1229/1229/1229 1213/1213/1213 1212/1212/1212
f 1228/1228/1228 1229/1229/1229 1212/1212/1212
f 1230/1230/1230 1214/1214/1214 1213/1213/1213
f 1229/1229/1229 1230/1230/1230 1213/1213/1213
f 1231/1231/1231 1215/1215/1215 1214/1214/1214
f 1230/1230/1230 1231/1231/1231 1214/1214/1214
f 1232/1232/1232 1216/1216/1216 1215/1215/1215
f 1231/1231/1231 1232/1232/1232 1215/1215/1215
f 1233/1233/1233 1217/1217/1217 1216/1216/1216
f 1232/1232/1232 1233/1233/1233 1216/1216/1216
f 1234/1234/1234 1218/1218/1218 1217/1217/1217
f 1233/1233/1233 1234/1234/1234 1217/1217/1217
f 1235/1235/1235 1219/1219/1219 1218/1218/1218
f 1234/1234/1234 1235/1235/1235 1218/1218/1218
f 1236/1236/1236 1220/1220/1220 1219/1219/1219
f 1235/1235/1235 1236/1236/1236 1219/1219/1219
f 1237/1237/1237 1221/1221/1221 1220/1220/1220
f 1236/1236/1236 1237/1237/1237 1220/1220/1220
f 1238/1238/1238 1222/1222/1222 1221/1221/1221
f 1237/1237/1237 1238/1238/1238 1221/1221/1221
f 1223/1295/1223 1207/1294/1207 1222/1222/1222
f 1238/1238/1238 1223/1295/1223 1222/1222/1222
f 1095/1095/1095 1096/1096/1096 1239/1239/1239
f 1096/1096/1096 1097/1097/1097 1239/1239/1239
f 1097/1097/1097 1098/1098/1098 1239/1239/1239
f 1098/1098/1098 1099/1099/1099 1239/1239/1239
f 1099/1099/1099 1100/1100/1100 1239/1239/1239
f 1100/1100/1100 1101/1101/1101 1239/1239/1239
f 1101/1101/1101 1102/1102/1102 1239/1239/1239
f 1102/1102/1102 1103/1103/1103 1239/1239/1239
f 1103/1103/1103 1104/1104/1104 1239/1239/1239
f 1104/1104/1104 1105/1105/1105 1239/1239/1239
f 1105/1105/1105 1106/1106/1106 1239/1239/1239
f 1106/1106/1106 1107/1107/1107 1239/1239/1239
f 1107/1107/1107 1108/1108/1108 1239/1239/1239
f 1108/1108/1108 1109/1109/1109 1239/1239/1239
f 1109/1109/1109 1110/1110/1110 1239/1239/1239
f 1110/1110/1110 1095/1287/1095 1239/1239/1239
f 1224/1224/1224 1223/1223/1223 1240/1240/1240
f 1225/1225/1225 1224/1224/1224 1240/1240/1240
f 1226/1226/1226 1225/1225/1225 1240/1240/1240
f 1227/1227/1227 1226/1226/1226 1240/1240/1240
f 1228/1228/1228 1227/1227/1227 1240/1240/1240
f 1229/1229/1229 1228/1228/1228 1240/1240/1240
f 1230/1230/1230 1229/1229/1229 1240/1240/1240
f 1231/1231/1231 1230/1230/1230 1240/1240/1240
f 1232/1232/1232 1231/1231/1231 1240/1240/1240
f 1233/1233/1233 1232/1232/1232 1240/1240/1240
f 1234/1234/1234 1233/1233/1233 1240/1240/1240
f 1235/1235/1235 1234/1234/1234 1240/1240/1240
f 1236/1236/1236 1235/1235/1235 1240/1240/1240
f 1237/1237/1237 1236/1236/1236 1240/1240/1240
f 1238/1238/1238 1237/1237/1237 1240/1240/1240
f 1223/1295/1223 1238/1238/1238 1240/1240/1240
