mtllib germ_slime.mtl
o germ_slime
v 0.000000 0.820000 0.000000
v 0.000000 0.820000 0.000000
v 0.000000 0.820000 0.000000
v 0.000000 0.820000 0.000000
v 0.000000 0.820000 0.000000
v 0.000000 0.820000 0.000000
v 0.000000 0.820000 0.000000
v 0.000000 0.820000 0.000000
v -0.000000 0.820000 0.000000
v -0.000000 0.820000 0.000000
v -0.000000 0.820000 0.000000
v -0.000000 0.820000 0.000000
v -0.000000 0.820000 0.000000
v -0.000000 0.820000 0.000000
v -0.000000 0.820000 0.000000
v -0.000000 0.820000 -0.000000
v -0.000000 0.820000 -0.000000
v -0.000000 0.820000 -0.000000
v -0.000000 0.820000 -0.000000
v -0.000000 0.820000 -0.000000
v -0.000000 0.820000 -0.000000
v -0.000000 0.820000 -0.000000
v 0.000000 0.820000 -0.000000
v 0.000000 0.820000 -0.000000
v 0.000000 0.820000 -0.000000
v 0.000000 0.820000 -0.000000
v 0.000000 0.820000 -0.000000
v 0.000000 0.820000 -0.000000
v 0.000000 0.820000 -0.000000
v 0.159393 0.811654 0.000000
v 0.155396 0.811654 0.035468
v 0.143608 0.811654 0.069158
v 0.124618 0.811654 0.099380
v 0.099380 0.811654 0.124618
v 0.069158 0.811654 0.143608
v 0.035468 0.811654 0.155396
v 0.000000 0.811654 0.159393
v -0.035468 0.811654 0.155396
v -0.069158 0.811654 0.143608
v -0.099380 0.811654 0.124618
v -0.124618 0.811654 0.099380
v -0.143608 0.811654 0.069158
v -0.155396 0.811654 0.035468
v -0.159393 0.811654 0.000000
v -0.155396 0.811654 -0.035468
v -0.143608 0.811654 -0.069158
v -0.124618 0.811654 -0.099380
v -0.099380 0.811654 -0.124618
v -0.069158 0.811654 -0.143608
v -0.035468 0.811654 -0.155396
v -0.000000 0.811654 -0.159393
v 0.035468 0.811654 -0.155396
v 0.069158 0.811654 -0.143608
v 0.099380 0.811654 -0.124618
v 0.124618 0.811654 -0.099380
v 0.143608 0.811654 -0.069158
v 0.155396 0.811654 -0.035468
v 0.159393 0.811654 -0.000000
v 0.315540 0.786784 0.000000
v 0.307629 0.786784 0.070214
v 0.284292 0.786784 0.136908
v 0.246699 0.786784 0.196736
v 0.196736 0.786784 0.246699
v 0.136908 0.786784 0.284292
v 0.070214 0.786784 0.307629
v 0.000000 0.786784 0.315540
v -0.070214 0.786784 0.307629
v -0.136908 0.786784 0.284292
v -0.196736 0.786784 0.246699
v -0.246699 0.786784 0.196736
v -0.284292 0.786784 0.136908
v -0.307629 0.786784 0.070214
v -0.315540 0.786784 0.000000
v -0.307629 0.786784 -0.070214
v -0.341493 0.945088 -0.164454
v -0.246699 0.786784 -0.196736
v -0.196736 0.786784 -0.246699
v -0.136908 0.786784 -0.284292
v -0.070214 0.786784 -0.307629
v -0.000000 0.786784 -0.315540
v 0.070214 0.786784 -0.307629
v 0.136908 0.786784 -0.284292
v 0.196736 0.786784 -0.246699
v 0.246699 0.786784 -0.196736
v 0.284292 0.786784 -0.136908
v 0.307629 0.786784 -0.070214
v 0.315540 0.786784 -0.000000
v 0.465265 0.745898 0.000000
v 0.453600 0.745898 0.103531
v 0.419189 0.745898 0.201871
v 0.363759 0.745898 0.290088
v 0.290088 0.745898 0.363759
v 0.201871 0.745898 0.419189
v 0.103531 0.745898 0.453600
v 0.000000 0.745898 0.465265
v -0.103531 0.745898 0.453600
v -0.201871 0.745898 0.419189
v -0.290088 0.745898 0.363759
v -0.363759 0.745898 0.290088
v -0.419189 0.745898 0.201871
v -0.453600 0.745898 0.103531
v -0.465265 0.745898 0.000000
v -0.453600 0.745898 -0.103531
v -0.419189 0.745898 -0.201871
v -0.363759 0.745898 -0.290088
v -0.290088 0.745898 -0.363759
v -0.201871 0.745898 -0.419189
v -0.103531 0.745898 -0.453600
v -0.000000 0.745898 -0.465265
v 0.103531 0.745898 -0.453600
v 0.201871 0.745898 -0.419189
v 0.290088 0.745898 -0.363759
v 0.459557 0.942336 -0.366485
v 0.419189 0.745898 -0.201871
v 0.453600 0.745898 -0.103531
v 0.465265 0.745898 -0.000000
v 0.605518 0.689828 0.000000
v 0.727796 0.850455 0.166115
v 0.545553 0.689828 0.262724
v 0.473413 0.689828 0.377534
v 0.377534 0.689828 0.473413
v 0.326960 0.858490 0.678939
v 0.134740 0.689828 0.590336
v 0.000000 0.689828 0.605518
v -0.134740 0.689828 0.590336
v -0.262724 0.689828 0.545553
v -0.377534 0.689828 0.473413
v -0.473413 0.689828 0.377534
v -0.656968 0.830707 0.316379
v -0.590336 0.689828 0.134740
v -0.605518 0.689828 0.000000
v -0.590336 0.689828 -0.134740
v -0.545553 0.689828 -0.262724
v -0.473413 0.689828 -0.377534
v -0.377534 0.689828 -0.473413
v -0.262724 0.689828 -0.545553
v -0.134740 0.689828 -0.590336
v -0.000000 0.689828 -0.605518
v 0.134740 0.689828 -0.590336
v 0.262724 0.689828 -0.545553
v 0.377534 0.689828 -0.473413
v 0.473413 0.689828 -0.377534
v 0.545553 0.689828 -0.262724
v 0.590336 0.689828 -0.134740
v 0.605518 0.689828 -0.000000
v 0.733444 0.619715 0.000000
v 0.715055 0.619715 0.163207
v 0.660810 0.619715 0.318229
v 0.573430 0.619715 0.457295
v 0.457295 0.619715 0.573430
v 0.318229 0.619715 0.660810
v 0.163207 0.619715 0.715055
v 0.000000 0.619715 0.733444
v -0.163207 0.619715 0.715055
v -0.318229 0.619715 0.660810
v -0.457295 0.619715 0.573430
v -0.591079 0.655088 0.470623
v -0.676508 0.660574 0.325545
v -0.735110 0.656852 0.167803
v -0.754966 0.655761 -0.001889
v -0.736061 0.655496 -0.168937
v -0.679153 0.655715 -0.329832
v -0.585182 0.654033 -0.479377
v -0.567551 0.769131 -0.711686
v -0.318229 0.619715 -0.660810
v -0.163207 0.619715 -0.715055
v -0.000000 0.619715 -0.733444
v 0.163207 0.619715 -0.715055
v 0.318229 0.619715 -0.660810
v 0.457295 0.619715 -0.573430
v 0.573430 0.619715 -0.457295
v 0.660810 0.619715 -0.318229
v 0.715055 0.619715 -0.163207
v 0.733444 0.619715 -0.000000
v 0.846440 0.536986 0.000000
v 0.825218 0.536986 0.188351
v 0.762616 0.536986 0.367256
v 0.661773 0.536986 0.527746
v 0.527746 0.536986 0.661773
v 0.367256 0.536986 0.762616
v 0.188351 0.536986 0.825218
v 0.000000 0.536986 0.846440
v -0.188351 0.536986 0.825218
v -0.360793 0.542596 0.758563
v -0.520945 0.545633 0.656431
v -0.653902 0.547987 0.521654
v -0.752463 0.550087 0.362221
v -0.815150 0.548733 0.185535
v -0.835974 0.548767 -0.001498
v -0.814645 0.549233 -0.186269
v -0.752654 0.549397 -0.362871
v -0.650354 0.550515 -0.523424
v -0.519557 0.552254 -0.651978
v -0.364434 0.545477 -0.754747
v -0.188351 0.536986 -0.825218
v -0.000000 0.536986 -0.846440
v 0.188351 0.536986 -0.825218
v 0.367256 0.536986 -0.762616
v 0.527746 0.536986 -0.661773
v 0.661773 0.536986 -0.527746
v 0.762616 0.536986 -0.367256
v 0.825218 0.536986 -0.188351
v 0.846440 0.536986 -0.000000
v 0.942204 0.443325 0.000000
v 0.918581 0.443325 0.209660
v 0.848896 0.443325 0.408807
v 0.736645 0.443325 0.587455
v 0.587455 0.443325 0.736645
v 0.408807 0.443325 0.848896
v 0.209660 0.443325 0.918581
v 0.000000 0.443325 0.942204
v -0.258987 0.547626 1.134695
v -0.378014 0.434700 0.817399
v -0.556253 0.436815 0.706948
v -0.702485 0.437050 0.561696
v -0.810174 0.437380 0.390277
v -0.876888 0.437117 0.199990
v -0.899231 0.437474 -0.000476
v -0.876448 0.437959 -0.200078
v -0.810137 0.437714 -0.389981
v -0.702259 0.438221 -0.561065
v -0.559781 0.439425 -0.702532
v -0.389691 0.435607 -0.811411
v -0.209660 0.443325 -0.918581
v -0.000000 0.443325 -0.942204
v 0.258008 0.545557 -1.130407
v 0.408807 0.443325 -0.848896
v 0.587455 0.443325 -0.736645
v 0.736645 0.443325 -0.587455
v 1.038772 0.542485 -0.500246
v 0.918581 0.443325 -0.209660
v 0.942204 0.443325 -0.000000
v 1.018788 0.340640 0.000000
v 0.993245 0.340640 0.226702
v 0.917896 0.340640 0.442035
v 0.796520 0.340640 0.635204
v 0.783692 0.420270 0.982719
v 0.442035 0.340640 0.917896
v 0.226702 0.340640 0.993245
v 0.000000 0.340640 1.018788
v -0.208558 0.329529 0.920823
v -0.404499 0.328515 0.853498
v -0.587382 0.326843 0.740375
v -0.738787 0.326300 0.589680
v -0.851656 0.326261 0.410165
v -0.921596 0.326221 0.210334
v -0.945253 0.326338 -0.000072
v -0.921491 0.326524 -0.210324
v -0.851657 0.326363 -0.410082
v -0.738937 0.326427 -0.589421
v -0.589177 0.326748 -0.738990
v -0.409615 0.325900 -0.852059
v -0.208940 0.323412 -0.922902
v -0.000000 0.340640 -1.018788
v 0.226702 0.340640 -0.993245
v 0.442035 0.340640 -0.917896
v 0.635204 0.340640 -0.796520
v 0.796520 0.340640 -0.635204
v 0.917896 0.340640 -0.442035
v 0.993245 0.340640 -0.226702
v 1.018788 0.340640 -0.000000
v 1.074632 0.231021 0.000000
v 1.212410 0.267343 0.276725
v 0.968210 0.231021 0.466265
v 0.840181 0.231021 0.670022
v 0.670022 0.231021 0.840181
v 0.466265 0.231021 0.968210
v 0.239128 0.231021 1.047689
v 0.000000 0.231021 1.074632
v -0.215352 0.217987 0.951896
v -0.422125 0.217518 0.880055
v -0.608355 0.216459 0.763577
v -0.763200 0.216457 0.608829
v -0.879573 0.216579 0.423610
v -0.951785 0.216594 0.217239
v -0.976260 0.216603 -0.000004
v -0.951775 0.216641 -0.217236
v -0.879574 0.216591 -0.423600
v -0.763230 0.216486 -0.608780
v -0.608680 0.216368 -0.763343
v -0.423242 0.216327 -0.879812
v -0.215460 0.215244 -0.952495
v -0.000000 0.231021 -1.074632
v 0.239128 0.231021 -1.047689
v 0.466265 0.231021 -0.968210
v 0.670022 0.231021 -0.840181
v 0.840181 0.231021 -0.670022
v 0.968210 0.231021 -0.466265
v 1.047689 0.231021 -0.239128
v 1.074632 0.231021 -0.000000
v 1.108600 0.116698 0.000000
v 1.080805 0.116698 0.246687
v 0.998814 0.116698 0.481004
v 0.866738 0.116698 0.691201
v 0.691201 0.116698 0.866738
v 0.481004 0.116698 0.998814
v 0.246687 0.116698 1.080805
v 0.000000 0.116698 1.108600
v -0.219597 0.107720 0.969626
v -0.431443 0.107432 0.895720
v -0.619863 0.106756 0.777415
v -0.776857 0.107312 0.620465
v -0.895572 0.107851 0.431646
v -0.969220 0.107979 0.221252
v -0.994156 0.107957 0.000000
v -0.969222 0.107984 -0.221244
v -0.895598 0.107882 -0.431585
v -0.776939 0.107453 -0.620338
v -0.619868 0.106993 -0.777378
v -0.431435 0.107352 -0.895734
v -0.219554 0.107143 -0.969699
v -0.000000 0.116698 -1.108600
v 0.246687 0.116698 -1.080805
v 0.481004 0.116698 -0.998814
v 0.691201 0.116698 -0.866738
v 0.866738 0.116698 -0.691201
v 0.998814 0.116698 -0.481004
v 1.080805 0.116698 -0.246687
v 1.108600 0.116698 -0.000000
v 1.120000 0.000000 0.000000
v 1.091919 0.000000 0.249223
v 1.009085 0.000000 0.485950
v 0.875651 0.000000 0.698309
v 0.698309 0.000000 0.875651
v 0.485950 0.000000 1.009085
v 0.304520 0.000000 1.334191
v 0.000000 0.000000 1.120000
v -0.221723 -0.000340 0.975110
v -0.435245 -0.001167 0.900311
v -0.623362 -0.001830 0.781931
v -0.780316 -0.001143 0.625384
v -0.900359 -0.000363 0.435149
v -0.974879 -0.000189 0.222735
v -1.000000 -0.000319 0.000005
v -0.974893 -0.000178 -0.222673
v -0.900485 -0.000293 -0.434887
v -0.780622 -0.000911 -0.625003
v -0.623362 -0.001465 -0.781932
v -0.434831 -0.000961 -0.900512
v -0.221540 -0.000365 -0.975151
v -0.000000 0.000000 -1.120000
v 0.249223 0.000000 -1.091919
v 0.485950 0.000000 -1.009085
v 0.698309 0.000000 -0.875651
v 1.047434 0.000000 -0.835300
v 1.009085 0.000000 -0.485950
v 1.091919 0.000000 -0.249223
v 1.120000 0.000000 -0.000000
v 1.108600 -0.116698 0.000000
v 1.080805 -0.116698 0.246687
v 0.998814 -0.116698 0.481004
v 0.866738 -0.116698 0.691201
v 0.691201 -0.116698 0.866738
v 0.481004 -0.116698 0.998814
v 0.246687 -0.116698 1.080805
v 0.000000 -0.116698 1.108600
v -0.246687 -0.116698 1.080805
v -0.432772 -0.107164 0.895111
v -0.619308 -0.107787 0.777714
v -0.774784 -0.107992 0.622935
v -0.894665 -0.108189 0.433440
v -0.969132 -0.108630 0.221320
v -0.994033 -0.109077 0.000020
v -0.969165 -0.108625 -0.221176
v -0.894895 -0.108180 -0.432966
v -0.775268 -0.107995 -0.622331
v -0.619304 -0.107803 -0.777715
v -0.432204 -0.107164 -0.895385
v -0.246687 -0.116698 -1.080805
v -0.000000 -0.116698 -1.108600
v 0.246687 -0.116698 -1.080805
v 0.481004 -0.116698 -0.998814
v 0.691201 -0.116698 -0.866738
v 0.866738 -0.116698 -0.691201
v 0.998814 -0.116698 -0.481004
v 1.080805 -0.116698 -0.246687
v 1.108600 -0.116698 -0.000000
v 1.074632 -0.231021 0.000000
v 1.047689 -0.231021 0.239128
v 0.968210 -0.231021 0.466265
v 0.840181 -0.231021 0.670022
v 0.670022 -0.231021 0.840181
v 0.466265 -0.231021 0.968210
v 0.239128 -0.231021 1.047689
v 0.000000 -0.231021 1.074632
v -0.239128 -0.231021 1.047689
v -0.466265 -0.231021 0.968210
v -0.607965 -0.213252 0.764789
v -0.761797 -0.215199 0.611027
v -0.879426 -0.216540 0.423935
v -0.951952 -0.217453 0.215641
v -0.975958 -0.217957 0.000005
v -0.951965 -0.217460 -0.215578
v -0.879541 -0.216601 -0.423665
v -0.762054 -0.215424 -0.610628
v -0.607920 -0.213564 -0.764738
v -0.466265 -0.231021 -0.968210
v -0.239128 -0.231021 -1.047689
v -0.000000 -0.279545 -1.300350
v 0.239128 -0.231021 -1.047689
v 0.466265 -0.231021 -0.968210
v 0.670022 -0.231021 -0.840181
v 0.840181 -0.231021 -0.670022
v 0.968210 -0.231021 -0.466265
v 1.047689 -0.231021 -0.239128
v 1.074632 -0.231021 -0.000000
v 1.018788 -0.340640 0.000000
v 0.993245 -0.340640 0.226702
v 0.917896 -0.340640 0.442035
v 0.796520 -0.340640 0.635204
v 0.635204 -0.340640 0.796520
v 0.442035 -0.340640 0.917896
v 0.226702 -0.340640 0.993245
v 0.000000 -0.340640 1.018788
v -0.226702 -0.340640 0.993245
v -0.442035 -0.340640 0.917896
v -0.635204 -0.340640 0.796520
v -0.739124 -0.323078 0.591030
v -0.852749 -0.324599 0.409212
v -0.922660 -0.324736 0.207956
v -0.945845 -0.324619 0.000000
v -0.922661 -0.324738 -0.207949
v -0.852766 -0.324623 -0.409157
v -0.739162 -0.323170 -0.590933
v -0.635204 -0.340640 -0.796520
v -0.442035 -0.340640 -0.917896
v -0.226702 -0.340640 -0.993245
v -0.000000 -0.340640 -1.018788
v 0.226702 -0.340640 -0.993245
v 0.442035 -0.340640 -0.917896
v 0.635204 -0.340640 -0.796520
v 0.796520 -0.340640 -0.635204
v 0.917896 -0.340640 -0.442035
v 0.993245 -0.340640 -0.226702
v 1.018788 -0.340640 -0.000000
v 0.942204 -0.443325 0.000000
v 1.133946 -0.547265 0.258816
v 0.848896 -0.443325 0.408807
v 0.736645 -0.443325 0.587455
v 0.587455 -0.443325 0.736645
v 0.408807 -0.443325 0.848896
v 0.209660 -0.443325 0.918581
v 0.000000 -0.443325 0.942204
v -0.209660 -0.443325 0.918581
v -0.408807 -0.443325 0.848896
v -0.587455 -0.443325 0.736645
v -0.736645 -0.443325 0.587455
v -0.848896 -0.443325 0.408807
v -0.918581 -0.443325 0.209660
v -0.942204 -0.443325 0.000000
v -0.918581 -0.443325 -0.209660
v -0.848896 -0.443325 -0.408807
v -0.736645 -0.443325 -0.587455
v -0.587455 -0.443325 -0.736645
v -0.408807 -0.443325 -0.848896
v -0.209660 -0.443325 -0.918581
v -0.000000 -0.443325 -0.942204
v 0.209660 -0.443325 -0.918581
v 0.408807 -0.443325 -0.848896
v 0.587455 -0.443325 -0.736645
v 0.736645 -0.443325 -0.587455
v 0.848896 -0.443325 -0.408807
v 0.918581 -0.443325 -0.209660
v 0.942204 -0.443325 -0.000000
v 0.846440 -0.536986 0.000000
v 0.825218 -0.536986 0.188351
v 0.762616 -0.536986 0.367256
v 0.661773 -0.536986 0.527746
v 0.527746 -0.536986 0.661773
v 0.367256 -0.536986 0.762616
v 0.188351 -0.536986 0.825218
v 0.000000 -0.627276 0.988761
v -0.188351 -0.536986 0.825218
v -0.367256 -0.536986 0.762616
v -0.527746 -0.536986 0.661773
v -0.661773 -0.536986 0.527746
v -0.762616 -0.536986 0.367256
v -0.825218 -0.536986 0.188351
v -0.846440 -0.536986 0.000000
v -0.825218 -0.536986 -0.188351
v -0.762616 -0.536986 -0.367256
v -0.661773 -0.536986 -0.527746
v -0.527746 -0.536986 -0.661773
v -0.367256 -0.536986 -0.762616
v -0.188351 -0.536986 -0.825218
v -0.000000 -0.536986 -0.846440
v 0.188351 -0.536986 -0.825218
v 0.367256 -0.536986 -0.762616
v 0.527746 -0.536986 -0.661773
v 0.661773 -0.536986 -0.527746
v 0.762616 -0.536986 -0.367256
v 0.825218 -0.536986 -0.188351
v 0.846440 -0.536986 -0.000000
v 0.733444 -0.619715 0.000000
v 0.715055 -0.619715 0.163207
v 0.660810 -0.619715 0.318229
v 0.573430 -0.619715 0.457295
v 0.539288 -0.730830 0.676246
v 0.318229 -0.619715 0.660810
v 0.163207 -0.619715 0.715055
v 0.000000 -0.619715 0.733444
v -0.163207 -0.619715 0.715055
v -0.318229 -0.619715 0.660810
v -0.457295 -0.619715 0.573430
v -0.573430 -0.619715 0.457295
v -0.660810 -0.619715 0.318229
v -0.715055 -0.619715 0.163207
v -0.733444 -0.619715 0.000000
v -0.715055 -0.619715 -0.163207
v -0.660810 -0.619715 -0.318229
v -0.573430 -0.619715 -0.457295
v -0.457295 -0.619715 -0.573430
v -0.318229 -0.619715 -0.660810
v -0.163207 -0.619715 -0.715055
v -0.000000 -0.619715 -0.733444
v 0.163207 -0.619715 -0.715055
v 0.318229 -0.619715 -0.660810
v 0.457295 -0.619715 -0.573430
v 0.573430 -0.619715 -0.457295
v 0.660810 -0.619715 -0.318229
v 0.715055 -0.619715 -0.163207
v 0.733444 -0.619715 -0.000000
v 0.605518 -0.689828 0.000000
v 0.590336 -0.689828 0.134740
v 0.545553 -0.689828 0.262724
v 0.473413 -0.689828 0.377534
v 0.377534 -0.689828 0.473413
v 0.262724 -0.689828 0.545553
v 0.134740 -0.689828 0.590336
v 0.000000 -0.689828 0.605518
v -0.134740 -0.689828 0.590336
v -0.262724 -0.689828 0.545553
v -0.377534 -0.689828 0.473413
v -0.473413 -0.689828 0.377534
v -0.545553 -0.689828 0.262724
v -0.590336 -0.689828 0.134740
v -0.605518 -0.689828 0.000000
v -0.590336 -0.689828 -0.134740
v -0.545553 -0.689828 -0.262724
v -0.561444 -0.818102 -0.447737
v -0.377534 -0.689828 -0.473413
v -0.262724 -0.689828 -0.545553
v -0.134740 -0.689828 -0.590336
v -0.000000 -0.829270 -0.727918
v 0.134740 -0.689828 -0.590336
v 0.262724 -0.689828 -0.545553
v 0.377534 -0.689828 -0.473413
v 0.473413 -0.689828 -0.377534
v 0.545553 -0.689828 -0.262724
v 0.590336 -0.689828 -0.134740
v 0.605518 -0.689828 -0.000000
v 0.465265 -0.745898 0.000000
v 0.453600 -0.745898 0.103531
v 0.419189 -0.745898 0.201871
v 0.363759 -0.745898 0.290088
v 0.290088 -0.745898 0.363759
v 0.201871 -0.745898 0.419189
v 0.103531 -0.745898 0.453600
v 0.000000 -0.745898 0.465265
v -0.103531 -0.745898 0.453600
v -0.201871 -0.745898 0.419189
v -0.357811 -0.920033 0.448681
v -0.363759 -0.745898 0.290088
v -0.419189 -0.745898 0.201871
v -0.453600 -0.745898 0.103531
v -0.465265 -0.745898 0.000000
v -0.453600 -0.745898 -0.103531
v -0.419189 -0.745898 -0.201871
v -0.363759 -0.745898 -0.290088
v -0.290088 -0.745898 -0.363759
v -0.201871 -0.745898 -0.419189
v -0.103531 -0.745898 -0.453600
v -0.000000 -0.745898 -0.465265
v 0.103531 -0.745898 -0.453600
v 0.201871 -0.745898 -0.419189
v 0.290088 -0.745898 -0.363759
v 0.454062 -0.931069 -0.362103
v 0.419189 -0.745898 -0.201871
v 0.453600 -0.745898 -0.103531
v 0.465265 -0.745898 -0.000000
v 0.315540 -0.786784 0.000000
v 0.307629 -0.786784 0.070214
v 0.352784 -0.976337 0.169892
v 0.246699 -0.786784 0.196736
v 0.196736 -0.786784 0.246699
v 0.136908 -0.786784 0.284292
v 0.070214 -0.786784 0.307629
v 0.000000 -0.786784 0.315540
v -0.070214 -0.786784 0.307629
v -0.136908 -0.786784 0.284292
v -0.196736 -0.786784 0.246699
v -0.246699 -0.786784 0.196736
v -0.284292 -0.786784 0.136908
v -0.307629 -0.786784 0.070214
v -0.315540 -0.786784 0.000000
v -0.307629 -0.786784 -0.070214
v -0.284292 -0.786784 -0.136908
v -0.246699 -0.786784 -0.196736
v -0.196736 -0.786784 -0.246699
v -0.136908 -0.786784 -0.284292
v -0.070214 -0.786784 -0.307629
v -0.000000 -0.786784 -0.315540
v 0.070214 -0.786784 -0.307629
v 0.136908 -0.786784 -0.284292
v 0.196736 -0.786784 -0.246699
v 0.246699 -0.786784 -0.196736
v 0.284292 -0.786784 -0.136908
v 0.307629 -0.786784 -0.070214
v 0.315540 -0.786784 -0.000000
v 0.159393 -0.811654 0.000000
v 0.155396 -0.811654 0.035468
v 0.143608 -0.811654 0.069158
v 0.124618 -0.811654 0.099380
v 0.099380 -0.811654 0.124618
v 0.069158 -0.811654 0.143608
v 0.035468 -0.811654 0.155396
v 0.000000 -0.811654 0.159393
v -0.035468 -0.811654 0.155396
v -0.069158 -0.811654 0.143608
v -0.099380 -0.811654 0.124618
v -0.124618 -0.811654 0.099380
v -0.143608 -0.811654 0.069158
v -0.155396 -0.811654 0.035468
v -0.159393 -0.811654 0.000000
v -0.155396 -0.811654 -0.035468
v -0.143608 -0.811654 -0.069158
v -0.124618 -0.811654 -0.099380
v -0.099380 -0.811654 -0.124618
v -0.069158 -0.811654 -0.143608
v -0.035468 -0.811654 -0.155396
v -0.000000 -0.811654 -0.159393
v 0.035468 -0.811654 -0.155396
v 0.069158 -0.811654 -0.143608
v 0.099380 -0.811654 -0.124618
v 0.124618 -0.811654 -0.099380
v 0.143608 -0.811654 -0.069158
v 0.155396 -0.811654 -0.035468
v 0.159393 -0.811654 -0.000000
v 0.000000 -0.820000 0.000000
v 0.000000 -0.820000 0.000000
v 0.000000 -0.820000 0.000000
v 0.000000 -0.820000 0.000000
v 0.000000 -0.820000 0.000000
v 0.000000 -0.820000 0.000000
v 0.000000 -0.820000 0.000000
v 0.000000 -0.820000 0.000000
v -0.000000 -0.820000 0.000000
v -0.000000 -0.820000 0.000000
v -0.000000 -0.820000 0.000000
v -0.000000 -0.820000 0.000000
v -0.000000 -0.820000 0.000000
v -0.000000 -0.820000 0.000000
v -0.000000 -0.820000 0.000000
v -0.000000 -0.820000 -0.000000
v -0.000000 -0.820000 -0.000000
v -0.000000 -0.820000 -0.000000
v -0.000000 -0.820000 -0.000000
v -0.000000 -0.820000 -0.000000
v -0.000000 -0.820000 -0.000000
v -0.000000 -0.820000 -0.000000
v 0.000000 -0.820000 -0.000000
v 0.000000 -0.820000 -0.000000
v 0.000000 -0.820000 -0.000000
v 0.000000 -0.820000 -0.000000
v 0.000000 -0.820000 -0.000000
v 0.000000 -0.820000 -0.000000
v 0.000000 -0.820000 -0.000000
vt 0.000000 1.000000
vt 0.035714 1.000000
vt 0.071429 1.000000
vt 0.107143 1.000000
vt 0.142857 1.000000
vt 0.178571 1.000000
vt 0.214286 1.000000
vt 0.250000 1.000000
vt 0.285714 1.000000
vt 0.321429 1.000000
vt 0.357143 1.000000
vt 0.392857 1.000000
vt 0.428571 1.000000
vt 0.464286 1.000000
vt 0.500000 1.000000
vt 0.535714 1.000000
vt 0.571429 1.000000
vt 0.607143 1.000000
vt 0.642857 1.000000
vt 0.678571 1.000000
vt 0.714286 1.000000
vt 0.750000 1.000000
vt 0.785714 1.000000
vt 0.821429 1.000000
vt 0.857143 1.000000
vt 0.892857 1.000000
vt 0.928571 1.000000
vt 0.964286 1.000000
vt 1.000000 1.000000
vt 0.000000 0.954545
vt 0.035714 0.954545
vt 0.071429 0.954545
vt 0.107143 0.954545
vt 0.142857 0.954545
vt 0.178571 0.954545
vt 0.214286 0.954545
vt 0.250000 0.954545
vt 0.285714 0.954545
vt 0.321429 0.954545
vt 0.357143 0.954545
vt 0.392857 0.954545
vt 0.428571 0.954545
vt 0.464286 0.954545
vt 0.500000 0.954545
vt 0.535714 0.954545
vt 0.571429 0.954545
vt 0.607143 0.954545
vt 0.642857 0.954545
vt 0.678571 0.954545
vt 0.714286 0.954545
vt 0.750000 0.954545
vt 0.785714 0.954545
vt 0.821429 0.954545
vt 0.857143 0.954545
vt 0.892857 0.954545
vt 0.928571 0.954545
vt 0.964286 0.954545
vt 1.000000 0.954545
vt 0.000000 0.909091
vt 0.035714 0.909091
vt 0.071429 0.909091
vt 0.107143 0.909091
vt 0.142857 0.909091
vt 0.178571 0.909091
vt 0.214286 0.909091
vt 0.250000 0.909091
vt 0.285714 0.909091
vt 0.321429 0.909091
vt 0.357143 0.909091
vt 0.392857 0.909091
vt 0.428571 0.909091
vt 0.464286 0.909091
vt 0.500000 0.909091
vt 0.535714 0.909091
vt 0.571429 0.909091
vt 0.607143 0.909091
vt 0.642857 0.909091
vt 0.678571 0.909091
vt 0.714286 0.909091
vt 0.750000 0.909091
vt 0.785714 0.909091
vt 0.821429 0.909091
vt 0.857143 0.909091
vt 0.892857 0.909091
vt 0.928571 0.909091
vt 0.964286 0.909091
vt 1.000000 0.909091
vt 0.000000 0.863636
vt 0.035714 0.863636
vt 0.071429 0.863636
vt 0.107143 0.863636
vt 0.142857 0.863636
vt 0.178571 0.863636
vt 0.214286 0.863636
vt 0.250000 0.863636
vt 0.285714 0.863636
vt 0.321429 0.863636
vt 0.357143 0.863636
vt 0.392857 0.863636
vt 0.428571 0.863636
vt 0.464286 0.863636
vt 0.500000 0.863636
vt 0.535714 0.863636
vt 0.571429 0.863636
vt 0.607143 0.863636
vt 0.642857 0.863636
vt 0.678571 0.863636
vt 0.714286 0.863636
vt 0.750000 0.863636
vt 0.785714 0.863636
vt 0.821429 0.863636
vt 0.857143 0.863636
vt 0.892857 0.863636
vt 0.928571 0.863636
vt 0.964286 0.863636
vt 1.000000 0.863636
vt 0.000000 0.818182
vt 0.035714 0.818182
vt 0.071429 0.818182
vt 0.107143 0.818182
vt 0.142857 0.818182
vt 0.178571 0.818182
vt 0.214286 0.818182
vt 0.250000 0.818182
vt 0.285714 0.818182
vt 0.321429 0.818182
vt 0.357143 0.818182
vt 0.392857 0.818182
vt 0.428571 0.818182
vt 0.464286 0.818182
vt 0.500000 0.818182
vt 0.535714 0.818182
vt 0.571429 0.818182
vt 0.607143 0.818182
vt 0.642857 0.818182
vt 0.678571 0.818182
vt 0.714286 0.818182
vt 0.750000 0.818182
vt 0.785714 0.818182
vt 0.821429 0.818182
vt 0.857143 0.818182
vt 0.892857 0.818182
vt 0.928571 0.818182
vt 0.964286 0.818182
vt 1.000000 0.818182
vt 0.000000 0.772727
vt 0.035714 0.772727
vt 0.071429 0.772727
vt 0.107143 0.772727
vt 0.142857 0.772727
vt 0.178571 0.772727
vt 0.214286 0.772727
vt 0.250000 0.772727
vt 0.285714 0.772727
vt 0.321429 0.772727
vt 0.357143 0.772727
vt 0.392857 0.772727
vt 0.428571 0.772727
vt 0.464286 0.772727
vt 0.500000 0.772727
vt 0.535714 0.772727
vt 0.571429 0.772727
vt 0.607143 0.772727
vt 0.642857 0.772727
vt 0.678571 0.772727
vt 0.714286 0.772727
vt 0.750000 0.772727
vt 0.785714 0.772727
vt 0.821429 0.772727
vt 0.857143 0.772727
vt 0.892857 0.772727
vt 0.928571 0.772727
vt 0.964286 0.772727
vt 1.000000 0.772727
vt 0.000000 0.727273
vt 0.035714 0.727273
vt 0.071429 0.727273
vt 0.107143 0.727273
vt 0.142857 0.727273
vt 0.178571 0.727273
vt 0.214286 0.727273
vt 0.250000 0.727273
vt 0.285714 0.727273
vt 0.321429 0.727273
vt 0.357143 0.727273
vt 0.392857 0.727273
vt 0.428571 0.727273
vt 0.464286 0.727273
vt 0.500000 0.727273
vt 0.535714 0.727273
vt 0.571429 0.727273
vt 0.607143 0.727273
vt 0.642857 0.727273
vt 0.678571 0.727273
vt 0.714286 0.727273
vt 0.750000 0.727273
vt 0.785714 0.727273
vt 0.821429 0.727273
vt 0.857143 0.727273
vt 0.892857 0.727273
vt 0.928571 0.727273
vt 0.964286 0.727273
vt 1.000000 0.727273
vt 0.000000 0.681818
vt 0.035714 0.681818
vt 0.071429 0.681818
vt 0.107143 0.681818
vt 0.142857 0.681818
vt 0.178571 0.681818
vt 0.214286 0.681818
vt 0.250000 0.681818
vt 0.285714 0.681818
vt 0.321429 0.681818
vt 0.357143 0.681818
vt 0.392857 0.681818
vt 0.428571 0.681818
vt 0.464286 0.681818
vt 0.500000 0.681818
vt 0.535714 0.681818
vt 0.571429 0.681818
vt 0.607143 0.681818
vt 0.642857 0.681818
vt 0.678571 0.681818
vt 0.714286 0.681818
vt 0.750000 0.681818
vt 0.785714 0.681818
vt 0.821429 0.681818
vt 0.857143 0.681818
vt 0.892857 0.681818
vt 0.928571 0.681818
vt 0.964286 0.681818
vt 1.000000 0.681818
vt 0.000000 0.636364
vt 0.035714 0.636364
vt 0.071429 0.636364
vt 0.107143 0.636364
vt 0.142857 0.636364
vt 0.178571 0.636364
vt 0.214286 0.636364
vt 0.250000 0.636364
vt 0.285714 0.636364
vt 0.321429 0.636364
vt 0.357143 0.636364
vt 0.392857 0.636364
vt 0.428571 0.636364
vt 0.464286 0.636364
vt 0.500000 0.636364
vt 0.535714 0.636364
vt 0.571429 0.636364
vt 0.607143 0.636364
vt 0.642857 0.636364
vt 0.678571 0.636364
vt 0.714286 0.636364
vt 0.750000 0.636364
vt 0.785714 0.636364
vt 0.821429 0.636364
vt 0.857143 0.636364
vt 0.892857 0.636364
vt 0.928571 0.636364
vt 0.964286 0.636364
vt 1.000000 0.636364
vt 0.000000 0.590909
vt 0.035714 0.590909
vt 0.071429 0.590909
vt 0.107143 0.590909
vt 0.142857 0.590909
vt 0.178571 0.590909
vt 0.214286 0.590909
vt 0.250000 0.590909
vt 0.285714 0.590909
vt 0.321429 0.590909
vt 0.357143 0.590909
vt 0.392857 0.590909
vt 0.428571 0.590909
vt 0.464286 0.590909
vt 0.500000 0.590909
vt 0.535714 0.590909
vt 0.571429 0.590909
vt 0.607143 0.590909
vt 0.642857 0.590909
vt 0.678571 0.590909
vt 0.714286 0.590909
vt 0.750000 0.590909
vt 0.785714 0.590909
vt 0.821429 0.590909
vt 0.857143 0.590909
vt 0.892857 0.590909
vt 0.928571 0.590909
vt 0.964286 0.590909
vt 1.000000 0.590909
vt 0.000000 0.545455
vt 0.035714 0.545455
vt 0.071429 0.545455
vt 0.107143 0.545455
vt 0.142857 0.545455
vt 0.178571 0.545455
vt 0.214286 0.545455
vt 0.250000 0.545455
vt 0.285714 0.545455
vt 0.321429 0.545455
vt 0.357143 0.545455
vt 0.392857 0.545455
vt 0.428571 0.545455
vt 0.464286 0.545455
vt 0.500000 0.545455
vt 0.535714 0.545455
vt 0.571429 0.545455
vt 0.607143 0.545455
vt 0.642857 0.545455
vt 0.678571 0.545455
vt 0.714286 0.545455
vt 0.750000 0.545455
vt 0.785714 0.545455
vt 0.821429 0.545455
vt 0.857143 0.545455
vt 0.892857 0.545455
vt 0.928571 0.545455
vt 0.964286 0.545455
vt 1.000000 0.545455
vt 0.000000 0.500000
vt 0.035714 0.500000
vt 0.071429 0.500000
vt 0.107143 0.500000
vt 0.142857 0.500000
vt 0.178571 0.500000
vt 0.214286 0.500000
vt 0.250000 0.500000
vt 0.285714 0.500000
vt 0.321429 0.500000
vt 0.357143 0.500000
vt 0.392857 0.500000
vt 0.428571 0.500000
vt 0.464286 0.500000
vt 0.500000 0.500000
vt 0.535714 0.500000
vt 0.571429 0.500000
vt 0.607143 0.500000
vt 0.642857 0.500000
vt 0.678571 0.500000
vt 0.714286 0.500000
vt 0.750000 0.500000
vt 0.785714 0.500000
vt 0.821429 0.500000
vt 0.857143 0.500000
vt 0.892857 0.500000
vt 0.928571 0.500000
vt 0.964286 0.500000
vt 1.000000 0.500000
vt 0.000000 0.454545
vt 0.035714 0.454545
vt 0.071429 0.454545
vt 0.107143 0.454545
vt 0.142857 0.454545
vt 0.178571 0.454545
vt 0.214286 0.454545
vt 0.250000 0.454545
vt 0.285714 0.454545
vt 0.321429 0.454545
vt 0.357143 0.454545
vt 0.392857 0.454545
vt 0.428571 0.454545
vt 0.464286 0.454545
vt 0.500000 0.454545
vt 0.535714 0.454545
vt 0.571429 0.454545
vt 0.607143 0.454545
vt 0.642857 0.454545
vt 0.678571 0.454545
vt 0.714286 0.454545
vt 0.750000 0.454545
vt 0.785714 0.454545
vt 0.821429 0.454545
vt 0.857143 0.454545
vt 0.892857 0.454545
vt 0.928571 0.454545
vt 0.964286 0.454545
vt 1.000000 0.454545
vt 0.000000 0.409091
vt 0.035714 0.409091
vt 0.071429 0.409091
vt 0.107143 0.409091
vt 0.142857 0.409091
vt 0.178571 0.409091
vt 0.214286 0.409091
vt 0.250000 0.409091
vt 0.285714 0.409091
vt 0.321429 0.409091
vt 0.357143 0.409091
vt 0.392857 0.409091
vt 0.428571 0.409091
vt 0.464286 0.409091
vt 0.500000 0.409091
vt 0.535714 0.409091
vt 0.571429 0.409091
vt 0.607143 0.409091
vt 0.642857 0.409091
vt 0.678571 0.409091
vt 0.714286 0.409091
vt 0.750000 0.409091
vt 0.785714 0.409091
vt 0.821429 0.409091
vt 0.857143 0.409091
vt 0.892857 0.409091
vt 0.928571 0.409091
vt 0.964286 0.409091
vt 1.000000 0.409091
vt 0.000000 0.363636
vt 0.035714 0.363636
vt 0.071429 0.363636
vt 0.107143 0.363636
vt 0.142857 0.363636
vt 0.178571 0.363636
vt 0.214286 0.363636
vt 0.250000 0.363636
vt 0.285714 0.363636
vt 0.321429 0.363636
vt 0.357143 0.363636
vt 0.392857 0.363636
vt 0.428571 0.363636
vt 0.464286 0.363636
vt 0.500000 0.363636
vt 0.535714 0.363636
vt 0.571429 0.363636
vt 0.607143 0.363636
vt 0.642857 0.363636
vt 0.678571 0.363636
vt 0.714286 0.363636
vt 0.750000 0.363636
vt 0.785714 0.363636
vt 0.821429 0.363636
vt 0.857143 0.363636
vt 0.892857 0.363636
vt 0.928571 0.363636
vt 0.964286 0.363636
vt 1.000000 0.363636
vt 0.000000 0.318182
vt 0.035714 0.318182
vt 0.071429 0.318182
vt 0.107143 0.318182
vt 0.142857 0.318182
vt 0.178571 0.318182
vt 0.214286 0.318182
vt 0.250000 0.318182
vt 0.285714 0.318182
vt 0.321429 0.318182
vt 0.357143 0.318182
vt 0.392857 0.318182
vt 0.428571 0.318182
vt 0.464286 0.318182
vt 0.500000 0.318182
vt 0.535714 0.318182
vt 0.571429 0.318182
vt 0.607143 0.318182
vt 0.642857 0.318182
vt 0.678571 0.318182
vt 0.714286 0.318182
vt 0.750000 0.318182
vt 0.785714 0.318182
vt 0.821429 0.318182
vt 0.857143 0.318182
vt 0.892857 0.318182
vt 0.928571 0.318182
vt 0.964286 0.318182
vt 1.000000 0.318182
vt 0.000000 0.272727
vt 0.035714 0.272727
vt 0.071429 0.272727
vt 0.107143 0.272727
vt 0.142857 0.272727
vt 0.178571 0.272727
vt 0.214286 0.272727
vt 0.250000 0.272727
vt 0.285714 0.272727
vt 0.321429 0.272727
vt 0.357143 0.272727
vt 0.392857 0.272727
vt 0.428571 0.272727
vt 0.464286 0.272727
vt 0.500000 0.272727
vt 0.535714 0.272727
vt 0.571429 0.272727
vt 0.607143 0.272727
vt 0.642857 0.272727
vt 0.678571 0.272727
vt 0.714286 0.272727
vt 0.750000 0.272727
vt 0.785714 0.272727
vt 0.821429 0.272727
vt 0.857143 0.272727
vt 0.892857 0.272727
vt 0.928571 0.272727
vt 0.964286 0.272727
vt 1.000000 0.272727
vt 0.000000 0.227273
vt 0.035714 0.227273
vt 0.071429 0.227273
vt 0.107143 0.227273
vt 0.142857 0.227273
vt 0.178571 0.227273
vt 0.214286 0.227273
vt 0.250000 0.227273
vt 0.285714 0.227273
vt 0.321429 0.227273
vt 0.357143 0.227273
vt 0.392857 0.227273
vt 0.428571 0.227273
vt 0.464286 0.227273
vt 0.500000 0.227273
vt 0.535714 0.227273
vt 0.571429 0.227273
vt 0.607143 0.227273
vt 0.642857 0.227273
vt 0.678571 0.227273
vt 0.714286 0.227273
vt 0.750000 0.227273
vt 0.785714 0.227273
vt 0.821429 0.227273
vt 0.857143 0.227273
vt 0.892857 0.227273
vt 0.928571 0.227273
vt 0.964286 0.227273
vt 1.000000 0.227273
vt 0.000000 0.181818
vt 0.035714 0.181818
vt 0.071429 0.181818
vt 0.107143 0.181818
vt 0.142857 0.181818
vt 0.178571 0.181818
vt 0.214286 0.181818
vt 0.250000 0.181818
vt 0.285714 0.181818
vt 0.321429 0.181818
vt 0.357143 0.181818
vt 0.392857 0.181818
vt 0.428571 0.181818
vt 0.464286 0.181818
vt 0.500000 0.181818
vt 0.535714 0.181818
vt 0.571429 0.181818
vt 0.607143 0.181818
vt 0.642857 0.181818
vt 0.678571 0.181818
vt 0.714286 0.181818
vt 0.750000 0.181818
vt 0.785714 0.181818
vt 0.821429 0.181818
vt 0.857143 0.181818
vt 0.892857 0.181818
vt 0.928571 0.181818
vt 0.964286 0.181818
vt 1.000000 0.181818
vt 0.000000 0.136364
vt 0.035714 0.136364
vt 0.071429 0.136364
vt 0.107143 0.136364
vt 0.142857 0.136364
vt 0.178571 0.136364
vt 0.214286 0.136364
vt 0.250000 0.136364
vt 0.285714 0.136364
vt 0.321429 0.136364
vt 0.357143 0.136364
vt 0.392857 0.136364
vt 0.428571 0.136364
vt 0.464286 0.136364
vt 0.500000 0.136364
vt 0.535714 0.136364
vt 0.571429 0.136364
vt 0.607143 0.136364
vt 0.642857 0.136364
vt 0.678571 0.136364
vt 0.714286 0.136364
vt 0.750000 0.136364
vt 0.785714 0.136364
vt 0.821429 0.136364
vt 0.857143 0.136364
vt 0.892857 0.136364
vt 0.928571 0.136364
vt 0.964286 0.136364
vt 1.000000 0.136364
vt 0.000000 0.090909
vt 0.035714 0.090909
vt 0.071429 0.090909
vt 0.107143 0.090909
vt 0.142857 0.090909
vt 0.178571 0.090909
vt 0.214286 0.090909
vt 0.250000 0.090909
vt 0.285714 0.090909
vt 0.321429 0.090909
vt 0.357143 0.090909
vt 0.392857 0.090909
vt 0.428571 0.090909
vt 0.464286 0.090909
vt 0.500000 0.090909
vt 0.535714 0.090909
vt 0.571429 0.090909
vt 0.607143 0.090909
vt 0.642857 0.090909
vt 0.678571 0.090909
vt 0.714286 0.090909
vt 0.750000 0.090909
vt 0.785714 0.090909
vt 0.821429 0.090909
vt 0.857143 0.090909
vt 0.892857 0.090909
vt 0.928571 0.090909
vt 0.964286 0.090909
vt 1.000000 0.090909
vt 0.000000 0.045455
vt 0.035714 0.045455
vt 0.071429 0.045455
vt 0.107143 0.045455
vt 0.142857 0.045455
vt 0.178571 0.045455
vt 0.214286 0.045455
vt 0.250000 0.045455
vt 0.285714 0.045455
vt 0.321429 0.045455
vt 0.357143 0.045455
vt 0.392857 0.045455
vt 0.428571 0.045455
vt 0.464286 0.045455
vt 0.500000 0.045455
vt 0.535714 0.045455
vt 0.571429 0.045455
vt 0.607143 0.045455
vt 0.642857 0.045455
vt 0.678571 0.045455
vt 0.714286 0.045455
vt 0.750000 0.045455
vt 0.785714 0.045455
vt 0.821429 0.045455
vt 0.857143 0.045455
vt 0.892857 0.045455
vt 0.928571 0.045455
vt 0.964286 0.045455
vt 1.000000 0.045455
vt 0.000000 0.000000
vt 0.035714 0.000000
vt 0.071429 0.000000
vt 0.107143 0.000000
vt 0.142857 0.000000
vt 0.178571 0.000000
vt 0.214286 0.000000
vt 0.250000 0.000000
vt 0.285714 0.000000
vt 0.321429 0.000000
vt 0.357143 0.000000
vt 0.392857 0.000000
vt 0.428571 0.000000
vt 0.464286 0.000000
vt 0.500000 0.000000
vt 0.535714 0.000000
vt 0.571429 0.000000
vt 0.607143 0.000000
vt 0.642857 0.000000
vt 0.678571 0.000000
vt 0.714286 0.000000
vt 0.750000 0.000000
vt 0.785714 0.000000
vt 0.821429 0.000000
vt 0.857143 0.000000
vt 0.892857 0.000000
vt 0.928571 0.000000
vt 0.964286 0.000000
vt 1.000000 0.000000
vn -0.000000 -0.000000 -0.000000
vn 0.052291 0.998614 0.005892
vn 0.049669 0.998614 0.017380
vn 0.044556 0.998614 0.027997
vn 0.037210 0.998614 0.037210
vn 0.027997 0.998614 0.044556
vn 0.017380 0.998614 0.049669
vn 0.005892 0.998614 0.052291
vn -0.005892 0.998614 0.052291
vn -0.017380 0.998614 0.049669
vn -0.027997 0.998614 0.044556
vn -0.037210 0.998614 0.037210
vn -0.044556 0.998614 0.027997
vn -0.049669 0.998614 0.017380
vn -0.052291 0.998614 0.005892
vn -0.052291 0.998614 -0.005892
vn -0.049669 0.998614 -0.017380
vn -0.044556 0.998614 -0.027997
vn -0.037210 0.998614 -0.037210
vn -0.027997 0.998614 -0.044556
vn -0.017380 0.998614 -0.049669
vn -0.005892 0.998614 -0.052291
vn 0.005892 0.998614 -0.052291
vn 0.017380 0.998614 -0.049669
vn 0.027997 0.998614 -0.044556
vn 0.037210 0.998614 -0.037210
vn 0.044556 0.998614 -0.027997
vn 0.049669 0.998614 -0.017380
vn 0.052291 0.998614 -0.005892
vn 0.104681 0.994436 0.011795
vn 0.120340 0.992501 0.021460
vn 0.112547 0.992501 0.047701
vn 0.099111 0.992501 0.071549
vn 0.080705 0.992501 0.091809
vn 0.058252 0.992501 0.107466
vn 0.032878 0.992501 0.117734
vn 0.005856 0.992501 0.122098
vn -0.021460 0.992501 0.120340
vn -0.047701 0.992501 0.112547
vn -0.071549 0.992501 0.099111
vn -0.091809 0.992501 0.080705
vn -0.107466 0.992501 0.058252
vn -0.117734 0.992501 0.032878
vn -0.122098 0.992501 0.005856
vn -0.120340 0.992501 -0.021460
vn 0.003049 0.812007 0.583639
vn 0.379125 0.816627 -0.435183
vn -0.080705 0.992501 -0.091809
vn -0.058252 0.992501 -0.107466
vn -0.032878 0.992501 -0.117734
vn -0.005856 0.992501 -0.122098
vn 0.021460 0.992501 -0.120340
vn 0.047701 0.992501 -0.112547
vn 0.071549 0.992501 -0.099111
vn 0.091809 0.992501 -0.080705
vn 0.107466 0.992501 -0.058252
vn 0.117734 0.992501 -0.032878
vn 0.130840 0.991294 -0.014742
vn 0.199415 0.979657 0.022469
vn 0.214588 0.975755 0.043073
vn 0.199623 0.975755 0.089743
vn 0.174648 0.975755 0.131914
vn 0.140916 0.975755 0.167469
vn 0.100117 0.975755 0.194627
vn 0.054298 0.975755 0.212025
vn 0.005757 0.975755 0.218792
vn -0.043073 0.975755 0.214588
vn -0.089743 0.975755 0.199623
vn -0.131914 0.975755 0.174648
vn -0.167469 0.975755 0.140916
vn -0.194627 0.975755 0.100117
vn -0.212025 0.975755 0.054298
vn -0.218792 0.975755 0.005757
vn -0.239403 0.792161 0.561398
vn -0.199623 0.975755 -0.089743
vn 0.076821 0.720578 -0.689105
vn -0.140916 0.975755 -0.167469
vn -0.100117 0.975755 -0.194627
vn -0.054298 0.975755 -0.212025
vn -0.005757 0.975755 -0.218792
vn 0.043073 0.975755 -0.214588
vn 0.089743 0.975755 -0.199623
vn 0.131914 0.975755 -0.174648
vn -0.390707 0.907846 -0.152195
vn 0.199951 0.907412 0.369627
vn 0.212025 0.975755 -0.054298
vn 0.232678 0.972200 -0.026217
vn 0.303271 0.952292 0.034170
vn -0.006397 0.968997 -0.246989
vn 0.003334 0.951056 0.309001
vn 0.255799 0.946476 0.196851
vn 0.205583 0.946476 0.248836
vn 0.190003 0.966103 -0.174767
vn -0.251914 0.948926 0.189946
vn 0.005584 0.946476 0.322727
vn -0.066369 0.946476 0.315878
vn -0.134995 0.946476 0.293189
vn -0.196851 0.946476 0.255799
vn -0.248836 0.946476 0.205583
vn 0.117760 0.975357 0.186577
vn -0.208676 0.955687 -0.207647
vn -0.322727 0.946476 0.005584
vn -0.515695 0.845814 0.136594
vn -0.410345 0.778464 -0.474985
vn -0.255799 0.946476 -0.196851
vn -0.205583 0.946476 -0.248836
vn -0.145057 0.946476 -0.288344
vn -0.077258 0.946476 -0.313393
vn -0.005584 0.946476 -0.322727
vn 0.066369 0.946476 -0.315878
vn 0.134995 0.946476 -0.293189
vn -0.335015 0.822662 -0.459338
vn 0.248836 0.946476 -0.205583
vn 0.684630 0.675632 0.273502
vn 0.313393 0.946476 -0.077258
vn 0.338166 0.940315 -0.038102
vn 0.106274 0.772375 -0.626213
vn 0.420210 0.902908 0.090446
vn 0.357860 0.683855 0.635829
vn 0.339353 0.902908 0.263812
vn 0.494549 0.865855 -0.075606
vn 0.191283 0.902908 0.384926
vn -0.288646 0.670436 0.683520
vn 0.005327 0.902908 0.429801
vn -0.090446 0.902908 0.420210
vn -0.181684 0.902908 0.389549
vn -0.263812 0.902908 0.339353
vn 0.099513 0.896847 0.431001
vn -0.253232 0.958932 0.127763
vn -0.539057 0.801202 -0.259792
vn -0.290202 0.956965 -0.001278
vn -0.284193 0.956540 -0.065319
vn -0.262475 0.956641 -0.126272
vn -0.228248 0.955993 -0.184335
vn -0.117474 0.990287 0.074372
vn 0.103039 0.945158 -0.309933
vn -0.100833 0.902908 -0.417840
vn -0.005327 0.902908 -0.429801
vn 0.090446 0.902908 -0.420210
vn 0.181684 0.902908 -0.389549
vn 0.191539 0.743508 -0.640709
vn 0.749152 0.604198 -0.271506
vn 0.384926 0.902908 -0.191283
vn 0.417840 0.902908 -0.100833
vn 0.445877 0.893683 -0.050238
vn 0.817610 0.488937 -0.304062
vn 0.770622 0.511618 0.379986
vn 0.487530 0.842468 0.229265
vn 0.424290 0.842468 0.332003
vn 0.604672 0.666373 0.436255
vn 0.179740 0.493081 0.851214
vn 0.124723 0.842468 0.524111
vn 0.004971 0.842468 0.538724
vn -0.115031 0.842468 0.526323
vn -0.227291 0.844371 0.485156
vn -0.234687 0.864931 0.443640
vn -0.350554 0.719131 0.599968
vn -0.815055 0.540846 0.207774
vn -0.524074 0.841904 0.128623
vn -0.538831 0.842334 0.011578
vn -0.526391 0.843327 -0.108225
vn -0.488222 0.843059 -0.225590
vn -0.492342 0.870363 0.008262
vn -0.291478 0.819607 -0.493238
vn 0.033926 0.604393 -0.795963
vn -0.121147 0.844189 -0.522176
vn -0.004971 0.842468 -0.538724
vn 0.115031 0.842468 -0.526323
vn 0.229265 0.842468 -0.487530
vn 0.332003 0.842468 -0.424290
vn 0.418092 0.842468 -0.339775
vn 0.483217 0.842468 -0.238222
vn 0.524111 0.842468 -0.124723
vn 0.554799 0.829632 -0.062511
vn 0.627344 0.775528 0.070685
vn 0.632401 0.761935 0.139730
vn 0.585452 0.761935 0.276949
vn 0.509147 0.761935 0.400281
vn 0.407310 0.761935 0.503541
vn 0.285050 0.761935 0.581551
vn 0.148496 0.761935 0.630400
vn 0.004495 0.761935 0.647638
vn 0.093411 0.950832 0.295285
vn -0.407462 0.831038 0.378615
vn -0.450597 0.625178 0.637271
vn -0.650832 0.549588 0.523805
vn -0.750063 0.551399 0.365190
vn -0.813521 0.550146 0.188477
vn -0.835396 0.549639 0.003087
vn -0.814722 0.550032 -0.183556
vn -0.752461 0.550660 -0.361353
vn -0.814754 0.347646 -0.464023
vn -0.472801 0.186500 -0.861207
vn -0.328241 0.665941 -0.669911
vn -0.188263 0.733445 -0.653158
vn -0.004495 0.761935 -0.647638
vn -0.078036 0.950784 -0.299867
vn 0.348391 0.874194 -0.338242
vn 0.400281 0.761935 -0.509147
vn 0.503541 0.761935 -0.407310
vn 0.194802 0.948633 -0.249295
vn 0.485844 0.872230 0.056307
vn 0.662939 0.744938 -0.074695
vn 0.732985 0.675213 0.082588
vn 0.735088 0.657887 0.163798
vn 0.680210 0.657887 0.323264
vn 0.591223 0.657887 0.466520
vn 0.343262 0.914216 0.215363
vn 0.102933 0.811856 0.574712
vn 0.171366 0.657887 0.733361
vn 0.309494 0.772644 0.554288
vn -0.311970 0.462312 0.830025
vn -0.728659 0.076060 0.680640
vn -0.554175 0.440347 0.706388
vn -0.699570 0.440288 0.562803
vn -0.807879 0.440392 0.391647
vn -0.875140 0.439944 0.201442
vn -0.898067 0.439854 0.001880
vn -0.875803 0.440166 -0.198049
vn -0.809078 0.440910 -0.388576
vn -0.702765 0.440957 -0.558282
vn -0.561604 0.440261 -0.700551
vn -0.442774 0.478205 -0.758467
vn -0.263253 0.469339 -0.842864
vn -0.363869 0.719878 -0.591079
vn 0.163798 0.657887 -0.735088
vn 0.661104 0.373709 -0.650602
vn 0.466520 0.657887 -0.591223
vn 0.254897 0.770226 -0.584619
vn 0.676841 0.657887 -0.330258
vn 0.918093 0.382559 0.103701
vn 0.766564 0.636333 -0.086371
vn 0.830381 0.549285 0.093561
vn 0.606987 0.793863 0.036725
vn 0.610249 0.676453 0.412321
vn 0.697454 0.693965 0.178803
vn 0.532052 0.527673 0.662179
vn 0.128537 0.210627 0.969079
vn 0.192054 0.527673 0.827452
vn 0.033647 0.147316 0.988517
vn -0.508688 -0.275419 0.815709
vn -0.406132 0.327878 0.852967
vn -0.585705 0.329027 0.740737
vn -0.737040 0.328615 0.590579
vn -0.850354 0.328481 0.411093
vn -0.920581 0.328487 0.211252
vn -0.944464 0.328613 0.001132
vn -0.921016 0.328733 -0.208958
vn -0.851253 0.328898 -0.408893
vn -0.738801 0.329128 -0.588088
vn -0.589780 0.328885 -0.737560
vn -0.447236 0.269454 -0.852863
vn -0.324071 0.249726 -0.912477
vn -0.311522 0.198737 -0.929224
vn 0.369952 -0.028047 -0.928628
vn 0.365754 0.527673 -0.766671
vn 0.527184 0.527673 -0.666061
vn 0.654587 0.252650 -0.712520
vn 0.955934 -0.013236 -0.293284
vn 0.827452 0.527673 -0.192054
vn 0.859673 0.501578 -0.096862
vn 0.690218 0.665882 -0.283196
vn 0.905818 0.371044 0.204501
vn 0.779922 0.139981 0.610022
vn 0.865439 0.053373 0.498163
vn 0.485312 -0.229042 0.843808
vn 0.404882 0.371044 0.835701
vn 0.208770 0.371044 0.904843
vn -0.184972 0.339282 0.922320
vn -0.422055 0.228801 0.877223
vn -0.421223 0.218470 0.880251
vn -0.607266 0.218045 0.763993
vn -0.762370 0.217730 0.609414
vn -0.878895 0.217770 0.424404
vn -0.951309 0.217965 0.217952
vn -0.975929 0.218088 0.000705
vn -0.951618 0.218124 -0.216439
vn -0.879565 0.218067 -0.422863
vn -0.763351 0.218017 -0.608083
vn -0.608881 0.217888 -0.762751
vn -0.423802 0.217081 -0.879356
vn -0.401082 0.241365 -0.883672
vn -0.212983 0.350783 -0.911915
vn 0.204501 0.371044 -0.905818
vn 0.400938 0.371044 -0.837601
vn 0.577269 0.371044 -0.727384
vn 0.724654 0.371044 -0.580692
vn 0.835701 0.371044 -0.404882
vn 0.904843 0.371044 -0.208770
vn 0.934104 0.341134 -0.105248
vn 0.972993 -0.210262 -0.095261
vn 0.915475 -0.249514 0.315671
vn 0.884688 0.192055 0.424785
vn 0.767983 0.192055 0.610997
vn 0.612769 0.192055 0.766570
vn 0.426827 0.192055 0.883704
vn 0.284594 0.671297 0.684373
vn -0.323351 0.450066 0.832397
vn -0.445135 0.110834 0.888578
vn -0.430443 0.108595 0.896061
vn -0.619575 0.108275 0.777434
vn -0.776863 0.108128 0.620316
vn -0.895206 0.108095 0.432344
vn -0.969025 0.108377 0.221913
vn -0.994090 0.108558 0.000395
vn -0.969228 0.108585 -0.220921
vn -0.895672 0.108485 -0.431280
vn -0.777172 0.108405 -0.619881
vn -0.619627 0.108362 -0.777380
vn -0.431013 0.108007 -0.895858
vn -0.435321 0.124588 -0.891613
vn -0.232004 0.184967 -0.954967
vn 0.217274 0.192055 -0.957030
vn 0.424785 0.192055 -0.884688
vn 0.610997 0.192055 -0.767983
vn 0.523990 0.636701 -0.565726
vn 0.853657 0.443920 -0.272405
vn 0.956526 0.192055 -0.219483
vn 0.980923 0.159922 -0.110523
vn 0.993199 0.032121 0.111907
vn 0.974928 0.000000 0.222521
vn 0.900969 0.000000 0.433884
vn 0.781831 0.000000 0.623490
vn 0.623490 0.000000 0.781831
vn 0.645213 0.299638 0.702792
vn 0.222521 0.000000 0.974928
vn -0.456926 -0.299172 0.837684
vn -0.357678 0.311012 0.880533
vn -0.496206 0.169465 0.851505
vn -0.623728 0.000041 0.781641
vn -0.781665 0.000010 0.623699
vn -0.900401 -0.000406 0.435061
vn -0.974757 -0.000507 0.223267
vn -1.000000 -0.000492 0.000064
vn -0.974864 -0.000555 -0.222802
vn -0.900646 -0.000622 -0.434553
vn -0.781324 -0.000361 -0.624126
vn -0.622679 0.000105 -0.782478
vn -0.433012 0.000310 -0.901388
vn -0.487023 0.315935 -0.814244
vn -0.158277 0.171823 -0.972330
vn 0.222521 0.000000 -0.974928
vn 0.433884 0.000000 -0.900969
vn 0.383340 0.271749 -0.882725
vn 0.781831 0.000000 -0.623490
vn 0.945894 -0.271749 -0.177304
vn 0.974928 0.000000 -0.222521
vn 0.993199 -0.032121 -0.111907
vn 0.980923 -0.159922 0.110523
vn 0.956526 -0.192055 0.219483
vn 0.883704 -0.192055 0.426827
vn 0.766570 -0.192055 0.612769
vn 0.610997 -0.192055 0.767983
vn 0.503007 -0.469730 0.725492
vn 0.040528 -0.671297 0.740080
vn -0.082372 -0.020594 0.996389
vn -0.364505 0.157333 0.917814
vn -0.559813 0.156217 0.813760
vn -0.674641 0.040327 0.737043
vn -0.776917 -0.108026 0.620266
vn -0.895155 -0.108495 0.432351
vn -0.969066 -0.108867 0.221493
vn -0.994033 -0.109077 -0.000659
vn -0.968845 -0.109386 -0.222202
vn -0.895020 -0.109667 -0.432334
vn -0.776577 -0.109426 -0.620446
vn -0.618928 -0.108342 -0.777939
vn -0.587810 0.324595 -0.741024
vn -0.420466 0.289644 -0.859834
vn -0.129462 0.363010 -0.922747
vn 0.350156 0.108018 -0.930442
vn 0.426827 -0.192055 -0.883704
vn 0.455532 -0.443920 -0.771638
vn 0.668141 -0.636701 -0.384967
vn 0.884688 -0.192055 -0.424785
vn 0.957030 -0.192055 -0.217274
vn 0.968933 -0.221924 -0.109173
vn 0.934104 -0.341134 0.105248
vn 0.904843 -0.371044 0.208770
vn 0.835701 -0.371044 0.404882
vn 0.724654 -0.371044 0.580692
vn 0.577269 -0.371044 0.727384
vn 0.400938 -0.371044 0.837601
vn 0.204501 -0.371044 0.905818
vn -0.002189 -0.371044 0.928613
vn -0.297957 -0.217927 0.929370
vn -0.553936 -0.034530 0.831843
vn -0.725282 -0.033996 0.687612
vn -0.809100 -0.108108 0.577642
vn -0.879675 -0.217157 0.423102
vn -0.951856 -0.217399 0.216118
vn -0.976139 -0.217141 -0.001592
vn -0.951336 -0.217040 -0.218752
vn -0.878893 -0.217314 -0.424644
vn -0.762587 -0.217264 -0.609309
vn -0.751494 0.138478 -0.645043
vn -0.611989 0.077473 -0.787062
vn -0.478587 -0.067127 -0.875470
vn 0.002189 -0.371044 -0.928613
vn 0.431390 -0.576425 -0.694001
vn 0.404882 -0.371044 -0.835701
vn 0.580692 -0.371044 -0.724654
vn 0.727384 -0.371044 -0.577269
vn 0.837601 -0.371044 -0.400938
vn 0.905818 -0.371044 -0.204501
vn 0.912007 -0.397093 -0.102759
vn 0.859673 -0.501578 0.096862
vn 0.997056 0.036178 0.067610
vn 0.796168 -0.239525 0.555647
vn 0.662179 -0.527673 0.532052
vn 0.527184 -0.527673 0.666061
vn 0.365754 -0.527673 0.766671
vn 0.185983 -0.527673 0.828837
vn -0.003113 -0.527673 0.849442
vn -0.192054 -0.527673 0.827452
vn -0.463435 -0.412218 0.784414
vn -0.687359 -0.249611 0.682079
vn -0.822337 -0.249178 0.511539
vn -0.890669 -0.149780 0.429273
vn -0.963839 -0.149017 0.220924
vn -0.988837 -0.148997 0.001488
vn -0.964383 -0.149007 -0.218545
vn -0.891682 -0.148560 -0.427591
vn -0.844001 -0.042437 -0.534660
vn -0.744246 -0.178470 -0.643620
vn -0.365754 -0.527673 -0.766671
vn -0.286534 -0.712575 -0.640418
vn 0.120806 -0.842229 -0.525410
vn 0.192054 -0.527673 -0.827452
vn 0.371364 -0.527673 -0.763970
vn 0.532052 -0.527673 -0.662179
vn 0.666061 -0.527673 -0.527184
vn 0.766671 -0.527673 -0.365754
vn 0.828837 -0.527673 -0.185983
vn 0.830381 -0.549285 -0.093561
vn 0.883908 -0.107605 -0.455113
vn 0.733361 -0.657887 0.171366
vn 0.366051 -0.772482 0.518921
vn 0.586382 -0.657887 0.472589
vn 0.466520 -0.657887 0.591223
vn 0.323264 -0.657887 0.680210
vn 0.163798 -0.657887 0.735088
vn 0.125372 -0.302815 0.944767
vn -0.310320 -0.483135 0.818708
vn -0.330258 -0.657887 0.676841
vn -0.551409 -0.587742 0.592036
vn -0.714855 -0.416076 0.562017
vn -0.821672 -0.416737 0.388824
vn -0.886833 -0.418191 0.196578
vn -0.908196 -0.418512 -0.005263
vn -0.884775 -0.417269 -0.207509
vn -0.816662 -0.416307 -0.399689
vn -0.708430 -0.501640 -0.496471
vn -0.466520 -0.657887 -0.591223
vn -0.323264 -0.657887 -0.680210
vn -0.163798 -0.657887 -0.735088
vn 0.003882 -0.657887 -0.753107
vn 0.171366 -0.657887 -0.733361
vn 0.330258 -0.657887 -0.676841
vn 0.472589 -0.657887 -0.586382
vn 0.591223 -0.657887 -0.466520
vn 0.680210 -0.657887 -0.323264
vn 0.735088 -0.657887 -0.163798
vn 0.732985 -0.675213 -0.082588
vn 0.328443 -0.916432 -0.228645
vn 0.231337 -0.951926 0.200800
vn 0.581551 -0.761935 0.285050
vn 0.503541 -0.761935 0.407310
vn 0.660855 -0.450779 0.600057
vn 0.216019 -0.608501 0.763585
vn 0.417220 -0.584065 0.696273
vn -0.004495 -0.761935 0.647638
vn -0.362142 -0.823379 0.436921
vn -0.285050 -0.761935 0.581551
vn -0.407310 -0.761935 0.503541
vn -0.509147 -0.761935 0.400281
vn -0.585452 -0.761935 0.276949
vn -0.632401 -0.761935 0.139730
vn -0.647638 -0.761935 -0.004495
vn -0.630400 -0.761935 -0.148496
vn -0.581551 -0.761935 -0.285050
vn -0.503541 -0.761935 -0.407310
vn -0.400281 -0.761935 -0.509147
vn -0.276949 -0.761935 -0.585452
vn -0.139730 -0.761935 -0.632401
vn 0.004495 -0.761935 -0.647638
vn 0.148496 -0.761935 -0.630400
vn 0.285050 -0.761935 -0.581551
vn 0.407310 -0.761935 -0.503541
vn 0.509147 -0.761935 -0.400281
vn 0.585452 -0.761935 -0.276949
vn 0.632401 -0.761935 -0.139730
vn 0.627344 -0.775528 -0.070685
vn 0.554799 -0.829632 0.062511
vn 0.524111 -0.842468 0.124723
vn 0.483217 -0.842468 0.238222
vn 0.713664 -0.673050 0.194132
vn 0.332003 -0.842468 0.424290
vn -0.097768 -0.869084 0.484906
vn 0.227215 -0.907199 0.354068
vn -0.128710 -0.960182 0.247961
vn -0.124723 -0.842468 0.524111
vn -0.238222 -0.842468 0.483217
vn -0.339775 -0.842468 0.418092
vn -0.424290 -0.842468 0.332003
vn -0.487530 -0.842468 0.229265
vn -0.526323 -0.842468 0.115031
vn -0.538724 -0.842468 -0.004971
vn -0.524111 -0.842468 -0.124723
vn -0.483217 -0.842468 -0.238222
vn -0.721837 -0.586417 -0.367514
vn -0.303028 -0.713486 -0.631753
vn -0.229265 -0.842468 -0.487530
vn -0.115031 -0.842468 -0.526323
vn -0.175659 -0.560647 -0.809209
vn 0.319339 -0.700645 -0.638059
vn 0.238222 -0.842468 -0.483217
vn 0.339775 -0.842468 -0.418092
vn 0.424290 -0.842468 -0.332003
vn 0.487530 -0.842468 -0.229265
vn 0.526323 -0.842468 -0.115031
vn 0.518684 -0.852966 -0.058442
vn 0.445877 -0.893683 0.050238
vn 0.417840 -0.902908 0.100833
vn 0.384926 -0.902908 0.191283
vn 0.329461 -0.943480 0.036064
vn -0.048225 -0.979947 0.193334
vn 0.181684 -0.902908 0.389549
vn 0.090446 -0.902908 0.420210
vn -0.005327 -0.902908 0.429801
vn -0.100833 -0.902908 0.417840
vn -0.191283 -0.902908 0.384926
vn -0.274994 -0.643636 0.714221
vn -0.612084 -0.764974 0.200421
vn -0.389549 -0.902908 0.181684
vn -0.420210 -0.902908 0.090446
vn -0.429801 -0.902908 -0.005327
vn -0.417840 -0.902908 -0.100833
vn -0.672387 -0.737591 0.062099
vn -0.332711 -0.902908 -0.272141
vn 0.096909 -0.888659 -0.448211
vn -0.181684 -0.902908 -0.389549
vn -0.493994 -0.719167 -0.488639
vn 0.005327 -0.902908 -0.429801
vn 0.430866 -0.882786 -0.187199
vn 0.191283 -0.902908 -0.384926
vn 0.272141 -0.902908 -0.332711
vn 0.429366 -0.624123 -0.652775
vn 0.654365 -0.754408 -0.051716
vn 0.420210 -0.902908 -0.090446
vn 0.410110 -0.910865 -0.046208
vn 0.338166 -0.940315 0.038102
vn 0.313393 -0.946476 0.077258
vn 0.677744 -0.735293 0.002603
vn 0.206445 -0.819264 0.534964
vn 0.196851 -0.946476 0.255799
vn 0.134995 -0.946476 0.293189
vn 0.066369 -0.946476 0.315878
vn -0.005584 -0.946476 0.322727
vn -0.077258 -0.946476 0.313393
vn 0.239132 -0.712673 0.659479
vn -0.205583 -0.946476 0.248836
vn -0.447866 -0.844638 -0.293263
vn -0.293189 -0.946476 0.134995
vn -0.315878 -0.946476 0.066369
vn -0.322727 -0.946476 -0.005584
vn -0.313393 -0.946476 -0.077258
vn -0.253471 -0.958128 0.133204
vn 0.128354 -0.978719 -0.160110
vn -0.196851 -0.946476 -0.255799
vn -0.134995 -0.946476 -0.293189
vn -0.275897 -0.955987 -0.099851
vn 0.217644 -0.975771 0.022404
vn 0.077258 -0.946476 -0.313393
vn 0.145057 -0.946476 -0.288344
vn -0.100528 -0.694238 -0.712691
vn 0.255799 -0.946476 -0.196851
vn 0.372447 -0.833767 0.407573
vn 0.315878 -0.946476 -0.066369
vn 0.303271 -0.952292 -0.034170
vn 0.232678 -0.972200 0.026217
vn 0.512863 -0.660210 -0.548720
vn 0.194627 -0.975755 0.100117
vn -0.342210 -0.743786 0.574173
vn 0.131914 -0.975755 0.174648
vn 0.089743 -0.975755 0.199623
vn 0.043073 -0.975755 0.214588
vn -0.005757 -0.975755 0.218792
vn -0.054298 -0.975755 0.212025
vn 0.330230 -0.922176 0.201344
vn -0.153104 -0.924502 -0.349078
vn -0.174648 -0.975755 0.131914
vn -0.199623 -0.975755 0.089743
vn -0.214588 -0.975755 0.043073
vn -0.218792 -0.975755 -0.005757
vn -0.212025 -0.975755 -0.054298
vn -0.194627 -0.975755 -0.100117
vn -0.167469 -0.975755 -0.140916
vn -0.131914 -0.975755 -0.174648
vn -0.089743 -0.975755 -0.199623
vn -0.043073 -0.975755 -0.214588
vn 0.005757 -0.975755 -0.218792
vn 0.054298 -0.975755 -0.212025
vn 0.100117 -0.975755 -0.194627
vn -0.296711 -0.914943 -0.273571
vn 0.066463 -0.916295 0.394950
vn 0.199623 -0.975755 -0.089743
vn 0.214588 -0.975755 -0.043073
vn 0.199415 -0.979657 -0.022469
vn 0.130840 -0.991294 0.014742
vn 0.099022 -0.769782 -0.630579
vn -0.513738 -0.765313 0.387775
vn 0.091809 -0.992501 0.080705
vn 0.071549 -0.992501 0.099111
vn 0.047701 -0.992501 0.112547
vn 0.021460 -0.992501 0.120340
vn -0.005856 -0.992501 0.122098
vn -0.032878 -0.992501 0.117734
vn -0.058252 -0.992501 0.107466
vn -0.080705 -0.992501 0.091809
vn -0.099111 -0.992501 0.071549
vn -0.112547 -0.992501 0.047701
vn -0.120340 -0.992501 0.021460
vn -0.122098 -0.992501 -0.005856
vn -0.117734 -0.992501 -0.032878
vn -0.107466 -0.992501 -0.058252
vn -0.091809 -0.992501 -0.080705
vn -0.071549 -0.992501 -0.099111
vn -0.047701 -0.992501 -0.112547
vn -0.021460 -0.992501 -0.120340
vn 0.005856 -0.992501 -0.122098
vn 0.032878 -0.992501 -0.117734
vn 0.058252 -0.992501 -0.107466
vn 0.080705 -0.992501 -0.091809
vn 0.099111 -0.992501 -0.071549
vn 0.112547 -0.992501 -0.047701
vn 0.120340 -0.992501 -0.021460
vn 0.104681 -0.994436 -0.011795
vn 0.052291 -0.998614 0.005892
vn 0.049669 -0.998614 0.017380
vn 0.044556 -0.998614 0.027997
vn 0.037210 -0.998614 0.037210
vn 0.027997 -0.998614 0.044556
vn 0.017380 -0.998614 0.049669
vn 0.005892 -0.998614 0.052291
vn -0.005892 -0.998614 0.052291
vn -0.017380 -0.998614 0.049669
vn -0.027997 -0.998614 0.044556
vn -0.037210 -0.998614 0.037210
vn -0.044556 -0.998614 0.027997
vn -0.049669 -0.998614 0.017380
vn -0.052291 -0.998614 0.005892
vn -0.052291 -0.998614 -0.005892
vn -0.049669 -0.998614 -0.017380
vn -0.044556 -0.998614 -0.027997
vn -0.037210 -0.998614 -0.037210
vn -0.027997 -0.998614 -0.044556
vn -0.017380 -0.998614 -0.049669
vn -0.005892 -0.998614 -0.052291
vn 0.005892 -0.998614 -0.052291
vn 0.017380 -0.998614 -0.049669
vn 0.027997 -0.998614 -0.044556
vn 0.037210 -0.998614 -0.037210
vn 0.044556 -0.998614 -0.027997
vn 0.049669 -0.998614 -0.017380
vn 0.052291 -0.998614 -0.005892
vn 0.000000 -0.000000 -0.000000
usemtl germ_slime_mat
s 1
f 1/1/1 2/2/2 30/30/30
f 2/2/2 31/31/31 30/30/30
f 2/2/2 3/3/3 31/31/31
f 3/3/3 32/32/32 31/31/31
f 3/3/3 4/4/4 32/32/32
f 4/4/4 33/33/33 32/32/32
f 4/4/4 5/5/5 33/33/33
f 5/5/5 34/34/34 33/33/33
f 5/5/5 6/6/6 34/34/34
f 6/6/6 35/35/35 34/34/34
f 6/6/6 7/7/7 35/35/35
f 7/7/7 36/36/36 35/35/35
f 7/7/7 8/8/8 36/36/36
f 8/8/8 37/37/37 36/36/36
f 8/8/8 9/9/9 37/37/37
f 9/9/9 38/38/38 37/37/37
f 9/9/9 10/10/10 38/38/38
f 10/10/10 39/39/39 38/38/38
f 10/10/10 11/11/11 39/39/39
f 11/11/11 40/40/40 39/39/39
f 11/11/11 12/12/12 40/40/40
f 12/12/12 41/41/41 40/40/40
f 12/12/12 13/13/13 41/41/41
f 13/13/13 42/42/42 41/41/41
f 13/13/13 14/14/14 42/42/42
f 14/14/14 43/43/43 42/42/42
f 14/14/14 15/15/15 43/43/43
f 15/15/15 44/44/44 43/43/43
f 15/15/15 16/16/16 44/44/44
f 16/16/16 45/45/45 44/44/44
f 16/16/16 17/17/17 45/45/45
f 17/17/17 46/46/46 45/45/45
f 17/17/17 18/18/18 46/46/46
f 18/18/18 47/47/47 46/46/46
f 18/18/18 19/19/19 47/47/47
f 19/19/19 48/48/48 47/47/47
f 19/19/19 20/20/20 48/48/48
f 20/20/20 49/49/49 48/48/48
f 20/20/20 21/21/21 49/49/49
f 21/21/21 50/50/50 49/49/49
f 21/21/21 22/22/22 50/50/50
f 22/22/22 51/51/51 50/50/50
f 22/22/22 23/23/23 51/51/51
f 23/23/23 52/52/52 51/51/51
f 23/23/23 24/24/24 52/52/52
f 24/24/24 53/53/53 52/52/52
f 24/24/24 25/25/25 53/53/53
f 25/25/25 54/54/54 53/53/53
f 25/25/25 26/26/26 54/54/54
f 26/26/26 55/55/55 54/54/54
f 26/26/26 27/27/27 55/55/55
f 27/27/27 56/56/56 55/55/55
f 27/27/27 28/28/28 56/56/56
f 28/28/28 57/57/57 56/56/56
f 28/28/28 29/29/29 57/57/57
f 29/29/29 58/58/58 57/57/57
f 30/30/30 31/31/31 59/59/59
f 31/31/31 60/60/60 59/59/59
f 31/31/31 32/32/32 60/60/60
f 32/32/32 61/61/61 60/60/60
f 32/32/32 33/33/33 61/61/61
f 33/33/33 62/62/62 61/61/61
f 33/33/33 34/34/34 62/62/62
f 34/34/34 63/63/63 62/62/62
f 34/34/34 35/35/35 63/63/63
f 35/35/35 64/64/64 63/63/63
f 35/35/35 36/36/36 64/64/64
f 36/36/36 65/65/65 64/64/64
f 36/36/36 37/37/37 65/65/65
f 37/37/37 66/66/66 65/65/65
f 37/37/37 38/38/38 66/66/66
f 38/38/38 67/67/67 66/66/66
f 38/38/38 39/39/39 67/67/67
f 39/39/39 68/68/68 67/67/67
f 39/39/39 40/40/40 68/68/68
f 40/40/40 69/69/69 68/68/68
f 40/40/40 41/41/41 69/69/69
f 41/41/41 70/70/70 69/69/69
f 41/41/41 42/42/42 70/70/70
f 42/42/42 71/71/71 70/70/70
f 42/42/42 43/43/43 71/71/71
f 43/43/43 72/72/72 71/71/71
f 43/43/43 44/44/44 72/72/72
f 44/44/44 73/73/73 72/72/72
f 44/44/44 45/45/45 73/73/73
f 45/45/45 74/74/74 73/73/73
f 45/45/45 46/46/46 74/74/74
f 46/46/46 75/75/75 74/74/74
f 46/46/46 47/47/47 75/75/75
f 47/47/47 76/76/76 75/75/75
f 47/47/47 48/48/48 76/76/76
f 48/48/48 77/77/77 76/76/76
f 48/48/48 49/49/49 77/77/77
f 49/49/49 78/78/78 77/77/77
f 49/49/49 50/50/50 78/78/78
f 50/50/50 79/79/79 78/78/78
f 50/50/50 51/51/51 79/79/79
f 51/51/51 80/80/80 79/79/79
f 51/51/51 52/52/52 80/80/80
f 52/52/52 81/81/81 80/80/80
f 52/52/52 53/53/53 81/81/81
f 53/53/53 82/82/82 81/81/81
f 53/53/53 54/54/54 82/82/82
f 54/54/54 83/83/83 82/82/82
f 54/54/54 55/55/55 83/83/83
f 55/55/55 84/84/84 83/83/83
f 55/55/55 56/56/56 84/84/84
f 56/56/56 85/85/85 84/84/84
f 56/56/56 57/57/57 85/85/85
f 57/57/57 86/86/86 85/85/85
f 57/57/57 58/58/58 86/86/86
f 58/58/58 87/87/87 86/86/86
f 59/59/59 60/60/60 88/88/88
f 60/60/60 89/89/89 88/88/88
f 60/60/60 61/61/61 89/89/89
f 61/61/61 90/90/90 89/89/89
f 61/61/61 62/62/62 90/90/90
f 62/62/62 91/91/91 90/90/90
f 62/62/62 63/63/63 91/91/91
f 63/63/63 92/92/92 91/91/91
f 63/63/63 64/64/64 92/92/92
f 64/64/64 93/93/93 92/92/92
f 64/64/64 65/65/65 93/93/93
f 65/65/65 94/94/94 93/93/93
f 65/65/65 66/66/66 94/94/94
f 66/66/66 95/95/95 94/94/94
f 66/66/66 67/67/67 95/95/95
f 67/67/67 96/96/96 95/95/95
f 67/67/67 68/68/68 96/96/96
f 68/68/68 97/97/97 96/96/96
f 68/68/68 69/69/69 97/97/97
f 69/69/69 98/98/98 97/97/97
f 69/69/69 70/70/70 98/98/98
f 70/70/70 99/99/99 98/98/98
f 70/70/70 71/71/71 99/99/99
f 71/71/71 100/100/100 99/99/99
f 71/71/71 72/72/72 100/100/100
f 72/72/72 101/101/101 100/100/100
f 72/72/72 73/73/73 101/101/101
f 73/73/73 102/102/102 101/101/101
f 73/73/73 74/74/74 102/102/102
f 74/74/74 103/103/103 102/102/102
f 74/74/74 75/75/75 103/103/103
f 75/75/75 104/104/104 103/103/103
f 75/75/75 76/76/76 104/104/104
f 76/76/76 105/105/105 104/104/104
f 76/76/76 77/77/77 105/105/105
f 77/77/77 106/106/106 105/105/105
f 77/77/77 78/78/78 106/106/106
f 78/78/78 107/107/107 106/106/106
f 78/78/78 79/79/79 107/107/107
f 79/79/79 108/108/108 107/107/107
f 79/79/79 80/80/80 108/108/108
f 80/80/80 109/109/109 108/108/108
f 80/80/80 81/81/81 109/109/109
f 81/81/81 110/110/110 109/109/109
f 81/81/81 82/82/82 110/110/110
f 82/82/82 111/111/111 110/110/110
f 82/82/82 83/83/83 111/111/111
f 83/83/83 112/112/112 111/111/111
f 83/83/83 84/84/84 112/112/112
f 84/84/84 113/113/113 112/112/112
f 84/84/84 85/85/85 113/113/113
f 85/85/85 114/114/114 113/113/113
f 85/85/85 86/86/86 114/114/114
f 86/86/86 115/115/115 114/114/114
f 86/86/86 87/87/87 115/115/115
f 87/87/87 116/116/116 115/115/115
f 88/88/88 89/89/89 117/117/117
f 89/89/89 118/118/118 117/117/117
f 89/89/89 90/90/90 118/118/118
f 90/90/90 119/119/119 118/118/118
f 90/90/90 91/91/91 119/119/119
f 91/91/91 120/120/120 119/119/119
f 91/91/91 92/92/92 120/120/120
f 92/92/92 121/121/121 120/120/120
f 92/92/92 93/93/93 121/121/121
f 93/93/93 122/122/122 121/121/121
f 93/93/93 94/94/94 122/122/122
f 94/94/94 123/123/123 122/122/122
f 94/94/94 95/95/95 123/123/123
f 95/95/95 124/124/124 123/123/123
f 95/95/95 96/96/96 124/124/124
f 96/96/96 125/125/125 124/124/124
f 96/96/96 97/97/97 125/125/125
f 97/97/97 126/126/126 125/125/125
f 97/97/97 98/98/98 126/126/126
f 98/98/98 127/127/127 126/126/126
f 98/98/98 99/99/99 127/127/127
f 99/99/99 128/128/128 127/127/127
f 99/99/99 100/100/100 128/128/128
f 100/100/100 129/129/129 128/128/128
f 100/100/100 101/101/101 129/129/129
f 101/101/101 130/130/130 129/129/129
f 101/101/101 102/102/102 130/130/130
f 102/102/102 131/131/131 130/130/130
f 102/102/102 103/103/103 131/131/131
f 103/103/103 132/132/132 131/131/131
f 103/103/103 104/104/104 132/132/132
f 104/104/104 133/133/133 132/132/132
f 104/104/104 105/105/105 133/133/133
f 105/105/105 134/134/134 133/133/133
f 105/105/105 106/106/106 134/134/134
f 106/106/106 135/135/135 134/134/134
f 106/106/106 107/107/107 135/135/135
f 107/107/107 136/136/136 135/135/135
f 107/107/107 108/108/108 136/136/136
f 108/108/108 137/137/137 136/136/136
f 108/108/108 109/109/109 137/137/137
f 109/109/109 138/138/138 137/137/137
f 109/109/109 110/110/110 138/138/138
f 110/110/110 139/139/139 138/138/138
f 110/110/110 111/111/111 139/139/139
f 111/111/111 140/140/140 139/139/139
f 111/111/111 112/112/112 140/140/140
f 112/112/112 141/141/141 140/140/140
f 112/112/112 113/113/113 141/141/141
f 113/113/113 142/142/142 141/141/141
f 113/113/113 114/114/114 142/142/142
f 114/114/114 143/143/143 142/142/142
f 114/114/114 115/115/115 143/143/143
f 115/115/115 144/144/144 143/143/143
f 115/115/115 116/116/116 144/144/144
f 116/116/116 145/145/145 144/144/144
f 117/117/117 118/118/118 146/146/146
f 118/118/118 147/147/147 146/146/146
f 118/118/118 119/119/119 147/147/147
f 119/119/119 148/148/148 147/147/147
f 119/119/119 120/120/120 148/148/148
f 120/120/120 149/149/149 148/148/148
f 120/120/120 121/121/121 149/149/149
f 121/121/121 150/150/150 149/149/149
f 121/121/121 122/122/122 150/150/150
f 122/122/122 151/151/151 150/150/150
f 122/122/122 123/123/123 151/151/151
f 123/123/123 152/152/152 151/151/151
f 123/123/123 124/124/124 152/152/152
f 124/124/124 153/153/153 152/152/152
f 124/124/124 125/125/125 153/153/153
f 125/125/125 154/154/154 153/153/153
f 125/125/125 126/126/126 154/154/154
f 126/126/126 155/155/155 154/154/154
f 126/126/126 127/127/127 155/155/155
f 127/127/127 156/156/156 155/155/155
f 127/127/127 128/128/128 156/156/156
f 128/128/128 157/157/157 156/156/156
f 128/128/128 129/129/129 157/157/157
f 129/129/129 158/158/158 157/157/157
f 129/129/129 130/130/130 158/158/158
f 130/130/130 159/159/159 158/158/158
f 130/130/130 131/131/131 159/159/159
f 131/131/131 160/160/160 159/159/159
f 131/131/131 132/132/132 160/160/160
f 132/132/132 161/161/161 160/160/160
f 132/132/132 133/133/133 161/161/161
f 133/133/133 162/162/162 161/161/161
f 133/133/133 134/134/134 162/162/162
f 134/134/134 163/163/163 162/162/162
f 134/134/134 135/135/135 163/163/163
f 135/135/135 164/164/164 163/163/163
f 135/135/135 136/136/136 164/164/164
f 136/136/136 165/165/165 164/164/164
f 136/136/136 137/137/137 165/165/165
f 137/137/137 166/166/166 165/165/165
f 137/137/137 138/138/138 166/166/166
f 138/138/138 167/167/167 166/166/166
f 138/138/138 139/139/139 167/167/167
f 139/139/139 168/168/168 167/167/167
f 139/139/139 140/140/140 168/168/168
f 140/140/140 169/169/169 168/168/168
f 140/140/140 141/141/141 169/169/169
f 141/141/141 170/170/170 169/169/169
f 141/141/141 142/142/142 170/170/170
f 142/142/142 171/171/171 170/170/170
f 142/142/142 143/143/143 171/171/171
f 143/143/143 172/172/172 171/171/171
f 143/143/143 144/144/144 172/172/172
f 144/144/144 173/173/173 172/172/172
f 144/144/144 145/145/145 173/173/173
f 145/145/145 174/174/174 173/173/173
f 146/146/146 147/147/147 175/175/175
f 147/147/147 176/176/176 175/175/175
f 147/147/147 148/148/148 176/176/176
f 148/148/148 177/177/177 176/176/176
f 148/148/148 149/149/149 177/177/177
f 149/149/149 178/178/178 177/177/177
f 149/149/149 150/150/150 178/178/178
f 150/150/150 179/179/179 178/178/178
f 150/150/150 151/151/151 179/179/179
f 151/151/151 180/180/180 179/179/179
f 151/151/151 152/152/152 180/180/180
f 152/152/152 181/181/181 180/180/180
f 152/152/152 153/153/153 181/181/181
f 153/153/153 182/182/182 181/181/181
f 153/153/153 154/154/154 182/182/182
f 154/154/154 183/183/183 182/182/182
f 154/154/154 155/155/155 183/183/183
f 155/155/155 184/184/184 183/183/183
f 155/155/155 156/156/156 184/184/184
f 156/156/156 185/185/185 184/184/184
f 156/156/156 157/157/157 185/185/185
f 157/157/157 186/186/186 185/185/185
f 157/157/157 158/158/158 186/186/186
f 158/158/158 187/187/187 186/186/186
f 158/158/158 159/159/159 187/187/187
f 159/159/159 188/188/188 187/187/187
f 159/159/159 160/160/160 188/188/188
f 160/160/160 189/189/189 188/188/188
f 160/160/160 161/161/161 189/189/189
f 161/161/161 190/190/190 189/189/189
f 161/161/161 162/162/162 190/190/190
f 162/162/162 191/191/191 190/190/190
f 162/162/162 163/163/163 191/191/191
f 163/163/163 192/192/192 191/191/191
f 163/163/163 164/164/164 192/192/192
f 164/164/164 193/193/193 192/192/192
f 164/164/164 165/165/165 193/193/193
f 165/165/165 194/194/194 193/193/193
f 165/165/165 166/166/166 194/194/194
f 166/166/166 195/195/195 194/194/194
f 166/166/166 167/167/167 195/195/195
f 167/167/167 196/196/196 195/195/195
f 167/167/167 168/168/168 196/196/196
f 168/168/168 197/197/197 196/196/196
f 168/168/168 169/169/169 197/197/197
f 169/169/169 198/198/198 197/197/197
f 169/169/169 170/170/170 198/198/198
f 170/170/170 199/199/199 198/198/198
f 170/170/170 171/171/171 199/199/199
f 171/171/171 200/200/200 199/199/199
f 171/171/171 172/172/172 200/200/200
f 172/172/172 201/201/201 200/200/200
f 172/172/172 173/173/173 201/201/201
f 173/173/173 202/202/202 201/201/201
f 173/173/173 174/174/174 202/202/202
f 174/174/174 203/203/203 202/202/202
f 175/175/175 176/176/176 204/204/204
f 176/176/176 205/205/205 204/204/204
f 176/176/176 177/177/177 205/205/205
f 177/177/177 206/206/206 205/205/205
f 177/177/177 178/178/178 206/206/206
f 178/178/178 207/207/207 206/206/206
f 178/178/178 179/179/179 207/207/207
f 179/179/179 208/208/208 207/207/207
f 179/179/179 180/180/180 208/208/208
f 180/180/180 209/209/209 208/208/208
f 180/180/180 181/181/181 209/209/209
f 181/181/181 210/210/210 209/209/209
f 181/181/181 182/182/182 210/210/210
f 182/182/182 211/211/211 210/210/210
f 182/182/182 183/183/183 211/211/211
f 183/183/183 212/212/212 211/211/211
f 183/183/183 184/184/184 212/212/212
f 184/184/184 213/213/213 212/212/212
f 184/184/184 185/185/185 213/213/213
f 185/185/185 214/214/214 213/213/213
f 185/185/185 186/186/186 214/214/214
f 186/186/186 215/215/215 214/214/214
f 186/186/186 187/187/187 215/215/215
f 187/187/187 216/216/216 215/215/215
f 187/187/187 188/188/188 216/216/216
f 188/188/188 217/217/217 216/216/216
f 188/188/188 189/189/189 217/217/217
f 189/189/189 218/218/218 217/217/217
f 189/189/189 190/190/190 218/218/218
f 190/190/190 219/219/219 218/218/218
f 190/190/190 191/191/191 219/219/219
f 191/191/191 220/220/220 219/219/219
f 191/191/191 192/192/192 220/220/220
f 192/192/192 221/221/221 220/220/220
f 192/192/192 193/193/193 221/221/221
f 193/193/193 222/222/222 221/221/221
f 193/193/193 194/194/194 222/222/222
f 194/194/194 223/223/223 222/222/222
f 194/194/194 195/195/195 223/223/223
f 195/195/195 224/224/224 223/223/223
f 195/195/195 196/196/196 224/224/224
f 196/196/196 225/225/225 224/224/224
f 196/196/196 197/197/197 225/225/225
f 197/197/197 226/226/226 225/225/225
f 197/197/197 198/198/198 226/226/226
f 198/198/198 227/227/227 226/226/226
f 198/198/198 199/199/199 227/227/227
f 199/199/199 228/228/228 227/227/227
f 199/199/199 200/200/200 228/228/228
f 200/200/200 229/229/229 228/228/228
f 200/200/200 201/201/201 229/229/229
f 201/201/201 230/230/230 229/229/229
f 201/201/201 202/202/202 230/230/230
f 202/202/202 231/231/231 230/230/230
f 202/202/202 203/203/203 231/231/231
f 203/203/203 232/232/232 231/231/231
f 204/204/204 205/205/205 233/233/233
f 205/205/205 234/234/234 233/233/233
f 205/205/205 206/206/206 234/234/234
f 206/206/206 235/235/235 234/234/234
f 206/206/206 207/207/207 235/235/235
f 207/207/207 236/236/236 235/235/235
f 207/207/207 208/208/208 236/236/236
f 208/208/208 237/237/237 236/236/236
f 208/208/208 209/209/209 237/237/237
f 209/209/209 238/238/238 237/237/237
f 209/209/209 210/210/210 238/238/238
f 210/210/210 239/239/239 238/238/238
f 210/210/210 211/211/211 239/239/239
f 211/211/211 240/240/240 239/239/239
f 211/211/211 212/212/212 240/240/240
f 212/212/212 241/241/241 240/240/240
f 212/212/212 213/213/213 241/241/241
f 213/213/213 242/242/242 241/241/241
f 213/213/213 214/214/214 242/242/242
f 214/214/214 243/243/243 242/242/242
f 214/214/214 215/215/215 243/243/243
f 215/215/215 244/244/244 243/243/243
f 215/215/215 216/216/216 244/244/244
f 216/216/216 245/245/245 244/244/244
f 216/216/216 217/217/217 245/245/245
f 217/217/217 246/246/246 245/245/245
f 217/217/217 218/218/218 246/246/246
f 218/218/218 247/247/247 246/246/246
f 218/218/218 219/219/219 247/247/247
f 219/219/219 248/248/248 247/247/247
f 219/219/219 220/220/220 248/248/248
f 220/220/220 249/249/249 248/248/248
f 220/220/220 221/221/221 249/249/249
f 221/221/221 250/250/250 249/249/249
f 221/221/221 222/222/222 250/250/250
f 222/222/222 251/251/251 250/250/250
f 222/222/222 223/223/223 251/251/251
f 223/223/223 252/252/252 251/251/251
f 223/223/223 224/224/224 252/252/252
f 224/224/224 253/253/253 252/252/252
f 224/224/224 225/225/225 253/253/253
f 225/225/225 254/254/254 253/253/253
f 225/225/225 226/226/226 254/254/254
f 226/226/226 255/255/255 254/254/254
f 226/226/226 227/227/227 255/255/255
f 227/227/227 256/256/256 255/255/255
f 227/227/227 228/228/228 256/256/256
f 228/228/228 257/257/257 256/256/256
f 228/228/228 229/229/229 257/257/257
f 229/229/229 258/258/258 257/257/257
f 229/229/229 230/230/230 258/258/258
f 230/230/230 259/259/259 258/258/258
f 230/230/230 231/231/231 259/259/259
f 231/231/231 260/260/260 259/259/259
f 231/231/231 232/232/232 260/260/260
f 232/232/232 261/261/261 260/260/260
f 233/233/233 234/234/234 262/262/262
f 234/234/234 263/263/263 262/262/262
f 234/234/234 235/235/235 263/263/263
f 235/235/235 264/264/264 263/263/263
f 235/235/235 236/236/236 264/264/264
f 236/236/236 265/265/265 264/264/264
f 236/236/236 237/237/237 265/265/265
f 237/237/237 266/266/266 265/265/265
f 237/237/237 238/238/238 266/266/266
f 238/238/238 267/267/267 266/266/266
f 238/238/238 239/239/239 267/267/267
f 239/239/239 268/268/268 267/267/267
f 239/239/239 240/240/240 268/268/268
f 240/240/240 269/269/269 268/268/268
f 240/240/240 241/241/241 269/269/269
f 241/241/241 270/270/270 269/269/269
f 241/241/241 242/242/242 270/270/270
f 242/242/242 271/271/271 270/270/270
f 242/242/242 243/243/243 271/271/271
f 243/243/243 272/272/272 271/271/271
f 243/243/243 244/244/244 272/272/272
f 244/244/244 273/273/273 272/272/272
f 244/244/244 245/245/245 273/273/273
f 245/245/245 274/274/274 273/273/273
f 245/245/245 246/246/246 274/274/274
f 246/246/246 275/275/275 274/274/274
f 246/246/246 247/247/247 275/275/275
f 247/247/247 276/276/276 275/275/275
f 247/247/247 248/248/248 276/276/276
f 248/248/248 277/277/277 276/276/276
f 248/248/248 249/249/249 277/277/277
f 249/249/249 278/278/278 277/277/277
f 249/249/249 250/250/250 278/278/278
f 250/250/250 279/279/279 278/278/278
f 250/250/250 251/251/251 279/279/279
f 251/251/251 280/280/280 279/279/279
f 251/251/251 252/252/252 280/280/280
f 252/252/252 281/281/281 280/280/280
f 252/252/252 253/253/253 281/281/281
f 253/253/253 282/282/282 281/281/281
f 253/253/253 254/254/254 282/282/282
f 254/254/254 283/283/283 282/282/282
f 254/254/254 255/255/255 283/283/283
f 255/255/255 284/284/284 283/283/283
f 255/255/255 256/256/256 284/284/284
f 256/256/256 285/285/285 284/284/284
f 256/256/256 257/257/257 285/285/285
f 257/257/257 286/286/286 285/285/285
f 257/257/257 258/258/258 286/286/286
f 258/258/258 287/287/287 286/286/286
f 258/258/258 259/259/259 287/287/287
f 259/259/259 288/288/288 287/287/287
f 259/259/259 260/260/260 288/288/288
f 260/260/260 289/289/289 288/288/288
f 260/260/260 261/261/261 289/289/289
f 261/261/261 290/290/290 289/289/289
f 262/262/262 263/263/263 291/291/291
f 263/263/263 292/292/292 291/291/291
f 263/263/263 264/264/264 292/292/292
f 264/264/264 293/293/293 292/292/292
f 264/264/264 265/265/265 293/293/293
f 265/265/265 294/294/294 293/293/293
f 265/265/265 266/266/266 294/294/294
f 266/266/266 295/295/295 294/294/294
f 266/266/266 267/267/267 295/295/295
f 267/267/267 296/296/296 295/295/295
f 267/267/267 268/268/268 296/296/296
f 268/268/268 297/297/297 296/296/296
f 268/268/268 269/269/269 297/297/297
f 269/269/269 298/298/298 297/297/297
f 269/269/269 270/270/270 298/298/298
f 270/270/270 299/299/299 298/298/298
f 270/270/270 271/271/271 299/299/299
f 271/271/271 300/300/300 299/299/299
f 271/271/271 272/272/272 300/300/300
f 272/272/272 301/301/301 300/300/300
f 272/272/272 273/273/273 301/301/301
f 273/273/273 302/302/302 301/301/301
f 273/273/273 274/274/274 302/302/302
f 274/274/274 303/303/303 302/302/302
f 274/274/274 275/275/275 303/303/303
f 275/275/275 304/304/304 303/303/303
f 275/275/275 276/276/276 304/304/304
f 276/276/276 305/305/305 304/304/304
f 276/276/276 277/277/277 305/305/305
f 277/277/277 306/306/306 305/305/305
f 277/277/277 278/278/278 306/306/306
f 278/278/278 307/307/307 306/306/306
f 278/278/278 279/279/279 307/307/307
f 279/279/279 308/308/308 307/307/307
f 279/279/279 280/280/280 308/308/308
f 280/280/280 309/309/309 308/308/308
f 280/280/280 281/281/281 309/309/309
f 281/281/281 310/310/310 309/309/309
f 281/281/281 282/282/282 310/310/310
f 282/282/282 311/311/311 310/310/310
f 282/282/282 283/283/283 311/311/311
f 283/283/283 312/312/312 311/311/311
f 283/283/283 284/284/284 312/312/312
f 284/284/284 313/313/313 312/312/312
f 284/284/284 285/285/285 313/313/313
f 285/285/285 314/314/314 313/313/313
f 285/285/285 286/286/286 314/314/314
f 286/286/286 315/315/315 314/314/314
f 286/286/286 287/287/287 315/315/315
f 287/287/287 316/316/316 315/315/315
f 287/287/287 288/288/288 316/316/316
f 288/288/288 317/317/317 316/316/316
f 288/288/288 289/289/289 317/317/317
f 289/289/289 318/318/318 317/317/317
f 289/289/289 290/290/290 318/318/318
f 290/290/290 319/319/319 318/318/318
f 291/291/291 292/292/292 320/320/320
f 292/292/292 321/321/321 320/320/320
f 292/292/292 293/293/293 321/321/321
f 293/293/293 322/322/322 321/321/321
f 293/293/293 294/294/294 322/322/322
f 294/294/294 323/323/323 322/322/322
f 294/294/294 295/295/295 323/323/323
f 295/295/295 324/324/324 323/323/323
f 295/295/295 296/296/296 324/324/324
f 296/296/296 325/325/325 324/324/324
f 296/296/296 297/297/297 325/325/325
f 297/297/297 326/326/326 325/325/325
f 297/297/297 298/298/298 326/326/326
f 298/298/298 327/327/327 326/326/326
f 298/298/298 299/299/299 327/327/327
f 299/299/299 328/328/328 327/327/327
f 299/299/299 300/300/300 328/328/328
f 300/300/300 329/329/329 328/328/328
f 300/300/300 301/301/301 329/329/329
f 301/301/301 330/330/330 329/329/329
f 301/301/301 302/302/302 330/330/330
f 302/302/302 331/331/331 330/330/330
f 302/302/302 303/303/303 331/331/331
f 303/303/303 332/332/332 331/331/331
f 303/303/303 304/304/304 332/332/332
f 304/304/304 333/333/333 332/332/332
f 304/304/304 305/305/305 333/333/333
f 305/305/305 334/334/334 333/333/333
f 305/305/305 306/306/306 334/334/334
f 306/306/306 335/335/335 334/334/334
f 306/306/306 307/307/307 335/335/335
f 307/307/307 336/336/336 335/335/335
f 307/307/307 308/308/308 336/336/336
f 308/308/308 337/337/337 336/336/336
f 308/308/308 309/309/309 337/337/337
f 309/309/309 338/338/338 337/337/337
f 309/309/309 310/310/310 338/338/338
f 310/310/310 339/339/339 338/338/338
f 310/310/310 311/311/311 339/339/339
f 311/311/311 340/340/340 339/339/339
f 311/311/311 312/312/312 340/340/340
f 312/312/312 341/341/341 340/340/340
f 312/312/312 313/313/313 341/341/341
f 313/313/313 342/342/342 341/341/341
f 313/313/313 314/314/314 342/342/342
f 314/314/314 343/343/343 342/342/342
f 314/314/314 315/315/315 343/343/343
f 315/315/315 344/344/344 343/343/343
f 315/315/315 316/316/316 344/344/344
f 316/316/316 345/345/345 344/344/344
f 316/316/316 317/317/317 345/345/345
f 317/317/317 346/346/346 345/345/345
f 317/317/317 318/318/318 346/346/346
f 318/318/318 347/347/347 346/346/346
f 318/318/318 319/319/319 347/347/347
f 319/319/319 348/348/348 347/347/347
f 320/320/320 321/321/321 349/349/349
f 321/321/321 350/350/350 349/349/349
f 321/321/321 322/322/322 350/350/350
f 322/322/322 351/351/351 350/350/350
f 322/322/322 323/323/323 351/351/351
f 323/323/323 352/352/352 351/351/351
f 323/323/323 324/324/324 352/352/352
f 324/324/324 353/353/353 352/352/352
f 324/324/324 325/325/325 353/353/353
f 325/325/325 354/354/354 353/353/353
f 325/325/325 326/326/326 354/354/354
f 326/326/326 355/355/355 354/354/354
f 326/326/326 327/327/327 355/355/355
f 327/327/327 356/356/356 355/355/355
f 327/327/327 328/328/328 356/356/356
f 328/328/328 357/357/357 356/356/356
f 328/328/328 329/329/329 357/357/357
f 329/329/329 358/358/358 357/357/357
f 329/329/329 330/330/330 358/358/358
f 330/330/330 359/359/359 358/358/358
f 330/330/330 331/331/331 359/359/359
f 331/331/331 360/360/360 359/359/359
f 331/331/331 332/332/332 360/360/360
f 332/332/332 361/361/361 360/360/360
f 332/332/332 333/333/333 361/361/361
f 333/333/333 362/362/362 361/361/361
f 333/333/333 334/334/334 362/362/362
f 334/334/334 363/363/363 362/362/362
f 334/334/334 335/335/335 363/363/363
f 335/335/335 364/364/364 363/363/363
f 335/335/335 336/336/336 364/364/364
f 336/336/336 365/365/365 364/364/364
f 336/336/336 337/337/337 365/365/365
f 337/337/337 366/366/366 365/365/365
f 337/337/337 338/338/338 366/366/366
f 338/338/338 367/367/367 366/366/366
f 338/338/338 339/339/339 367/367/367
f 339/339/339 368/368/368 367/367/367
f 339/339/339 340/340/340 368/368/368
f 340/340/340 369/369/369 368/368/368
f 340/340/340 341/341/341 369/369/369
f 341/341/341 370/370/370 369/369/369
f 341/341/341 342/342/342 370/370/370
f 342/342/342 371/371/371 370/370/370
f 342/342/342 343/343/343 371/371/371
f 343/343/343 372/372/372 371/371/371
f 343/343/343 344/344/344 372/372/372
f 344/344/344 373/373/373 372/372/372
f 344/344/344 345/345/345 373/373/373
f 345/345/345 374/374/374 373/373/373
f 345/345/345 346/346/346 374/374/374
f 346/346/346 375/375/375 374/374/374
f 346/346/346 347/347/347 375/375/375
f 347/347/347 376/376/376 375/375/375
f 347/347/347 348/348/348 376/376/376
f 348/348/348 377/377/377 376/376/376
f 349/349/349 350/350/350 378/378/378
f 350/350/350 379/379/379 378/378/378
f 350/350/350 351/351/351 379/379/379
f 351/351/351 380/380/380 379/379/379
f 351/351/351 352/352/352 380/380/380
f 352/352/352 381/381/381 380/380/380
f 352/352/352 353/353/353 381/381/381
f 353/353/353 382/382/382 381/381/381
f 353/353/353 354/354/354 382/382/382
f 354/354/354 383/383/383 382/382/382
f 354/354/354 355/355/355 383/383/383
f 355/355/355 384/384/384 383/383/383
f 355/355/355 356/356/356 384/384/384
f 356/356/356 385/385/385 384/384/384
f 356/356/356 357/357/357 385/385/385
f 357/357/357 386/386/386 385/385/385
f 357/357/357 358/358/358 386/386/386
f 358/358/358 387/387/387 386/386/386
f 358/358/358 359/359/359 387/387/387
f 359/359/359 388/388/388 387/387/387
f 359/359/359 360/360/360 388/388/388
f 360/360/360 389/389/389 388/388/388
f 360/360/360 361/361/361 389/389/389
f 361/361/361 390/390/390 389/389/389
f 361/361/361 362/362/362 390/390/390
f 362/362/362 391/391/391 390/390/390
f 362/362/362 363/363/363 391/391/391
f 363/363/363 392/392/392 391/391/391
f 363/363/363 364/364/364 392/392/392
f 364/364/364 393/393/393 392/392/392
f 364/364/364 365/365/365 393/393/393
f 365/365/365 394/394/394 393/393/393
f 365/365/365 366/366/366 394/394/394
f 366/366/366 395/395/395 394/394/394
f 366/366/366 367/367/367 395/395/395
f 367/367/367 396/396/396 395/395/395
f 367/367/367 368/368/368 396/396/396
f 368/368/368 397/397/397 396/396/396
f 368/368/368 369/369/369 397/397/397
f 369/369/369 398/398/398 397/397/397
f 369/369/369 370/370/370 398/398/398
f 370/370/370 399/399/399 398/398/398
f 370/370/370 371/371/371 399/399/399
f 371/371/371 400/400/400 399/399/399
f 371/371/371 372/372/372 400/400/400
f 372/372/372 401/401/401 400/400/400
f 372/372/372 373/373/373 401/401/401
f 373/373/373 402/402/402 401/401/401
f 373/373/373 374/374/374 402/402/402
f 374/374/374 403/403/403 402/402/402
f 374/374/374 375/375/375 403/403/403
f 375/375/375 404/404/404 403/403/403
f 375/375/375 376/376/376 404/404/404
f 376/376/376 405/405/405 404/404/404
f 376/376/376 377/377/377 405/405/405
f 377/377/377 406/406/406 405/405/405
f 378/378/378 379/379/379 407/407/407
f 379/379/379 408/408/408 407/407/407
f 379/379/379 380/380/380 408/408/408
f 380/380/380 409/409/409 408/408/408
f 380/380/380 381/381/381 409/409/409
f 381/381/381 410/410/410 409/409/409
f 381/381/381 382/382/382 410/410/410
f 382/382/382 411/411/411 410/410/410
f 382/382/382 383/383/383 411/411/411
f 383/383/383 412/412/412 411/411/411
f 383/383/383 384/384/384 412/412/412
f 384/384/384 413/413/413 412/412/412
f 384/384/384 385/385/385 413/413/413
f 385/385/385 414/414/414 413/413/413
f 385/385/385 386/386/386 414/414/414
f 386/386/386 415/415/415 414/414/414
f 386/386/386 387/387/387 415/415/415
f 387/387/387 416/416/416 415/415/415
f 387/387/387 388/388/388 416/416/416
f 388/388/388 417/417/417 416/416/416
f 388/388/388 389/389/389 417/417/417
f 389/389/389 418/418/418 417/417/417
f 389/389/389 390/390/390 418/418/418
f 390/390/390 419/419/419 418/418/418
f 390/390/390 391/391/391 419/419/419
f 391/391/391 420/420/420 419/419/419
f 391/391/391 392/392/392 420/420/420
f 392/392/392 421/421/421 420/420/420
f 392/392/392 393/393/393 421/421/421
f 393/393/393 422/422/422 421/421/421
f 393/393/393 394/394/394 422/422/422
f 394/394/394 423/423/423 422/422/422
f 394/394/394 395/395/395 423/423/423
f 395/395/395 424/424/424 423/423/423
f 395/395/395 396/396/396 424/424/424
f 396/396/396 425/425/425 424/424/424
f 396/396/396 397/397/397 425/425/425
f 397/397/397 426/426/426 425/425/425
f 397/397/397 398/398/398 426/426/426
f 398/398/398 427/427/427 426/426/426
f 398/398/398 399/399/399 427/427/427
f 399/399/399 428/428/428 427/427/427
f 399/399/399 400/400/400 428/428/428
f 400/400/400 429/429/429 428/428/428
f 400/400/400 401/401/401 429/429/429
f 401/401/401 430/430/430 429/429/429
f 401/401/401 402/402/402 430/430/430
f 402/402/402 431/431/431 430/430/430
f 402/402/402 403/403/403 431/431/431
f 403/403/403 432/432/432 431/431/431
f 403/403/403 404/404/404 432/432/432
f 404/404/404 433/433/433 432/432/432
f 404/404/404 405/405/405 433/433/433
f 405/405/405 434/434/434 433/433/433
f 405/405/405 406/406/406 434/434/434
f 406/406/406 435/435/435 434/434/434
f 407/407/407 408/408/408 436/436/436
f 408/408/408 437/437/437 436/436/436
f 408/408/408 409/409/409 437/437/437
f 409/409/409 438/438/438 437/437/437
f 409/409/409 410/410/410 438/438/438
f 410/410/410 439/439/439 438/438/438
f 410/410/410 411/411/411 439/439/439
f 411/411/411 440/440/440 439/439/439
f 411/411/411 412/412/412 440/440/440
f 412/412/412 441/441/441 440/440/440
f 412/412/412 413/413/413 441/441/441
f 413/413/413 442/442/442 441/441/441
f 413/413/413 414/414/414 442/442/442
f 414/414/414 443/443/443 442/442/442
f 414/414/414 415/415/415 443/443/443
f 415/415/415 444/444/444 443/443/443
f 415/415/415 416/416/416 444/444/444
f 416/416/416 445/445/445 444/444/444
f 416/416/416 417/417/417 445/445/445
f 417/417/417 446/446/446 445/445/445
f 417/417/417 418/418/418 446/446/446
f 418/418/418 447/447/447 446/446/446
f 418/418/418 419/419/419 447/447/447
f 419/419/419 448/448/448 447/447/447
f 419/419/419 420/420/420 448/448/448
f 420/420/420 449/449/449 448/448/448
f 420/420/420 421/421/421 449/449/449
f 421/421/421 450/450/450 449/449/449
f 421/421/421 422/422/422 450/450/450
f 422/422/422 451/451/451 450/450/450
f 422/422/422 423/423/423 451/451/451
f 423/423/423 452/452/452 451/451/451
f 423/423/423 424/424/424 452/452/452
f 424/424/424 453/453/453 452/452/452
f 424/424/424 425/425/425 453/453/453
f 425/425/425 454/454/454 453/453/453
f 425/425/425 426/426/426 454/454/454
f 426/426/426 455/455/455 454/454/454
f 426/426/426 427/427/427 455/455/455
f 427/427/427 456/456/456 455/455/455
f 427/427/427 428/428/428 456/456/456
f 428/428/428 457/457/457 456/456/456
f 428/428/428 429/429/429 457/457/457
f 429/429/429 458/458/458 457/457/457
f 429/429/429 430/430/430 458/458/458
f 430/430/430 459/459/459 458/458/458
f 430/430/430 431/431/431 459/459/459
f 431/431/431 460/460/460 459/459/459
f 431/431/431 432/432/432 460/460/460
f 432/432/432 461/461/461 460/460/460
f 432/432/432 433/433/433 461/461/461
f 433/433/433 462/462/462 461/461/461
f 433/433/433 434/434/434 462/462/462
f 434/434/434 463/463/463 462/462/462
f 434/434/434 435/435/435 463/463/463
f 435/435/435 464/464/464 463/463/463
f 436/436/436 437/437/437 465/465/465
f 437/437/437 466/466/466 465/465/465
f 437/437/437 438/438/438 466/466/466
f 438/438/438 467/467/467 466/466/466
f 438/438/438 439/439/439 467/467/467
f 439/439/439 468/468/468 467/467/467
f 439/439/439 440/440/440 468/468/468
f 440/440/440 469/469/469 468/468/468
f 440/440/440 441/441/441 469/469/469
f 441/441/441 470/470/470 469/469/469
f 441/441/441 442/442/442 470/470/470
f 442/442/442 471/471/471 470/470/470
f 442/442/442 443/443/443 471/471/471
f 443/443/443 472/472/472 471/471/471
f 443/443/443 444/444/444 472/472/472
f 444/444/444 473/473/473 472/472/472
f 444/444/444 445/445/445 473/473/473
f 445/445/445 474/474/474 473/473/473
f 445/445/445 446/446/446 474/474/474
f 446/446/446 475/475/475 474/474/474
f 446/446/446 447/447/447 475/475/475
f 447/447/447 476/476/476 475/475/475
f 447/447/447 448/448/448 476/476/476
f 448/448/448 477/477/477 476/476/476
f 448/448/448 449/449/449 477/477/477
f 449/449/449 478/478/478 477/477/477
f 449/449/449 450/450/450 478/478/478
f 450/450/450 479/479/479 478/478/478
f 450/450/450 451/451/451 479/479/479
f 451/451/451 480/480/480 479/479/479
f 451/451/451 452/452/452 480/480/480
f 452/452/452 481/481/481 480/480/480
f 452/452/452 453/453/453 481/481/481
f 453/453/453 482/482/482 481/481/481
f 453/453/453 454/454/454 482/482/482
f 454/454/454 483/483/483 482/482/482
f 454/454/454 455/455/455 483/483/483
f 455/455/455 484/484/484 483/483/483
f 455/455/455 456/456/456 484/484/484
f 456/456/456 485/485/485 484/484/484
f 456/456/456 457/457/457 485/485/485
f 457/457/457 486/486/486 485/485/485
f 457/457/457 458/458/458 486/486/486
f 458/458/458 487/487/487 486/486/486
f 458/458/458 459/459/459 487/487/487
f 459/459/459 488/488/488 487/487/487
f 459/459/459 460/460/460 488/488/488
f 460/460/460 489/489/489 488/488/488
f 460/460/460 461/461/461 489/489/489
f 461/461/461 490/490/490 489/489/489
f 461/461/461 462/462/462 490/490/490
f 462/462/462 491/491/491 490/490/490
f 462/462/462 463/463/463 491/491/491
f 463/463/463 492/492/492 491/491/491
f 463/463/463 464/464/464 492/492/492
f 464/464/464 493/493/493 492/492/492
f 465/465/465 466/466/466 494/494/494
f 466/466/466 495/495/495 494/494/494
f 466/466/466 467/467/467 495/495/495
f 467/467/467 496/496/496 495/495/495
f 467/467/467 468/468/468 496/496/496
f 468/468/468 497/497/497 496/496/496
f 468/468/468 469/469/469 497/497/497
f 469/469/469 498/498/498 497/497/497
f 469/469/469 470/470/470 498/498/498
f 470/470/470 499/499/499 498/498/498
f 470/470/470 471/471/471 499/499/499
f 471/471/471 500/500/500 499/499/499
f 471/471/471 472/472/472 500/500/500
f 472/472/472 501/501/501 500/500/500
f 472/472/472 473/473/473 501/501/501
f 473/473/473 502/502/502 501/501/501
f 473/473/473 474/474/474 502/502/502
f 474/474/474 503/503/503 502/502/502
f 474/474/474 475/475/475 503/503/503
f 475/475/475 504/504/504 503/503/503
f 475/475/475 476/476/476 504/504/504
f 476/476/476 505/505/505 504/504/504
f 476/476/476 477/477/477 505/505/505
f 477/477/477 506/506/506 505/505/505
f 477/477/477 478/478/478 506/506/506
f 478/478/478 507/507/507 506/506/506
f 478/478/478 479/479/479 507/507/507
f 479/479/479 508/508/508 507/507/507
f 479/479/479 480/480/480 508/508/508
f 480/480/480 509/509/509 508/508/508
f 480/480/480 481/481/481 509/509/509
f 481/481/481 510/510/510 509/509/509
f 481/481/481 482/482/482 510/510/510
f 482/482/482 511/511/511 510/510/510
f 482/482/482 483/483/483 511/511/511
f 483/483/483 512/512/512 511/511/511
f 483/483/483 484/484/484 512/512/512
f 484/484/484 513/513/513 512/512/512
f 484/484/484 485/485/485 513/513/513
f 485/485/485 514/514/514 513/513/513
f 485/485/485 486/486/486 514/514/514
f 486/486/486 515/515/515 514/514/514
f 486/486/486 487/487/487 515/515/515
f 487/487/487 516/516/516 515/515/515
f 487/487/487 488/488/488 516/516/516
f 488/488/488 517/517/517 516/516/516
f 488/488/488 489/489/489 517/517/517
f 489/489/489 518/518/518 517/517/517
f 489/489/489 490/490/490 518/518/518
f 490/490/490 519/519/519 518/518/518
f 490/490/490 491/491/491 519/519/519
f 491/491/491 520/520/520 519/519/519
f 491/491/491 492/492/492 520/520/520
f 492/492/492 521/521/521 520/520/520
f 492/492/492 493/493/493 521/521/521
f 493/493/493 522/522/522 521/521/521
f 494/494/494 495/495/495 523/523/523
f 495/495/495 524/524/524 523/523/523
f 495/495/495 496/496/496 524/524/524
f 496/496/496 525/525/525 524/524/524
f 496/496/496 497/497/497 525/525/525
f 497/497/497 526/526/526 525/525/525
f 497/497/497 498/498/498 526/526/526
f 498/498/498 527/527/527 526/526/526
f 498/498/498 499/499/499 527/527/527
f 499/499/499 528/528/528 527/527/527
f 499/499/499 500/500/500 528/528/528
f 500/500/500 529/529/529 528/528/528
f 500/500/500 501/501/501 529/529/529
f 501/501/501 530/530/530 529/529/529
f 501/501/501 502/502/502 530/530/530
f 502/502/502 531/531/531 530/530/530
f 502/502/502 503/503/503 531/531/531
f 503/503/503 532/532/532 531/531/531
f 503/503/503 504/504/504 532/532/532
f 504/504/504 533/533/533 532/532/532
f 504/504/504 505/505/505 533/533/533
f 505/505/505 534/534/534 533/533/533
f 505/505/505 506/506/506 534/534/534
f 506/506/506 535/535/535 534/534/534
f 506/506/506 507/507/507 535/535/535
f 507/507/507 536/536/536 535/535/535
f 507/507/507 508/508/508 536/536/536
f 508/508/508 537/537/537 536/536/536
f 508/508/508 509/509/509 537/537/537
f 509/509/509 538/538/538 537/537/537
f 509/509/509 510/510/510 538/538/538
f 510/510/510 539/539/539 538/538/538
f 510/510/510 511/511/511 539/539/539
f 511/511/511 540/540/540 539/539/539
f 511/511/511 512/512/512 540/540/540
f 512/512/512 541/541/541 540/540/540
f 512/512/512 513/513/513 541/541/541
f 513/513/513 542/542/542 541/541/541
f 513/513/513 514/514/514 542/542/542
f 514/514/514 543/543/543 542/542/542
f 514/514/514 515/515/515 543/543/543
f 515/515/515 544/544/544 543/543/543
f 515/515/515 516/516/516 544/544/544
f 516/516/516 545/545/545 544/544/544
f 516/516/516 517/517/517 545/545/545
f 517/517/517 546/546/546 545/545/545
f 517/517/517 518/518/518 546/546/546
f 518/518/518 547/547/547 546/546/546
f 518/518/518 519/519/519 547/547/547
f 519/519/519 548/548/548 547/547/547
f 519/519/519 520/520/520 548/548/548
f 520/520/520 549/549/549 548/548/548
f 520/520/520 521/521/521 549/549/549
f 521/521/521 550/550/550 549/549/549
f 521/521/521 522/522/522 550/550/550
f 522/522/522 551/551/551 550/550/550
f 523/523/523 524/524/524 552/552/552
f 524/524/524 553/553/553 552/552/552
f 524/524/524 525/525/525 553/553/553
f 525/525/525 554/554/554 553/553/553
f 525/525/525 526/526/526 554/554/554
f 526/526/526 555/555/555 554/554/554
f 526/526/526 527/527/527 555/555/555
f 527/527/527 556/556/556 555/555/555
f 527/527/527 528/528/528 556/556/556
f 528/528/528 557/557/557 556/556/556
f 528/528/528 529/529/529 557/557/557
f 529/529/529 558/558/558 557/557/557
f 529/529/529 530/530/530 558/558/558
f 530/530/530 559/559/559 558/558/558
f 530/530/530 531/531/531 559/559/559
f 531/531/531 560/560/560 559/559/559
f 531/531/531 532/532/532 560/560/560
f 532/532/532 561/561/561 560/560/560
f 532/532/532 533/533/533 561/561/561
f 533/533/533 562/562/562 561/561/561
f 533/533/533 534/534/534 562/562/562
f 534/534/534 563/563/563 562/562/562
f 534/534/534 535/535/535 563/563/563
f 535/535/535 564/564/564 563/563/563
f 535/535/535 536/536/536 564/564/564
f 536/536/536 565/565/565 564/564/564
f 536/536/536 537/537/537 565/565/565
f 537/537/537 566/566/566 565/565/565
f 537/537/537 538/538/538 566/566/566
f 538/538/538 567/567/567 566/566/566
f 538/538/538 539/539/539 567/567/567
f 539/539/539 568/568/568 567/567/567
f 539/539/539 540/540/540 568/568/568
f 540/540/540 569/569/569 568/568/568
f 540/540/540 541/541/541 569/569/569
f 541/541/541 570/570/570 569/569/569
f 541/541/541 542/542/542 570/570/570
f 542/542/542 571/571/571 570/570/570
f 542/542/542 543/543/543 571/571/571
f 543/543/543 572/572/572 571/571/571
f 543/543/543 544/544/544 572/572/572
f 544/544/544 573/573/573 572/572/572
f 544/544/544 545/545/545 573/573/573
f 545/545/545 574/574/574 573/573/573
f 545/545/545 546/546/546 574/574/574
f 546/546/546 575/575/575 574/574/574
f 546/546/546 547/547/547 575/575/575
f 547/547/547 576/576/576 575/575/575
f 547/547/547 548/548/548 576/576/576
f 548/548/548 577/577/577 576/576/576
f 548/548/548 549/549/549 577/577/577
f 549/549/549 578/578/578 577/577/577
f 549/549/549 550/550/550 578/578/578
f 550/550/550 579/579/579 578/578/578
f 550/550/550 551/551/551 579/579/579
f 551/551/551 580/580/580 579/579/579
f 552/552/552 553/553/553 581/581/581
f 553/553/553 582/582/582 581/581/581
f 553/553/553 554/554/554 582/582/582
f 554/554/554 583/583/583 582/582/582
f 554/554/554 555/555/555 583/583/583
f 555/555/555 584/584/584 583/583/583
f 555/555/555 556/556/556 584/584/584
f 556/556/556 585/585/585 584/584/584
f 556/556/556 557/557/557 585/585/585
f 557/557/557 586/586/586 585/585/585
f 557/557/557 558/558/558 586/586/586
f 558/558/558 587/587/587 586/586/586
f 558/558/558 559/559/559 587/587/587
f 559/559/559 588/588/588 587/587/587
f 559/559/559 560/560/560 588/588/588
f 560/560/560 589/589/589 588/588/588
f 560/560/560 561/561/561 589/589/589
f 561/561/561 590/590/590 589/589/589
f 561/561/561 562/562/562 590/590/590
f 562/562/562 591/591/591 590/590/590
f 562/562/562 563/563/563 591/591/591
f 563/563/563 592/592/592 591/591/591
f 563/563/563 564/564/564 592/592/592
f 564/564/564 593/593/593 592/592/592
f 564/564/564 565/565/565 593/593/593
f 565/565/565 594/594/594 593/593/593
f 565/565/565 566/566/566 594/594/594
f 566/566/566 595/595/595 594/594/594
f 566/566/566 567/567/567 595/595/595
f 567/567/567 596/596/596 595/595/595
f 567/567/567 568/568/568 596/596/596
f 568/568/568 597/597/597 596/596/596
f 568/568/568 569/569/569 597/597/597
f 569/569/569 598/598/598 597/597/597
f 569/569/569 570/570/570 598/598/598
f 570/570/570 599/599/599 598/598/598
f 570/570/570 571/571/571 599/599/599
f 571/571/571 600/600/600 599/599/599
f 571/571/571 572/572/572 600/600/600
f 572/572/572 601/601/601 600/600/600
f 572/572/572 573/573/573 601/601/601
f 573/573/573 602/602/602 601/601/601
f 573/573/573 574/574/574 602/602/602
f 574/574/574 603/603/603 602/602/602
f 574/574/574 575/575/575 603/603/603
f 575/575/575 604/604/604 603/603/603
f 575/575/575 576/576/576 604/604/604
f 576/576/576 605/605/605 604/604/604
f 576/576/576 577/577/577 605/605/605
f 577/577/577 606/606/606 605/605/605
f 577/577/577 578/578/578 606/606/606
f 578/578/578 607/607/607 606/606/606
f 578/578/578 579/579/579 607/607/607
f 579/579/579 608/608/608 607/607/607
f 579/579/579 580/580/580 608/608/608
f 580/580/580 609/609/609 608/608/608
f 581/581/581 582/582/582 610/610/610
f 582/582/582 611/611/611 610/610/610
f 582/582/582 583/583/583 611/611/611
f 583/583/583 612/612/612 611/611/611
f 583/583/583 584/584/584 612/612/612
f 584/584/584 613/613/613 612/612/612
f 584/584/584 585/585/585 613/613/613
f 585/585/585 614/614/614 613/613/613
f 585/585/585 586/586/586 614/614/614
f 586/586/586 615/615/615 614/614/614
f 586/586/586 587/587/587 615/615/615
f 587/587/587 616/616/616 615/615/615
f 587/587/587 588/588/588 616/616/616
f 588/588/588 617/617/617 616/616/616
f 588/588/588 589/589/589 617/617/617
f 589/589/589 618/618/618 617/617/617
f 589/589/589 590/590/590 618/618/618
f 590/590/590 619/619/619 618/618/618
f 590/590/590 591/591/591 619/619/619
f 591/591/591 620/620/620 619/619/619
f 591/591/591 592/592/592 620/620/620
f 592/592/592 621/621/621 620/620/620
f 592/592/592 593/593/593 621/621/621
f 593/593/593 622/622/622 621/621/621
f 593/593/593 594/594/594 622/622/622
f 594/594/594 623/623/623 622/622/622
f 594/594/594 595/595/595 623/623/623
f 595/595/595 624/624/624 623/623/623
f 595/595/595 596/596/596 624/624/624
f 596/596/596 625/625/625 624/624/624
f 596/596/596 597/597/597 625/625/625
f 597/597/597 626/626/626 625/625/625
f 597/597/597 598/598/598 626/626/626
f 598/598/598 627/627/627 626/626/626
f 598/598/598 599/599/599 627/627/627
f 599/599/599 628/628/628 627/627/627
f 599/599/599 600/600/600 628/628/628
f 600/600/600 629/629/629 628/628/628
f 600/600/600 601/601/601 629/629/629
f 601/601/601 630/630/630 629/629/629
f 601/601/601 602/602/602 630/630/630
f 602/602/602 631/631/631 630/630/630
f 602/602/602 603/603/603 631/631/631
f 603/603/603 632/632/632 631/631/631
f 603/603/603 604/604/604 632/632/632
f 604/604/604 633/633/633 632/632/632
f 604/604/604 605/605/605 633/633/633
f 605/605/605 634/634/634 633/633/633
f 605/605/605 606/606/606 634/634/634
f 606/606/606 635/635/635 634/634/634
f 606/606/606 607/607/607 635/635/635
f 607/607/607 636/636/636 635/635/635
f 607/607/607 608/608/608 636/636/636
f 608/608/608 637/637/637 636/636/636
f 608/608/608 609/609/609 637/637/637
f 609/609/609 638/638/638 637/637/637
f 610/610/610 611/611/611 639/639/639
f 611/611/611 640/640/640 639/639/639
f 611/611/611 612/612/612 640/640/640
f 612/612/612 641/641/641 640/640/640
f 612/612/612 613/613/613 641/641/641
f 613/613/613 642/642/642 641/641/641
f 613/613/613 614/614/614 642/642/642
f 614/614/614 643/643/643 642/642/642
f 614/614/614 615/615/615 643/643/643
f 615/615/615 644/644/644 643/643/643
f 615/615/615 616/616/616 644/644/644
f 616/616/616 645/645/645 644/644/644
f 616/616/616 617/617/617 645/645/645
f 617/617/617 646/646/646 645/645/645
f 617/617/617 618/618/618 646/646/646
f 618/618/618 647/647/647 646/646/646
f 618/618/618 619/619/619 647/647/647
f 619/619/619 648/648/648 647/647/647
f 619/619/619 620/620/620 648/648/648
f 620/620/620 649/649/649 648/648/648
f 620/620/620 621/621/621 649/649/649
f 621/621/621 650/650/650 649/649/649
f 621/621/621 622/622/622 650/650/650
f 622/622/622 651/651/651 650/650/650
f 622/622/622 623/623/623 651/651/651
f 623/623/623 652/652/652 651/651/651
f 623/623/623 624/624/624 652/652/652
f 624/624/624 653/653/653 652/652/652
f 624/624/624 625/625/625 653/653/653
f 625/625/625 654/654/654 653/653/653
f 625/625/625 626/626/626 654/654/654
f 626/626/626 655/655/655 654/654/654
f 626/626/626 627/627/627 655/655/655
f 627/627/627 656/656/656 655/655/655
f 627/627/627 628/628/628 656/656/656
f 628/628/628 657/657/657 656/656/656
f 628/628/628 629/629/629 657/657/657
f 629/629/629 658/658/658 657/657/657
f 629/629/629 630/630/630 658/658/658
f 630/630/630 659/659/659 658/658/658
f 630/630/630 631/631/631 659/659/659
f 631/631/631 660/660/660 659/659/659
f 631/631/631 632/632/632 660/660/660
f 632/632/632 661/661/661 660/660/660
f 632/632/632 633/633/633 661/661/661
f 633/633/633 662/662/662 661/661/661
f 633/633/633 634/634/634 662/662/662
f 634/634/634 663/663/663 662/662/662
f 634/634/634 635/635/635 663/663/663
f 635/635/635 664/664/664 663/663/663
f 635/635/635 636/636/636 664/664/664
f 636/636/636 665/665/665 664/664/664
f 636/636/636 637/637/637 665/665/665
f 637/637/637 666/666/666 665/665/665
f 637/637/637 638/638/638 666/666/666
f 638/638/638 667/667/667 666/666/666
