# panda.obj (compat): adds vt/vn and uses v/vt/vn faces for loaders that require them
mtllib panda.mtl
o panda

v 0.000000 1.300000 0.020000
v 0.000000 1.300000 0.020000
v 0.000000 1.300000 0.020000
v 0.000000 1.300000 0.020000
v 0.000000 1.300000 0.020000
v 0.000000 1.300000 0.020000
v 0.000000 1.300000 0.020000
v 0.000000 1.300000 0.020000
v 0.000000 1.300000 0.020000
v 0.000000 1.300000 0.020000
v 0.000000 1.300000 0.020000
v 0.000000 1.300000 0.020000
v 0.000000 1.300000 0.020000
v 0.000000 1.300000 0.020000
v 0.307818 1.230647 0.020000
v 0.277335 1.230647 0.131298
v 0.191921 1.230647 0.220552
v 0.068496 1.230647 0.270084
v -0.068496 1.230647 0.270084
v -0.191921 1.230647 0.220552
v -0.277335 1.230647 0.131298
v -0.307818 1.230647 0.020000
v -0.277335 1.230647 -0.091298
v -0.191921 1.230647 -0.180552
v -0.068496 1.230647 -0.230084
v 0.068496 1.230647 -0.230084
v 0.191921 1.230647 -0.180552
v 0.277335 1.230647 -0.091298
v 0.578509 1.030951 0.020000
v 0.521218 1.030951 0.229171
v 0.360694 1.030951 0.396914
v 0.128730 1.030951 0.490004
v -0.128730 1.030951 0.490004
v -0.360694 1.030951 0.396914
v -0.521218 1.030951 0.229171
v -0.578509 1.030951 0.020000
v -0.521218 1.030951 -0.189171
v -0.360694 1.030951 -0.356914
v -0.128730 1.030951 -0.450004
v 0.128730 1.030951 -0.450004
v 0.360694 1.030951 -0.356914
v 0.521218 1.030951 -0.189171
v 0.779423 0.725000 0.020000
v 0.702236 0.725000 0.301816
v 0.485962 0.725000 0.527814
v 0.173438 0.725000 0.653234
v -0.173438 0.725000 0.653234
v -0.485962 0.725000 0.527814
v -0.702236 0.725000 0.301816
v -0.779423 0.725000 0.020000
v -0.702236 0.725000 -0.261816
v -0.485962 0.725000 -0.487814
v -0.173438 0.725000 -0.613234
v 0.173438 0.725000 -0.613234
v 0.485962 0.725000 -0.487814
v 0.702236 0.725000 -0.261816
v 0.886327 0.349695 0.020000
v 0.798553 0.349695 0.340469
v 0.552616 0.349695 0.597465
v 0.197226 0.349695 0.740087
v -0.197226 0.349695 0.740087
v -0.552616 0.349695 0.597465
v -0.798553 0.349695 0.340469
v -0.886327 0.349695 0.020000
v -0.798553 0.349695 -0.300469
v -0.552616 0.349695 -0.557465
v -0.197226 0.349695 -0.700087
v 0.197226 0.349695 -0.700087
v 0.552616 0.349695 -0.557465
v 0.798553 0.349695 -0.300469
v 0.886327 -0.049695 0.020000
v 0.798553 -0.049695 0.340469
v 0.552616 -0.049695 0.597465
v 0.197226 -0.049695 0.740087
v -0.197226 -0.049695 0.740087
v -0.552616 -0.049695 0.597465
v -0.798553 -0.049695 0.340469
v -0.886327 -0.049695 0.020000
v -0.798553 -0.049695 -0.300469
v -0.552616 -0.049695 -0.557465
v -0.197226 -0.049695 -0.700087
v 0.197226 -0.049695 -0.700087
v 0.552616 -0.049695 -0.557465
v 0.798553 -0.049695 -0.300469
v 0.779423 -0.425000 0.020000
v 0.702236 -0.425000 0.301816
v 0.485962 -0.425000 0.527814
v 0.173438 -0.425000 0.653234
v -0.173438 -0.425000 0.653234
v -0.485962 -0.425000 0.527814
v -0.702236 -0.425000 0.301816
v -0.779423 -0.425000 0.020000
v -0.702236 -0.425000 -0.261816
v -0.485962 -0.425000 -0.487814
v -0.173438 -0.425000 -0.613234
v 0.173438 -0.425000 -0.613234
v 0.485962 -0.425000 -0.487814
v 0.702236 -0.425000 -0.261816
v 0.578509 -0.730951 0.020000
v 0.521218 -0.730951 0.229171
v 0.360694 -0.730951 0.396914
v 0.128730 -0.730951 0.490004
v -0.128730 -0.730951 0.490004
v -0.360694 -0.730951 0.396914
v -0.521218 -0.730951 0.229171
v -0.578509 -0.730951 0.020000
v -0.521218 -0.730951 -0.189171
v -0.360694 -0.730951 -0.356914
v -0.128730 -0.730951 -0.450004
v 0.128730 -0.730951 -0.450004
v 0.360694 -0.730951 -0.356914
v 0.521218 -0.730951 -0.189171
v 0.307818 -0.930647 0.020000
v 0.277335 -0.930647 0.131298
v 0.191921 -0.930647 0.220552
v 0.068496 -0.930647 0.270084
v -0.068496 -0.930647 0.270084
v -0.191921 -0.930647 0.220552
v -0.277335 -0.930647 0.131298
v -0.307818 -0.930647 0.020000
v -0.277335 -0.930647 -0.091298
v -0.191921 -0.930647 -0.180552
v -0.068496 -0.930647 -0.230084
v 0.068496 -0.930647 -0.230084
v 0.191921 -0.930647 -0.180552
v 0.277335 -0.930647 -0.091298
v 0.000000 -1.000000 0.020000
v 0.000000 -1.000000 0.020000
v 0.000000 -1.000000 0.020000
v 0.000000 -1.000000 0.020000
v -0.000000 -1.000000 0.020000
v -0.000000 -1.000000 0.020000
v -0.000000 -1.000000 0.020000
v -0.000000 -1.000000 0.020000
v -0.000000 -1.000000 0.020000
v -0.000000 -1.000000 0.020000
v -0.000000 -1.000000 0.020000
v 0.000000 -1.000000 0.020000
v 0.000000 -1.000000 0.020000
v 0.000000 -1.000000 0.020000
v 0.000000 1.800000 0.050000
v 0.000000 1.800000 0.050000
v 0.000000 1.800000 0.050000
v 0.000000 1.800000 0.050000
v 0.000000 1.800000 0.050000
v 0.000000 1.800000 0.050000
v 0.000000 1.800000 0.050000
v 0.000000 1.800000 0.050000
v 0.000000 1.800000 0.050000
v 0.000000 1.800000 0.050000
v 0.000000 1.800000 0.050000
v 0.000000 1.800000 0.050000
v 0.000000 1.800000 0.050000
v 0.000000 1.800000 0.050000
v 0.188111 1.766831 0.050000
v 0.169482 1.766831 0.131618
v 0.117285 1.766831 0.197071
v 0.041859 1.766831 0.233395
v -0.041859 1.766831 0.233395
v -0.117285 1.766831 0.197071
v -0.169482 1.766831 0.131618
v -0.188111 1.766831 0.050000
v -0.169482 1.766831 -0.031618
v -0.117285 1.766831 -0.097071
v -0.041859 1.766831 -0.133395
v 0.041859 1.766831 -0.133395
v 0.117285 1.766831 -0.097071
v 0.169482 1.766831 -0.031618
v 0.353533 1.671324 0.050000
v 0.318522 1.671324 0.203392
v 0.220424 1.671324 0.326403
v 0.078669 1.671324 0.394669
v -0.078669 1.671324 0.394669
v -0.220424 1.671324 0.326403
v -0.318522 1.671324 0.203392
v -0.353533 1.671324 0.050000
v -0.318522 1.671324 -0.103392
v -0.220424 1.671324 -0.226403
v -0.078669 1.671324 -0.294669
v 0.078669 1.671324 -0.294669
v 0.220424 1.671324 -0.226403
v 0.318522 1.671324 -0.103392
v 0.476314 1.525000 0.050000
v 0.429144 1.525000 0.256665
v 0.296977 1.525000 0.422397
v 0.105990 1.525000 0.514372
v -0.105990 1.525000 0.514372
v -0.296977 1.525000 0.422397
v -0.429144 1.525000 0.256665
v -0.476314 1.525000 0.050000
v -0.429144 1.525000 -0.156665
v -0.296977 1.525000 -0.322397
v -0.105990 1.525000 -0.414372
v 0.105990 1.525000 -0.414372
v 0.296977 1.525000 -0.322397
v 0.429144 1.525000 -0.156665
v 0.541644 1.345506 0.050000
v 0.488005 1.345506 0.285011
v 0.337710 1.345506 0.473475
v 0.120527 1.345506 0.578064
v -0.120527 1.345506 0.578064
v -0.337710 1.345506 0.473475
v -0.488005 1.345506 0.285011
v -0.541644 1.345506 0.050000
v -0.488005 1.345506 -0.185011
v -0.337710 1.345506 -0.373475
v -0.120527 1.345506 -0.478064
v 0.120527 1.345506 -0.478064
v 0.337710 1.345506 -0.373475
v 0.488005 1.345506 -0.185011
v 0.541644 1.154494 0.050000
v 0.488005 1.154494 0.285011
v 0.337710 1.154494 0.473475
v 0.120527 1.154494 0.578064
v -0.120527 1.154494 0.578064
v -0.337710 1.154494 0.473475
v -0.488005 1.154494 0.285011
v -0.541644 1.154494 0.050000
v -0.488005 1.154494 -0.185011
v -0.337710 1.154494 -0.373475
v -0.120527 1.154494 -0.478064
v 0.120527 1.154494 -0.478064
v 0.337710 1.154494 -0.373475
v 0.488005 1.154494 -0.185011
v 0.476314 0.975000 0.050000
v 0.429144 0.975000 0.256665
v 0.296977 0.975000 0.422397
v 0.105990 0.975000 0.514372
v -0.105990 0.975000 0.514372
v -0.296977 0.975000 0.422397
v -0.429144 0.975000 0.256665
v -0.476314 0.975000 0.050000
v -0.429144 0.975000 -0.156665
v -0.296977 0.975000 -0.322397
v -0.105990 0.975000 -0.414372
v 0.105990 0.975000 -0.414372
v 0.296977 0.975000 -0.322397
v 0.429144 0.975000 -0.156665
v 0.353533 0.828676 0.050000
v 0.318522 0.828676 0.203392
v 0.220424 0.828676 0.326403
v 0.078669 0.828676 0.394669
v -0.078669 0.828676 0.394669
v -0.220424 0.828676 0.326403
v -0.318522 0.828676 0.203392
v -0.353533 0.828676 0.050000
v -0.318522 0.828676 -0.103392
v -0.220424 0.828676 -0.226403
v -0.078669 0.828676 -0.294669
v 0.078669 0.828676 -0.294669
v 0.220424 0.828676 -0.226403
v 0.318522 0.828676 -0.103392
v 0.188111 0.733169 0.050000
v 0.169482 0.733169 0.131618
v 0.117285 0.733169 0.197071
v 0.041859 0.733169 0.233395
v -0.041859 0.733169 0.233395
v -0.117285 0.733169 0.197071
v -0.169482 0.733169 0.131618
v -0.188111 0.733169 0.050000
v -0.169482 0.733169 -0.031618
v -0.117285 0.733169 -0.097071
v -0.041859 0.733169 -0.133395
v 0.041859 0.733169 -0.133395
v 0.117285 0.733169 -0.097071
v 0.169482 0.733169 -0.031618
v 0.000000 0.700000 0.050000
v 0.000000 0.700000 0.050000
v 0.000000 0.700000 0.050000
v 0.000000 0.700000 0.050000
v -0.000000 0.700000 0.050000
v -0.000000 0.700000 0.050000
v -0.000000 0.700000 0.050000
v -0.000000 0.700000 0.050000
v -0.000000 0.700000 0.050000
v -0.000000 0.700000 0.050000
v -0.000000 0.700000 0.050000
v 0.000000 0.700000 0.050000
v 0.000000 0.700000 0.050000
v 0.000000 0.700000 0.050000
v -0.350000 1.730000 -0.020000
v -0.350000 1.730000 -0.020000
v -0.350000 1.730000 -0.020000
v -0.350000 1.730000 -0.020000
v -0.350000 1.730000 -0.020000
v -0.350000 1.730000 -0.020000
v -0.350000 1.730000 -0.020000
v -0.350000 1.730000 -0.020000
v -0.350000 1.730000 -0.020000
v -0.350000 1.730000 -0.020000
v -0.350000 1.730000 -0.020000
v -0.350000 1.730000 -0.020000
v -0.271901 1.712174 -0.020000
v -0.282364 1.712174 0.019050
v -0.310950 1.712174 0.047636
v -0.350000 1.712174 0.058099
v -0.389050 1.712174 0.047636
v -0.417636 1.712174 0.019050
v -0.428099 1.712174 -0.020000
v -0.417636 1.712174 -0.059050
v -0.389050 1.712174 -0.087636
v -0.350000 1.712174 -0.098099
v -0.310950 1.712174 -0.087636
v -0.282364 1.712174 -0.059050
v -0.209270 1.662228 -0.020000
v -0.228125 1.662228 0.050365
v -0.279635 1.662228 0.101875
v -0.350000 1.662228 0.120730
v -0.420365 1.662228 0.101875
v -0.471875 1.662228 0.050365
v -0.490730 1.662228 -0.020000
v -0.471875 1.662228 -0.090365
v -0.420365 1.662228 -0.141875
v -0.350000 1.662228 -0.160730
v -0.279635 1.662228 -0.141875
v -0.228125 1.662228 -0.090365
v -0.174513 1.590054 -0.020000
v -0.198024 1.590054 0.067744
v -0.262256 1.590054 0.131976
v -0.350000 1.590054 0.155487
v -0.437744 1.590054 0.131976
v -0.501976 1.590054 0.067744
v -0.525487 1.590054 -0.020000
v -0.501976 1.590054 -0.107744
v -0.437744 1.590054 -0.171976
v -0.350000 1.590054 -0.195487
v -0.262256 1.590054 -0.171976
v -0.198024 1.590054 -0.107744
v -0.174513 1.509946 -0.020000
v -0.198024 1.509946 0.067744
v -0.262256 1.509946 0.131976
v -0.350000 1.509946 0.155487
v -0.437744 1.509946 0.131976
v -0.501976 1.509946 0.067744
v -0.525487 1.509946 -0.020000
v -0.501976 1.509946 -0.107744
v -0.437744 1.509946 -0.171976
v -0.350000 1.509946 -0.195487
v -0.262256 1.509946 -0.171976
v -0.198024 1.509946 -0.107744
v -0.209270 1.437772 -0.020000
v -0.228125 1.437772 0.050365
v -0.279635 1.437772 0.101875
v -0.350000 1.437772 0.120730
v -0.420365 1.437772 0.101875
v -0.471875 1.437772 0.050365
v -0.490730 1.437772 -0.020000
v -0.471875 1.437772 -0.090365
v -0.420365 1.437772 -0.141875
v -0.350000 1.437772 -0.160730
v -0.279635 1.437772 -0.141875
v -0.228125 1.437772 -0.090365
v -0.271901 1.387826 -0.020000
v -0.282364 1.387826 0.019050
v -0.310950 1.387826 0.047636
v -0.350000 1.387826 0.058099
v -0.389050 1.387826 0.047636
v -0.417636 1.387826 0.019050
v -0.428099 1.387826 -0.020000
v -0.417636 1.387826 -0.059050
v -0.389050 1.387826 -0.087636
v -0.350000 1.387826 -0.098099
v -0.310950 1.387826 -0.087636
v -0.282364 1.387826 -0.059050
v -0.350000 1.370000 -0.020000
v -0.350000 1.370000 -0.020000
v -0.350000 1.370000 -0.020000
v -0.350000 1.370000 -0.020000
v -0.350000 1.370000 -0.020000
v -0.350000 1.370000 -0.020000
v -0.350000 1.370000 -0.020000
v -0.350000 1.370000 -0.020000
v -0.350000 1.370000 -0.020000
v -0.350000 1.370000 -0.020000
v -0.350000 1.370000 -0.020000
v -0.350000 1.370000 -0.020000
v 0.350000 1.730000 -0.020000
v 0.350000 1.730000 -0.020000
v 0.350000 1.730000 -0.020000
v 0.350000 1.730000 -0.020000
v 0.350000 1.730000 -0.020000
v 0.350000 1.730000 -0.020000
v 0.350000 1.730000 -0.020000
v 0.350000 1.730000 -0.020000
v 0.350000 1.730000 -0.020000
v 0.350000 1.730000 -0.020000
v 0.350000 1.730000 -0.020000
v 0.350000 1.730000 -0.020000
v 0.428099 1.712174 -0.020000
v 0.417636 1.712174 0.019050
v 0.389050 1.712174 0.047636
v 0.350000 1.712174 0.058099
v 0.310950 1.712174 0.047636
v 0.282364 1.712174 0.019050
v 0.271901 1.712174 -0.020000
v 0.282364 1.712174 -0.059050
v 0.310950 1.712174 -0.087636
v 0.350000 1.712174 -0.098099
v 0.389050 1.712174 -0.087636
v 0.417636 1.712174 -0.059050
v 0.490730 1.662228 -0.020000
v 0.471875 1.662228 0.050365
v 0.420365 1.662228 0.101875
v 0.350000 1.662228 0.120730
v 0.279635 1.662228 0.101875
v 0.228125 1.662228 0.050365
v 0.209270 1.662228 -0.020000
v 0.228125 1.662228 -0.090365
v 0.279635 1.662228 -0.141875
v 0.350000 1.662228 -0.160730
v 0.420365 1.662228 -0.141875
v 0.471875 1.662228 -0.090365
v 0.525487 1.590054 -0.020000
v 0.501976 1.590054 0.067744
v 0.437744 1.590054 0.131976
v 0.350000 1.590054 0.155487
v 0.262256 1.590054 0.131976
v 0.198024 1.590054 0.067744
v 0.174513 1.590054 -0.020000
v 0.198024 1.590054 -0.107744
v 0.262256 1.590054 -0.171976
v 0.350000 1.590054 -0.195487
v 0.437744 1.590054 -0.171976
v 0.501976 1.590054 -0.107744
v 0.525487 1.509946 -0.020000
v 0.501976 1.509946 0.067744
v 0.437744 1.509946 0.131976
v 0.350000 1.509946 0.155487
v 0.262256 1.509946 0.131976
v 0.198024 1.509946 0.067744
v 0.174513 1.509946 -0.020000
v 0.198024 1.509946 -0.107744
v 0.262256 1.509946 -0.171976
v 0.350000 1.509946 -0.195487
v 0.437744 1.509946 -0.171976
v 0.501976 1.509946 -0.107744
v 0.490730 1.437772 -0.020000
v 0.471875 1.437772 0.050365
v 0.420365 1.437772 0.101875
v 0.350000 1.437772 0.120730
v 0.279635 1.437772 0.101875
v 0.228125 1.437772 0.050365
v 0.209270 1.437772 -0.020000
v 0.228125 1.437772 -0.090365
v 0.279635 1.437772 -0.141875
v 0.350000 1.437772 -0.160730
v 0.420365 1.437772 -0.141875
v 0.471875 1.437772 -0.090365
v 0.428099 1.387826 -0.020000
v 0.417636 1.387826 0.019050
v 0.389050 1.387826 0.047636
v 0.350000 1.387826 0.058099
v 0.310950 1.387826 0.047636
v 0.282364 1.387826 0.019050
v 0.271901 1.387826 -0.020000
v 0.282364 1.387826 -0.059050
v 0.310950 1.387826 -0.087636
v 0.350000 1.387826 -0.098099
v 0.389050 1.387826 -0.087636
v 0.417636 1.387826 -0.059050
v 0.350000 1.370000 -0.020000
v 0.350000 1.370000 -0.020000
v 0.350000 1.370000 -0.020000
v 0.350000 1.370000 -0.020000
v 0.350000 1.370000 -0.020000
v 0.350000 1.370000 -0.020000
v 0.350000 1.370000 -0.020000
v 0.350000 1.370000 -0.020000
v 0.350000 1.370000 -0.020000
v 0.350000 1.370000 -0.020000
v 0.350000 1.370000 -0.020000
v 0.350000 1.370000 -0.020000
v -0.220000 1.400000 0.480000
v -0.220000 1.400000 0.480000
v -0.220000 1.400000 0.480000
v -0.220000 1.400000 0.480000
v -0.220000 1.400000 0.480000
v -0.220000 1.400000 0.480000
v -0.220000 1.400000 0.480000
v -0.220000 1.400000 0.480000
v -0.220000 1.400000 0.480000
v -0.220000 1.400000 0.480000
v -0.220000 1.400000 0.480000
v -0.220000 1.400000 0.480000
v -0.150579 1.388116 0.480000
v -0.159879 1.388116 0.501694
v -0.185289 1.388116 0.517575
v -0.220000 1.388116 0.523388
v -0.254711 1.388116 0.517575
v -0.280121 1.388116 0.501694
v -0.289421 1.388116 0.480000
v -0.280121 1.388116 0.458306
v -0.254711 1.388116 0.442425
v -0.220000 1.388116 0.436612
v -0.185289 1.388116 0.442425
v -0.159879 1.388116 0.458306
v -0.094907 1.354819 0.480000
v -0.111666 1.354819 0.519092
v -0.157453 1.354819 0.547709
v -0.220000 1.354819 0.558183
v -0.282547 1.354819 0.547709
v -0.328334 1.354819 0.519092
v -0.345093 1.354819 0.480000
v -0.328334 1.354819 0.440908
v -0.282547 1.354819 0.412291
v -0.220000 1.354819 0.401817
v -0.157453 1.354819 0.412291
v -0.111666 1.354819 0.440908
v -0.064012 1.306703 0.480000
v -0.084910 1.306703 0.528746
v -0.142006 1.306703 0.564431
v -0.220000 1.306703 0.577493
v -0.297994 1.306703 0.564431
v -0.355090 1.306703 0.528746
v -0.375988 1.306703 0.480000
v -0.355090 1.306703 0.431254
v -0.297994 1.306703 0.395569
v -0.220000 1.306703 0.382507
v -0.142006 1.306703 0.395569
v -0.084910 1.306703 0.431254
v -0.064012 1.253297 0.480000
v -0.084910 1.253297 0.528746
v -0.142006 1.253297 0.564431
v -0.220000 1.253297 0.577493
v -0.297994 1.253297 0.564431
v -0.355090 1.253297 0.528746
v -0.375988 1.253297 0.480000
v -0.355090 1.253297 0.431254
v -0.297994 1.253297 0.395569
v -0.220000 1.253297 0.382507
v -0.142006 1.253297 0.395569
v -0.084910 1.253297 0.431254
v -0.094907 1.205181 0.480000
v -0.111666 1.205181 0.519092
v -0.157453 1.205181 0.547709
v -0.220000 1.205181 0.558183
v -0.282547 1.205181 0.547709
v -0.328334 1.205181 0.519092
v -0.345093 1.205181 0.480000
v -0.328334 1.205181 0.440908
v -0.282547 1.205181 0.412291
v -0.220000 1.205181 0.401817
v -0.157453 1.205181 0.412291
v -0.111666 1.205181 0.440908
v -0.150579 1.171884 0.480000
v -0.159879 1.171884 0.501694
v -0.185289 1.171884 0.517575
v -0.220000 1.171884 0.523388
v -0.254711 1.171884 0.517575
v -0.280121 1.171884 0.501694
v -0.289421 1.171884 0.480000
v -0.280121 1.171884 0.458306
v -0.254711 1.171884 0.442425
v -0.220000 1.171884 0.436612
v -0.185289 1.171884 0.442425
v -0.159879 1.171884 0.458306
v -0.220000 1.160000 0.480000
v -0.220000 1.160000 0.480000
v -0.220000 1.160000 0.480000
v -0.220000 1.160000 0.480000
v -0.220000 1.160000 0.480000
v -0.220000 1.160000 0.480000
v -0.220000 1.160000 0.480000
v -0.220000 1.160000 0.480000
v -0.220000 1.160000 0.480000
v -0.220000 1.160000 0.480000
v -0.220000 1.160000 0.480000
v -0.220000 1.160000 0.480000
v 0.220000 1.400000 0.480000
v 0.220000 1.400000 0.480000
v 0.220000 1.400000 0.480000
v 0.220000 1.400000 0.480000
v 0.220000 1.400000 0.480000
v 0.220000 1.400000 0.480000
v 0.220000 1.400000 0.480000
v 0.220000 1.400000 0.480000
v 0.220000 1.400000 0.480000
v 0.220000 1.400000 0.480000
v 0.220000 1.400000 0.480000
v 0.220000 1.400000 0.480000
v 0.289421 1.388116 0.480000
v 0.280121 1.388116 0.501694
v 0.254711 1.388116 0.517575
v 0.220000 1.388116 0.523388
v 0.185289 1.388116 0.517575
v 0.159879 1.388116 0.501694
v 0.150579 1.388116 0.480000
v 0.159879 1.388116 0.458306
v 0.185289 1.388116 0.442425
v 0.220000 1.388116 0.436612
v 0.254711 1.388116 0.442425
v 0.280121 1.388116 0.458306
v 0.345093 1.354819 0.480000
v 0.328334 1.354819 0.519092
v 0.282547 1.354819 0.547709
v 0.220000 1.354819 0.558183
v 0.157453 1.354819 0.547709
v 0.111666 1.354819 0.519092
v 0.094907 1.354819 0.480000
v 0.111666 1.354819 0.440908
v 0.157453 1.354819 0.412291
v 0.220000 1.354819 0.401817
v 0.282547 1.354819 0.412291
v 0.328334 1.354819 0.440908
v 0.375988 1.306703 0.480000
v 0.355090 1.306703 0.528746
v 0.297994 1.306703 0.564431
v 0.220000 1.306703 0.577493
v 0.142006 1.306703 0.564431
v 0.084910 1.306703 0.528746
v 0.064012 1.306703 0.480000
v 0.084910 1.306703 0.431254
v 0.142006 1.306703 0.395569
v 0.220000 1.306703 0.382507
v 0.297994 1.306703 0.395569
v 0.355090 1.306703 0.431254
v 0.375988 1.253297 0.480000
v 0.355090 1.253297 0.528746
v 0.297994 1.253297 0.564431
v 0.220000 1.253297 0.577493
v 0.142006 1.253297 0.564431
v 0.084910 1.253297 0.528746
v 0.064012 1.253297 0.480000
v 0.084910 1.253297 0.431254
v 0.142006 1.253297 0.395569
v 0.220000 1.253297 0.382507
v 0.297994 1.253297 0.395569
v 0.355090 1.253297 0.431254
v 0.345093 1.205181 0.480000
v 0.328334 1.205181 0.519092
v 0.282547 1.205181 0.547709
v 0.220000 1.205181 0.558183
v 0.157453 1.205181 0.547709
v 0.111666 1.205181 0.519092
v 0.094907 1.205181 0.480000
v 0.111666 1.205181 0.440908
v 0.157453 1.205181 0.412291
v 0.220000 1.205181 0.401817
v 0.282547 1.205181 0.412291
v 0.328334 1.205181 0.440908
v 0.289421 1.171884 0.480000
v 0.280121 1.171884 0.501694
v 0.254711 1.171884 0.517575
v 0.220000 1.171884 0.523388
v 0.185289 1.171884 0.517575
v 0.159879 1.171884 0.501694
v 0.150579 1.171884 0.480000
v 0.159879 1.171884 0.458306
v 0.185289 1.171884 0.442425
v 0.220000 1.171884 0.436612
v 0.254711 1.171884 0.442425
v 0.280121 1.171884 0.458306
v 0.220000 1.160000 0.480000
v 0.220000 1.160000 0.480000
v 0.220000 1.160000 0.480000
v 0.220000 1.160000 0.480000
v 0.220000 1.160000 0.480000
v 0.220000 1.160000 0.480000
v 0.220000 1.160000 0.480000
v 0.220000 1.160000 0.480000
v 0.220000 1.160000 0.480000
v 0.220000 1.160000 0.480000
v 0.220000 1.160000 0.480000
v 0.220000 1.160000 0.480000
v 0.000000 1.230000 0.570000
v 0.000000 1.230000 0.570000
v 0.000000 1.230000 0.570000
v 0.000000 1.230000 0.570000
v 0.000000 1.230000 0.570000
v 0.000000 1.230000 0.570000
v 0.000000 1.230000 0.570000
v 0.000000 1.230000 0.570000
v 0.000000 1.230000 0.570000
v 0.000000 1.230000 0.570000
v 0.035000 1.223301 0.570000
v 0.028316 1.223301 0.587634
v 0.010816 1.223301 0.598532
v -0.010816 1.223301 0.598532
v -0.028316 1.223301 0.587634
v -0.035000 1.223301 0.570000
v -0.028316 1.223301 0.552366
v -0.010816 1.223301 0.541468
v 0.010816 1.223301 0.541468
v 0.028316 1.223301 0.552366
v 0.060622 1.205000 0.570000
v 0.049044 1.205000 0.600542
v 0.018733 1.205000 0.619418
v -0.018733 1.205000 0.619418
v -0.049044 1.205000 0.600542
v -0.060622 1.205000 0.570000
v -0.049044 1.205000 0.539458
v -0.018733 1.205000 0.520582
v 0.018733 1.205000 0.520582
v 0.049044 1.205000 0.539458
v 0.070000 1.180000 0.570000
v 0.056631 1.180000 0.605267
v 0.021631 1.180000 0.627063
v -0.021631 1.180000 0.627063
v -0.056631 1.180000 0.605267
v -0.070000 1.180000 0.570000
v -0.056631 1.180000 0.534733
v -0.021631 1.180000 0.512937
v 0.021631 1.180000 0.512937
v 0.056631 1.180000 0.534733
v 0.060622 1.155000 0.570000
v 0.049044 1.155000 0.600542
v 0.018733 1.155000 0.619418
v -0.018733 1.155000 0.619418
v -0.049044 1.155000 0.600542
v -0.060622 1.155000 0.570000
v -0.049044 1.155000 0.539458
v -0.018733 1.155000 0.520582
v 0.018733 1.155000 0.520582
v 0.049044 1.155000 0.539458
v 0.035000 1.136699 0.570000
v 0.028316 1.136699 0.587634
v 0.010816 1.136699 0.598532
v -0.010816 1.136699 0.598532
v -0.028316 1.136699 0.587634
v -0.035000 1.136699 0.570000
v -0.028316 1.136699 0.552366
v -0.010816 1.136699 0.541468
v 0.010816 1.136699 0.541468
v 0.028316 1.136699 0.552366
v 0.000000 1.130000 0.570000
v 0.000000 1.130000 0.570000
v 0.000000 1.130000 0.570000
v -0.000000 1.130000 0.570000
v -0.000000 1.130000 0.570000
v -0.000000 1.130000 0.570000
v -0.000000 1.130000 0.570000
v -0.000000 1.130000 0.570000
v 0.000000 1.130000 0.570000
v 0.000000 1.130000 0.570000
v -0.429263 0.920000 0.264989
v -0.436941 0.998945 0.241150
v -0.474913 1.056736 0.195568
v -0.533004 1.077890 0.140455
v -0.595650 1.056736 0.090579
v -0.646063 0.998945 0.059305
v -0.670737 0.920000 0.055011
v -0.663059 0.841055 0.078850
v -0.625087 0.783264 0.124432
v -0.566996 0.762110 0.179545
v -0.504350 0.783264 0.229421
v -0.453937 0.841055 0.260695
v -0.829263 1.020000 0.724989
v -0.836941 1.098945 0.701150
v -0.874913 1.156736 0.655568
v -0.933004 1.177890 0.600455
v -0.995650 1.156736 0.550579
v -1.046063 1.098945 0.519305
v -1.070737 1.020000 0.515011
v -1.063059 0.941055 0.538850
v -1.025087 0.883264 0.584432
v -0.966996 0.862110 0.639545
v -0.904350 0.883264 0.689421
v -0.853937 0.941055 0.720695
v -0.550000 0.920000 0.160000
v -0.950000 1.020000 0.620000
v 0.670737 0.920000 0.055011
v 0.646063 0.998945 0.059305
v 0.595650 1.056736 0.090579
v 0.533004 1.077890 0.140455
v 0.474913 1.056736 0.195568
v 0.436941 0.998945 0.241150
v 0.429263 0.920000 0.264989
v 0.453937 0.841055 0.260695
v 0.504350 0.783264 0.229421
v 0.566996 0.762110 0.179545
v 0.625087 0.783264 0.124432
v 0.663059 0.841055 0.078850
v 1.070737 1.020000 0.515011
v 1.046063 1.098945 0.519305
v 0.995650 1.156736 0.550579
v 0.933004 1.177890 0.600455
v 0.874913 1.156736 0.655568
v 0.836941 1.098945 0.701150
v 0.829263 1.020000 0.724989
v 0.853937 0.941055 0.720695
v 0.904350 0.883264 0.689421
v 0.966996 0.862110 0.639545
v 1.025087 0.883264 0.584432
v 1.063059 0.941055 0.538850
v 0.550000 0.920000 0.160000
v 0.950000 1.020000 0.620000
v -0.950000 1.200000 0.620000
v -0.950000 1.200000 0.620000
v -0.950000 1.200000 0.620000
v -0.950000 1.200000 0.620000
v -0.950000 1.200000 0.620000
v -0.950000 1.200000 0.620000
v -0.950000 1.200000 0.620000
v -0.950000 1.200000 0.620000
v -0.950000 1.200000 0.620000
v -0.950000 1.200000 0.620000
v -0.950000 1.200000 0.620000
v -0.950000 1.200000 0.620000
v -0.871901 1.182174 0.620000
v -0.882364 1.182174 0.659050
v -0.910950 1.182174 0.687636
v -0.950000 1.182174 0.698099
v -0.989050 1.182174 0.687636
v -1.017636 1.182174 0.659050
v -1.028099 1.182174 0.620000
v -1.017636 1.182174 0.580950
v -0.989050 1.182174 0.552364
v -0.950000 1.182174 0.541901
v -0.910950 1.182174 0.552364
v -0.882364 1.182174 0.580950
v -0.809270 1.132228 0.620000
v -0.828125 1.132228 0.690365
v -0.879635 1.132228 0.741875
v -0.950000 1.132228 0.760730
v -1.020365 1.132228 0.741875
v -1.071875 1.132228 0.690365
v -1.090730 1.132228 0.620000
v -1.071875 1.132228 0.549635
v -1.020365 1.132228 0.498125
v -0.950000 1.132228 0.479270
v -0.879635 1.132228 0.498125
v -0.828125 1.132228 0.549635
v -0.774513 1.060054 0.620000
v -0.798024 1.060054 0.707744
v -0.862256 1.060054 0.771976
v -0.950000 1.060054 0.795487
v -1.037744 1.060054 0.771976
v -1.101976 1.060054 0.707744
v -1.125487 1.060054 0.620000
v -1.101976 1.060054 0.532256
v -1.037744 1.060054 0.468024
v -0.950000 1.060054 0.444513
v -0.862256 1.060054 0.468024
v -0.798024 1.060054 0.532256
v -0.774513 0.979946 0.620000
v -0.798024 0.979946 0.707744
v -0.862256 0.979946 0.771976
v -0.950000 0.979946 0.795487
v -1.037744 0.979946 0.771976
v -1.101976 0.979946 0.707744
v -1.125487 0.979946 0.620000
v -1.101976 0.979946 0.532256
v -1.037744 0.979946 0.468024
v -0.950000 0.979946 0.444513
v -0.862256 0.979946 0.468024
v -0.798024 0.979946 0.532256
v -0.809270 0.907772 0.620000
v -0.828125 0.907772 0.690365
v -0.879635 0.907772 0.741875
v -0.950000 0.907772 0.760730
v -1.020365 0.907772 0.741875
v -1.071875 0.907772 0.690365
v -1.090730 0.907772 0.620000
v -1.071875 0.907772 0.549635
v -1.020365 0.907772 0.498125
v -0.950000 0.907772 0.479270
v -0.879635 0.907772 0.498125
v -0.828125 0.907772 0.549635
v -0.871901 0.857826 0.620000
v -0.882364 0.857826 0.659050
v -0.910950 0.857826 0.687636
v -0.950000 0.857826 0.698099
v -0.989050 0.857826 0.687636
v -1.017636 0.857826 0.659050
v -1.028099 0.857826 0.620000
v -1.017636 0.857826 0.580950
v -0.989050 0.857826 0.552364
v -0.950000 0.857826 0.541901
v -0.910950 0.857826 0.552364
v -0.882364 0.857826 0.580950
v -0.950000 0.840000 0.620000
v -0.950000 0.840000 0.620000
v -0.950000 0.840000 0.620000
v -0.950000 0.840000 0.620000
v -0.950000 0.840000 0.620000
v -0.950000 0.840000 0.620000
v -0.950000 0.840000 0.620000
v -0.950000 0.840000 0.620000
v -0.950000 0.840000 0.620000
v -0.950000 0.840000 0.620000
v -0.950000 0.840000 0.620000
v -0.950000 0.840000 0.620000
v 0.950000 1.200000 0.620000
v 0.950000 1.200000 0.620000
v 0.950000 1.200000 0.620000
v 0.950000 1.200000 0.620000
v 0.950000 1.200000 0.620000
v 0.950000 1.200000 0.620000
v 0.950000 1.200000 0.620000
v 0.950000 1.200000 0.620000
v 0.950000 1.200000 0.620000
v 0.950000 1.200000 0.620000
v 0.950000 1.200000 0.620000
v 0.950000 1.200000 0.620000
v 1.028099 1.182174 0.620000
v 1.017636 1.182174 0.659050
v 0.989050 1.182174 0.687636
v 0.950000 1.182174 0.698099
v 0.910950 1.182174 0.687636
v 0.882364 1.182174 0.659050
v 0.871901 1.182174 0.620000
v 0.882364 1.182174 0.580950
v 0.910950 1.182174 0.552364
v 0.950000 1.182174 0.541901
v 0.989050 1.182174 0.552364
v 1.017636 1.182174 0.580950
v 1.090730 1.132228 0.620000
v 1.071875 1.132228 0.690365
v 1.020365 1.132228 0.741875
v 0.950000 1.132228 0.760730
v 0.879635 1.132228 0.741875
v 0.828125 1.132228 0.690365
v 0.809270 1.132228 0.620000
v 0.828125 1.132228 0.549635
v 0.879635 1.132228 0.498125
v 0.950000 1.132228 0.479270
v 1.020365 1.132228 0.498125
v 1.071875 1.132228 0.549635
v 1.125487 1.060054 0.620000
v 1.101976 1.060054 0.707744
v 1.037744 1.060054 0.771976
v 0.950000 1.060054 0.795487
v 0.862256 1.060054 0.771976
v 0.798024 1.060054 0.707744
v 0.774513 1.060054 0.620000
v 0.798024 1.060054 0.532256
v 0.862256 1.060054 0.468024
v 0.950000 1.060054 0.444513
v 1.037744 1.060054 0.468024
v 1.101976 1.060054 0.532256
v 1.125487 0.979946 0.620000
v 1.101976 0.979946 0.707744
v 1.037744 0.979946 0.771976
v 0.950000 0.979946 0.795487
v 0.862256 0.979946 0.771976
v 0.798024 0.979946 0.707744
v 0.774513 0.979946 0.620000
v 0.798024 0.979946 0.532256
v 0.862256 0.979946 0.468024
v 0.950000 0.979946 0.444513
v 1.037744 0.979946 0.468024
v 1.101976 0.979946 0.532256
v 1.090730 0.907772 0.620000
v 1.071875 0.907772 0.690365
v 1.020365 0.907772 0.741875
v 0.950000 0.907772 0.760730
v 0.879635 0.907772 0.741875
v 0.828125 0.907772 0.690365
v 0.809270 0.907772 0.620000
v 0.828125 0.907772 0.549635
v 0.879635 0.907772 0.498125
v 0.950000 0.907772 0.479270
v 1.020365 0.907772 0.498125
v 1.071875 0.907772 0.549635
v 1.028099 0.857826 0.620000
v 1.017636 0.857826 0.659050
v 0.989050 0.857826 0.687636
v 0.950000 0.857826 0.698099
v 0.910950 0.857826 0.687636
v 0.882364 0.857826 0.659050
v 0.871901 0.857826 0.620000
v 0.882364 0.857826 0.580950
v 0.910950 0.857826 0.552364
v 0.950000 0.857826 0.541901
v 0.989050 0.857826 0.552364
v 1.017636 0.857826 0.580950
v 0.950000 0.840000 0.620000
v 0.950000 0.840000 0.620000
v 0.950000 0.840000 0.620000
v 0.950000 0.840000 0.620000
v 0.950000 0.840000 0.620000
v 0.950000 0.840000 0.620000
v 0.950000 0.840000 0.620000
v 0.950000 0.840000 0.620000
v 0.950000 0.840000 0.620000
v 0.950000 0.840000 0.620000
v 0.950000 0.840000 0.620000
v 0.950000 0.840000 0.620000
v -0.380000 0.230000 0.000000
v -0.380000 0.230000 0.000000
v -0.380000 0.230000 0.000000
v -0.380000 0.230000 0.000000
v -0.380000 0.230000 0.000000
v -0.380000 0.230000 0.000000
v -0.380000 0.230000 0.000000
v -0.380000 0.230000 0.000000
v -0.380000 0.230000 0.000000
v -0.380000 0.230000 0.000000
v -0.380000 0.230000 0.000000
v -0.380000 0.230000 0.000000
v -0.232480 0.202271 0.000000
v -0.252244 0.202271 0.073760
v -0.306240 0.202271 0.127756
v -0.380000 0.202271 0.147520
v -0.453760 0.202271 0.127756
v -0.507756 0.202271 0.073760
v -0.527520 0.202271 0.000000
v -0.507756 0.202271 -0.073760
v -0.453760 0.202271 -0.127756
v -0.380000 0.202271 -0.147520
v -0.306240 0.202271 -0.127756
v -0.252244 0.202271 -0.073760
v -0.114177 0.124577 0.000000
v -0.149791 0.124577 0.132911
v -0.247089 0.124577 0.230209
v -0.380000 0.124577 0.265823
v -0.512911 0.124577 0.230209
v -0.610209 0.124577 0.132911
v -0.645823 0.124577 0.000000
v -0.610209 0.124577 -0.132911
v -0.512911 0.124577 -0.230209
v -0.380000 0.124577 -0.265823
v -0.247089 0.124577 -0.230209
v -0.149791 0.124577 -0.132911
v -0.048525 0.012306 0.000000
v -0.092934 0.012306 0.165738
v -0.214262 0.012306 0.287066
v -0.380000 0.012306 0.331475
v -0.545738 0.012306 0.287066
v -0.667066 0.012306 0.165738
v -0.711475 0.012306 0.000000
v -0.667066 0.012306 -0.165738
v -0.545738 0.012306 -0.287066
v -0.380000 0.012306 -0.331475
v -0.214262 0.012306 -0.287066
v -0.092934 0.012306 -0.165738
v -0.048525 -0.112306 0.000000
v -0.092934 -0.112306 0.165738
v -0.214262 -0.112306 0.287066
v -0.380000 -0.112306 0.331475
v -0.545738 -0.112306 0.287066
v -0.667066 -0.112306 0.165738
v -0.711475 -0.112306 0.000000
v -0.667066 -0.112306 -0.165738
v -0.545738 -0.112306 -0.287066
v -0.380000 -0.112306 -0.331475
v -0.214262 -0.112306 -0.287066
v -0.092934 -0.112306 -0.165738
v -0.114177 -0.224577 0.000000
v -0.149791 -0.224577 0.132911
v -0.247089 -0.224577 0.230209
v -0.380000 -0.224577 0.265823
v -0.512911 -0.224577 0.230209
v -0.610209 -0.224577 0.132911
v -0.645823 -0.224577 0.000000
v -0.610209 -0.224577 -0.132911
v -0.512911 -0.224577 -0.230209
v -0.380000 -0.224577 -0.265823
v -0.247089 -0.224577 -0.230209
v -0.149791 -0.224577 -0.132911
v -0.232480 -0.302271 0.000000
v -0.252244 -0.302271 0.073760
v -0.306240 -0.302271 0.127756
v -0.380000 -0.302271 0.147520
v -0.453760 -0.302271 0.127756
v -0.507756 -0.302271 0.073760
v -0.527520 -0.302271 0.000000
v -0.507756 -0.302271 -0.073760
v -0.453760 -0.302271 -0.127756
v -0.380000 -0.302271 -0.147520
v -0.306240 -0.302271 -0.127756
v -0.252244 -0.302271 -0.073760
v -0.380000 -0.330000 0.000000
v -0.380000 -0.330000 0.000000
v -0.380000 -0.330000 0.000000
v -0.380000 -0.330000 0.000000
v -0.380000 -0.330000 0.000000
v -0.380000 -0.330000 0.000000
v -0.380000 -0.330000 0.000000
v -0.380000 -0.330000 -0.000000
v -0.380000 -0.330000 -0.000000
v -0.380000 -0.330000 -0.000000
v -0.380000 -0.330000 -0.000000
v -0.380000 -0.330000 -0.000000
v 0.380000 0.230000 0.000000
v 0.380000 0.230000 0.000000
v 0.380000 0.230000 0.000000
v 0.380000 0.230000 0.000000
v 0.380000 0.230000 0.000000
v 0.380000 0.230000 0.000000
v 0.380000 0.230000 0.000000
v 0.380000 0.230000 0.000000
v 0.380000 0.230000 0.000000
v 0.380000 0.230000 0.000000
v 0.380000 0.230000 0.000000
v 0.380000 0.230000 0.000000
v 0.527520 0.202271 0.000000
v 0.507756 0.202271 0.073760
v 0.453760 0.202271 0.127756
v 0.380000 0.202271 0.147520
v 0.306240 0.202271 0.127756
v 0.252244 0.202271 0.073760
v 0.232480 0.202271 0.000000
v 0.252244 0.202271 -0.073760
v 0.306240 0.202271 -0.127756
v 0.380000 0.202271 -0.147520
v 0.453760 0.202271 -0.127756
v 0.507756 0.202271 -0.073760
v 0.645823 0.124577 0.000000
v 0.610209 0.124577 0.132911
v 0.512911 0.124577 0.230209
v 0.380000 0.124577 0.265823
v 0.247089 0.124577 0.230209
v 0.149791 0.124577 0.132911
v 0.114177 0.124577 0.000000
v 0.149791 0.124577 -0.132911
v 0.247089 0.124577 -0.230209
v 0.380000 0.124577 -0.265823
v 0.512911 0.124577 -0.230209
v 0.610209 0.124577 -0.132911
v 0.711475 0.012306 0.000000
v 0.667066 0.012306 0.165738
v 0.545738 0.012306 0.287066
v 0.380000 0.012306 0.331475
v 0.214262 0.012306 0.287066
v 0.092934 0.012306 0.165738
v 0.048525 0.012306 0.000000
v 0.092934 0.012306 -0.165738
v 0.214262 0.012306 -0.287066
v 0.380000 0.012306 -0.331475
v 0.545738 0.012306 -0.287066
v 0.667066 0.012306 -0.165738
v 0.711475 -0.112306 0.000000
v 0.667066 -0.112306 0.165738
v 0.545738 -0.112306 0.287066
v 0.380000 -0.112306 0.331475
v 0.214262 -0.112306 0.287066
v 0.092934 -0.112306 0.165738
v 0.048525 -0.112306 0.000000
v 0.092934 -0.112306 -0.165738
v 0.214262 -0.112306 -0.287066
v 0.380000 -0.112306 -0.331475
v 0.545738 -0.112306 -0.287066
v 0.667066 -0.112306 -0.165738
v 0.645823 -0.224577 0.000000
v 0.610209 -0.224577 0.132911
v 0.512911 -0.224577 0.230209
v 0.380000 -0.224577 0.265823
v 0.247089 -0.224577 0.230209
v 0.149791 -0.224577 0.132911
v 0.114177 -0.224577 0.000000
v 0.149791 -0.224577 -0.132911
v 0.247089 -0.224577 -0.230209
v 0.380000 -0.224577 -0.265823
v 0.512911 -0.224577 -0.230209
v 0.610209 -0.224577 -0.132911
v 0.527520 -0.302271 0.000000
v 0.507756 -0.302271 0.073760
v 0.453760 -0.302271 0.127756
v 0.380000 -0.302271 0.147520
v 0.306240 -0.302271 0.127756
v 0.252244 -0.302271 0.073760
v 0.232480 -0.302271 0.000000
v 0.252244 -0.302271 -0.073760
v 0.306240 -0.302271 -0.127756
v 0.380000 -0.302271 -0.147520
v 0.453760 -0.302271 -0.127756
v 0.507756 -0.302271 -0.073760
v 0.380000 -0.330000 0.000000
v 0.380000 -0.330000 0.000000
v 0.380000 -0.330000 0.000000
v 0.380000 -0.330000 0.000000
v 0.380000 -0.330000 0.000000
v 0.380000 -0.330000 0.000000
v 0.380000 -0.330000 0.000000
v 0.380000 -0.330000 -0.000000
v 0.380000 -0.330000 -0.000000
v 0.380000 -0.330000 -0.000000
v 0.380000 -0.330000 -0.000000
v 0.380000 -0.330000 -0.000000
v -0.300000 0.040000 0.220000
v -0.300000 0.040000 0.220000
v -0.300000 0.040000 0.220000
v -0.300000 0.040000 0.220000
v -0.300000 0.040000 0.220000
v -0.300000 0.040000 0.220000
v -0.300000 0.040000 0.220000
v -0.300000 0.040000 0.220000
v -0.300000 0.040000 0.220000
v -0.300000 0.040000 0.220000
v -0.300000 0.040000 0.220000
v -0.300000 0.040000 0.220000
v -0.161157 0.014252 0.220000
v -0.179759 0.014252 0.289421
v -0.230579 0.014252 0.340241
v -0.300000 0.014252 0.358843
v -0.369421 0.014252 0.340241
v -0.420241 0.014252 0.289421
v -0.438843 0.014252 0.220000
v -0.420241 0.014252 0.150579
v -0.369421 0.014252 0.099759
v -0.300000 0.014252 0.081157
v -0.230579 0.014252 0.099759
v -0.179759 0.014252 0.150579
v -0.049814 -0.057893 0.220000
v -0.083333 -0.057893 0.345093
v -0.174907 -0.057893 0.436667
v -0.300000 -0.057893 0.470186
v -0.425093 -0.057893 0.436667
v -0.516667 -0.057893 0.345093
v -0.550186 -0.057893 0.220000
v -0.516667 -0.057893 0.094907
v -0.425093 -0.057893 0.003333
v -0.300000 -0.057893 -0.030186
v -0.174907 -0.057893 0.003333
v -0.083333 -0.057893 0.094907
v 0.011977 -0.162145 0.220000
v -0.029820 -0.162145 0.375988
v -0.144012 -0.162145 0.490180
v -0.300000 -0.162145 0.531977
v -0.455988 -0.162145 0.490180
v -0.570180 -0.162145 0.375988
v -0.611977 -0.162145 0.220000
v -0.570180 -0.162145 0.064012
v -0.455988 -0.162145 -0.050180
v -0.300000 -0.162145 -0.091977
v -0.144012 -0.162145 -0.050180
v -0.029820 -0.162145 0.064012
v 0.011977 -0.277855 0.220000
v -0.029820 -0.277855 0.375988
v -0.144012 -0.277855 0.490180
v -0.300000 -0.277855 0.531977
v -0.455988 -0.277855 0.490180
v -0.570180 -0.277855 0.375988
v -0.611977 -0.277855 0.220000
v -0.570180 -0.277855 0.064012
v -0.455988 -0.277855 -0.050180
v -0.300000 -0.277855 -0.091977
v -0.144012 -0.277855 -0.050180
v -0.029820 -0.277855 0.064012
v -0.049814 -0.382107 0.220000
v -0.083333 -0.382107 0.345093
v -0.174907 -0.382107 0.436667
v -0.300000 -0.382107 0.470186
v -0.425093 -0.382107 0.436667
v -0.516667 -0.382107 0.345093
v -0.550186 -0.382107 0.220000
v -0.516667 -0.382107 0.094907
v -0.425093 -0.382107 0.003333
v -0.300000 -0.382107 -0.030186
v -0.174907 -0.382107 0.003333
v -0.083333 -0.382107 0.094907
v -0.161157 -0.454252 0.220000
v -0.179759 -0.454252 0.289421
v -0.230579 -0.454252 0.340241
v -0.300000 -0.454252 0.358843
v -0.369421 -0.454252 0.340241
v -0.420241 -0.454252 0.289421
v -0.438843 -0.454252 0.220000
v -0.420241 -0.454252 0.150579
v -0.369421 -0.454252 0.099759
v -0.300000 -0.454252 0.081157
v -0.230579 -0.454252 0.099759
v -0.179759 -0.454252 0.150579
v -0.300000 -0.480000 0.220000
v -0.300000 -0.480000 0.220000
v -0.300000 -0.480000 0.220000
v -0.300000 -0.480000 0.220000
v -0.300000 -0.480000 0.220000
v -0.300000 -0.480000 0.220000
v -0.300000 -0.480000 0.220000
v -0.300000 -0.480000 0.220000
v -0.300000 -0.480000 0.220000
v -0.300000 -0.480000 0.220000
v -0.300000 -0.480000 0.220000
v -0.300000 -0.480000 0.220000
v 0.300000 0.040000 0.220000
v 0.300000 0.040000 0.220000
v 0.300000 0.040000 0.220000
v 0.300000 0.040000 0.220000
v 0.300000 0.040000 0.220000
v 0.300000 0.040000 0.220000
v 0.300000 0.040000 0.220000
v 0.300000 0.040000 0.220000
v 0.300000 0.040000 0.220000
v 0.300000 0.040000 0.220000
v 0.300000 0.040000 0.220000
v 0.300000 0.040000 0.220000
v 0.438843 0.014252 0.220000
v 0.420241 0.014252 0.289421
v 0.369421 0.014252 0.340241
v 0.300000 0.014252 0.358843
v 0.230579 0.014252 0.340241
v 0.179759 0.014252 0.289421
v 0.161157 0.014252 0.220000
v 0.179759 0.014252 0.150579
v 0.230579 0.014252 0.099759
v 0.300000 0.014252 0.081157
v 0.369421 0.014252 0.099759
v 0.420241 0.014252 0.150579
v 0.550186 -0.057893 0.220000
v 0.516667 -0.057893 0.345093
v 0.425093 -0.057893 0.436667
v 0.300000 -0.057893 0.470186
v 0.174907 -0.057893 0.436667
v 0.083333 -0.057893 0.345093
v 0.049814 -0.057893 0.220000
v 0.083333 -0.057893 0.094907
v 0.174907 -0.057893 0.003333
v 0.300000 -0.057893 -0.030186
v 0.425093 -0.057893 0.003333
v 0.516667 -0.057893 0.094907
v 0.611977 -0.162145 0.220000
v 0.570180 -0.162145 0.375988
v 0.455988 -0.162145 0.490180
v 0.300000 -0.162145 0.531977
v 0.144012 -0.162145 0.490180
v 0.029820 -0.162145 0.375988
v -0.011977 -0.162145 0.220000
v 0.029820 -0.162145 0.064012
v 0.144012 -0.162145 -0.050180
v 0.300000 -0.162145 -0.091977
v 0.455988 -0.162145 -0.050180
v 0.570180 -0.162145 0.064012
v 0.611977 -0.277855 0.220000
v 0.570180 -0.277855 0.375988
v 0.455988 -0.277855 0.490180
v 0.300000 -0.277855 0.531977
v 0.144012 -0.277855 0.490180
v 0.029820 -0.277855 0.375988
v -0.011977 -0.277855 0.220000
v 0.029820 -0.277855 0.064012
v 0.144012 -0.277855 -0.050180
v 0.300000 -0.277855 -0.091977
v 0.455988 -0.277855 -0.050180
v 0.570180 -0.277855 0.064012
v 0.550186 -0.382107 0.220000
v 0.516667 -0.382107 0.345093
v 0.425093 -0.382107 0.436667
v 0.300000 -0.382107 0.470186
v 0.174907 -0.382107 0.436667
v 0.083333 -0.382107 0.345093
v 0.049814 -0.382107 0.220000
v 0.083333 -0.382107 0.094907
v 0.174907 -0.382107 0.003333
v 0.300000 -0.382107 -0.030186
v 0.425093 -0.382107 0.003333
v 0.516667 -0.382107 0.094907
v 0.438843 -0.454252 0.220000
v 0.420241 -0.454252 0.289421
v 0.369421 -0.454252 0.340241
v 0.300000 -0.454252 0.358843
v 0.230579 -0.454252 0.340241
v 0.179759 -0.454252 0.289421
v 0.161157 -0.454252 0.220000
v 0.179759 -0.454252 0.150579
v 0.230579 -0.454252 0.099759
v 0.300000 -0.454252 0.081157
v 0.369421 -0.454252 0.099759
v 0.420241 -0.454252 0.150579
v 0.300000 -0.480000 0.220000
v 0.300000 -0.480000 0.220000
v 0.300000 -0.480000 0.220000
v 0.300000 -0.480000 0.220000
v 0.300000 -0.480000 0.220000
v 0.300000 -0.480000 0.220000
v 0.300000 -0.480000 0.220000
v 0.300000 -0.480000 0.220000
v 0.300000 -0.480000 0.220000
v 0.300000 -0.480000 0.220000
v 0.300000 -0.480000 0.220000
v 0.300000 -0.480000 0.220000
v -0.070000 -0.340000 0.050000
v -0.100814 -0.236325 0.099764
v -0.185000 -0.160429 0.136194
v -0.300000 -0.132650 0.149528
v -0.415000 -0.160429 0.136194
v -0.499186 -0.236325 0.099764
v -0.530000 -0.340000 0.050000
v -0.499186 -0.443675 0.000236
v -0.415000 -0.519571 -0.036194
v -0.300000 -0.547350 -0.049528
v -0.185000 -0.519571 -0.036194
v -0.100814 -0.443675 0.000236
v -0.070000 -0.580000 0.550000
v -0.100814 -0.476325 0.599764
v -0.185000 -0.400429 0.636194
v -0.300000 -0.372650 0.649528
v -0.415000 -0.400429 0.636194
v -0.499186 -0.476325 0.599764
v -0.530000 -0.580000 0.550000
v -0.499186 -0.683675 0.500236
v -0.415000 -0.759571 0.463806
v -0.300000 -0.787350 0.450472
v -0.185000 -0.759571 0.463806
v -0.100814 -0.683675 0.500236
v -0.300000 -0.340000 0.050000
v -0.300000 -0.580000 0.550000
v 0.530000 -0.340000 0.050000
v 0.499186 -0.236325 0.099764
v 0.415000 -0.160429 0.136194
v 0.300000 -0.132650 0.149528
v 0.185000 -0.160429 0.136194
v 0.100814 -0.236325 0.099764
v 0.070000 -0.340000 0.050000
v 0.100814 -0.443675 0.000236
v 0.185000 -0.519571 -0.036194
v 0.300000 -0.547350 -0.049528
v 0.415000 -0.519571 -0.036194
v 0.499186 -0.443675 0.000236
v 0.530000 -0.580000 0.550000
v 0.499186 -0.476325 0.599764
v 0.415000 -0.400429 0.636194
v 0.300000 -0.372650 0.649528
v 0.185000 -0.400429 0.636194
v 0.100814 -0.476325 0.599764
v 0.070000 -0.580000 0.550000
v 0.100814 -0.683675 0.500236
v 0.185000 -0.759571 0.463806
v 0.300000 -0.787350 0.450472
v 0.415000 -0.759571 0.463806
v 0.499186 -0.683675 0.500236
v 0.300000 -0.340000 0.050000
v 0.300000 -0.580000 0.550000
v -0.280000 -0.460000 0.720000
v -0.280000 -0.460000 0.720000
v -0.280000 -0.460000 0.720000
v -0.280000 -0.460000 0.720000
v -0.280000 -0.460000 0.720000
v -0.280000 -0.460000 0.720000
v -0.280000 -0.460000 0.720000
v -0.280000 -0.460000 0.720000
v -0.280000 -0.460000 0.720000
v -0.280000 -0.460000 0.720000
v -0.280000 -0.460000 0.720000
v -0.280000 -0.460000 0.720000
v -0.141157 -0.476835 0.720000
v -0.159759 -0.476835 0.789421
v -0.210579 -0.476835 0.840241
v -0.280000 -0.476835 0.858843
v -0.349421 -0.476835 0.840241
v -0.400241 -0.476835 0.789421
v -0.418843 -0.476835 0.720000
v -0.400241 -0.476835 0.650579
v -0.349421 -0.476835 0.599759
v -0.280000 -0.476835 0.581157
v -0.210579 -0.476835 0.599759
v -0.159759 -0.476835 0.650579
v -0.029814 -0.524007 0.720000
v -0.063333 -0.524007 0.845093
v -0.154907 -0.524007 0.936667
v -0.280000 -0.524007 0.970186
v -0.405093 -0.524007 0.936667
v -0.496667 -0.524007 0.845093
v -0.530186 -0.524007 0.720000
v -0.496667 -0.524007 0.594907
v -0.405093 -0.524007 0.503333
v -0.280000 -0.524007 0.469814
v -0.154907 -0.524007 0.503333
v -0.063333 -0.524007 0.594907
v 0.031977 -0.592171 0.720000
v -0.009820 -0.592171 0.875988
v -0.124012 -0.592171 0.990180
v -0.280000 -0.592171 1.031977
v -0.435988 -0.592171 0.990180
v -0.550180 -0.592171 0.875988
v -0.591977 -0.592171 0.720000
v -0.550180 -0.592171 0.564012
v -0.435988 -0.592171 0.449820
v -0.280000 -0.592171 0.408023
v -0.124012 -0.592171 0.449820
v -0.009820 -0.592171 0.564012
v 0.031977 -0.667829 0.720000
v -0.009820 -0.667829 0.875988
v -0.124012 -0.667829 0.990180
v -0.280000 -0.667829 1.031977
v -0.435988 -0.667829 0.990180
v -0.550180 -0.667829 0.875988
v -0.591977 -0.667829 0.720000
v -0.550180 -0.667829 0.564012
v -0.435988 -0.667829 0.449820
v -0.280000 -0.667829 0.408023
v -0.124012 -0.667829 0.449820
v -0.009820 -0.667829 0.564012
v -0.029814 -0.735993 0.720000
v -0.063333 -0.735993 0.845093
v -0.154907 -0.735993 0.936667
v -0.280000 -0.735993 0.970186
v -0.405093 -0.735993 0.936667
v -0.496667 -0.735993 0.845093
v -0.530186 -0.735993 0.720000
v -0.496667 -0.735993 0.594907
v -0.405093 -0.735993 0.503333
v -0.280000 -0.735993 0.469814
v -0.154907 -0.735993 0.503333
v -0.063333 -0.735993 0.594907
v -0.141157 -0.783165 0.720000
v -0.159759 -0.783165 0.789421
v -0.210579 -0.783165 0.840241
v -0.280000 -0.783165 0.858843
v -0.349421 -0.783165 0.840241
v -0.400241 -0.783165 0.789421
v -0.418843 -0.783165 0.720000
v -0.400241 -0.783165 0.650579
v -0.349421 -0.783165 0.599759
v -0.280000 -0.783165 0.581157
v -0.210579 -0.783165 0.599759
v -0.159759 -0.783165 0.650579
v -0.280000 -0.800000 0.720000
v -0.280000 -0.800000 0.720000
v -0.280000 -0.800000 0.720000
v -0.280000 -0.800000 0.720000
v -0.280000 -0.800000 0.720000
v -0.280000 -0.800000 0.720000
v -0.280000 -0.800000 0.720000
v -0.280000 -0.800000 0.720000
v -0.280000 -0.800000 0.720000
v -0.280000 -0.800000 0.720000
v -0.280000 -0.800000 0.720000
v -0.280000 -0.800000 0.720000
v 0.280000 -0.460000 0.720000
v 0.280000 -0.460000 0.720000
v 0.280000 -0.460000 0.720000
v 0.280000 -0.460000 0.720000
v 0.280000 -0.460000 0.720000
v 0.280000 -0.460000 0.720000
v 0.280000 -0.460000 0.720000
v 0.280000 -0.460000 0.720000
v 0.280000 -0.460000 0.720000
v 0.280000 -0.460000 0.720000
v 0.280000 -0.460000 0.720000
v 0.280000 -0.460000 0.720000
v 0.418843 -0.476835 0.720000
v 0.400241 -0.476835 0.789421
v 0.349421 -0.476835 0.840241
v 0.280000 -0.476835 0.858843
v 0.210579 -0.476835 0.840241
v 0.159759 -0.476835 0.789421
v 0.141157 -0.476835 0.720000
v 0.159759 -0.476835 0.650579
v 0.210579 -0.476835 0.599759
v 0.280000 -0.476835 0.581157
v 0.349421 -0.476835 0.599759
v 0.400241 -0.476835 0.650579
v 0.530186 -0.524007 0.720000
v 0.496667 -0.524007 0.845093
v 0.405093 -0.524007 0.936667
v 0.280000 -0.524007 0.970186
v 0.154907 -0.524007 0.936667
v 0.063333 -0.524007 0.845093
v 0.029814 -0.524007 0.720000
v 0.063333 -0.524007 0.594907
v 0.154907 -0.524007 0.503333
v 0.280000 -0.524007 0.469814
v 0.405093 -0.524007 0.503333
v 0.496667 -0.524007 0.594907
v 0.591977 -0.592171 0.720000
v 0.550180 -0.592171 0.875988
v 0.435988 -0.592171 0.990180
v 0.280000 -0.592171 1.031977
v 0.124012 -0.592171 0.990180
v 0.009820 -0.592171 0.875988
v -0.031977 -0.592171 0.720000
v 0.009820 -0.592171 0.564012
v 0.124012 -0.592171 0.449820
v 0.280000 -0.592171 0.408023
v 0.435988 -0.592171 0.449820
v 0.550180 -0.592171 0.564012
v 0.591977 -0.667829 0.720000
v 0.550180 -0.667829 0.875988
v 0.435988 -0.667829 0.990180
v 0.280000 -0.667829 1.031977
v 0.124012 -0.667829 0.990180
v 0.009820 -0.667829 0.875988
v -0.031977 -0.667829 0.720000
v 0.009820 -0.667829 0.564012
v 0.124012 -0.667829 0.449820
v 0.280000 -0.667829 0.408023
v 0.435988 -0.667829 0.449820
v 0.550180 -0.667829 0.564012
v 0.530186 -0.735993 0.720000
v 0.496667 -0.735993 0.845093
v 0.405093 -0.735993 0.936667
v 0.280000 -0.735993 0.970186
v 0.154907 -0.735993 0.936667
v 0.063333 -0.735993 0.845093
v 0.029814 -0.735993 0.720000
v 0.063333 -0.735993 0.594907
v 0.154907 -0.735993 0.503333
v 0.280000 -0.735993 0.469814
v 0.405093 -0.735993 0.503333
v 0.496667 -0.735993 0.594907
v 0.418843 -0.783165 0.720000
v 0.400241 -0.783165 0.789421
v 0.349421 -0.783165 0.840241
v 0.280000 -0.783165 0.858843
v 0.210579 -0.783165 0.840241
v 0.159759 -0.783165 0.789421
v 0.141157 -0.783165 0.720000
v 0.159759 -0.783165 0.650579
v 0.210579 -0.783165 0.599759
v 0.280000 -0.783165 0.581157
v 0.349421 -0.783165 0.599759
v 0.400241 -0.783165 0.650579
v 0.280000 -0.800000 0.720000
v 0.280000 -0.800000 0.720000
v 0.280000 -0.800000 0.720000
v 0.280000 -0.800000 0.720000
v 0.280000 -0.800000 0.720000
v 0.280000 -0.800000 0.720000
v 0.280000 -0.800000 0.720000
v 0.280000 -0.800000 0.720000
v 0.280000 -0.800000 0.720000
v 0.280000 -0.800000 0.720000
v 0.280000 -0.800000 0.720000
v 0.280000 -0.800000 0.720000
v 0.000000 -0.030000 -0.650000
v 0.000000 -0.030000 -0.650000
v 0.000000 -0.030000 -0.650000
v 0.000000 -0.030000 -0.650000
v 0.000000 -0.030000 -0.650000
v 0.000000 -0.030000 -0.650000
v 0.000000 -0.030000 -0.650000
v 0.000000 -0.030000 -0.650000
v 0.000000 -0.030000 -0.650000
v 0.000000 -0.030000 -0.650000
v 0.060000 -0.046077 -0.650000
v 0.048541 -0.046077 -0.614733
v 0.018541 -0.046077 -0.592937
v -0.018541 -0.046077 -0.592937
v -0.048541 -0.046077 -0.614733
v -0.060000 -0.046077 -0.650000
v -0.048541 -0.046077 -0.685267
v -0.018541 -0.046077 -0.707063
v 0.018541 -0.046077 -0.707063
v 0.048541 -0.046077 -0.685267
v 0.103923 -0.090000 -0.650000
v 0.084076 -0.090000 -0.588916
v 0.032114 -0.090000 -0.551163
v -0.032114 -0.090000 -0.551163
v -0.084076 -0.090000 -0.588916
v -0.103923 -0.090000 -0.650000
v -0.084076 -0.090000 -0.711084
v -0.032114 -0.090000 -0.748837
v 0.032114 -0.090000 -0.748837
v 0.084076 -0.090000 -0.711084
v 0.120000 -0.150000 -0.650000
v 0.097082 -0.150000 -0.579466
v 0.037082 -0.150000 -0.535873
v -0.037082 -0.150000 -0.535873
v -0.097082 -0.150000 -0.579466
v -0.120000 -0.150000 -0.650000
v -0.097082 -0.150000 -0.720534
v -0.037082 -0.150000 -0.764127
v 0.037082 -0.150000 -0.764127
v 0.097082 -0.150000 -0.720534
v 0.103923 -0.210000 -0.650000
v 0.084076 -0.210000 -0.588916
v 0.032114 -0.210000 -0.551163
v -0.032114 -0.210000 -0.551163
v -0.084076 -0.210000 -0.588916
v -0.103923 -0.210000 -0.650000
v -0.084076 -0.210000 -0.711084
v -0.032114 -0.210000 -0.748837
v 0.032114 -0.210000 -0.748837
v 0.084076 -0.210000 -0.711084
v 0.060000 -0.253923 -0.650000
v 0.048541 -0.253923 -0.614733
v 0.018541 -0.253923 -0.592937
v -0.018541 -0.253923 -0.592937
v -0.048541 -0.253923 -0.614733
v -0.060000 -0.253923 -0.650000
v -0.048541 -0.253923 -0.685267
v -0.018541 -0.253923 -0.707063
v 0.018541 -0.253923 -0.707063
v 0.048541 -0.253923 -0.685267
v 0.000000 -0.270000 -0.650000
v 0.000000 -0.270000 -0.650000
v 0.000000 -0.270000 -0.650000
v -0.000000 -0.270000 -0.650000
v -0.000000 -0.270000 -0.650000
v -0.000000 -0.270000 -0.650000
v -0.000000 -0.270000 -0.650000
v -0.000000 -0.270000 -0.650000
v 0.000000 -0.270000 -0.650000
v 0.000000 -0.270000 -0.650000
v -0.950000 1.040000 0.640000
v -0.950000 1.040000 0.640000
v -0.950000 1.040000 0.640000
v -0.950000 1.040000 0.640000
v -0.950000 1.040000 0.640000
v -0.950000 1.040000 0.640000
v -0.950000 1.040000 0.640000
v -0.950000 1.040000 0.640000
v -0.950000 1.040000 0.640000
v -0.950000 1.040000 0.640000
v -0.895000 1.034641 0.640000
v -0.905504 1.034641 0.669389
v -0.933004 1.034641 0.687553
v -0.966996 1.034641 0.687553
v -0.994496 1.034641 0.669389
v -1.005000 1.034641 0.640000
v -0.994496 1.034641 0.610611
v -0.966996 1.034641 0.592447
v -0.933004 1.034641 0.592447
v -0.905504 1.034641 0.610611
v -0.854737 1.020000 0.640000
v -0.872931 1.020000 0.690904
v -0.920562 1.020000 0.722364
v -0.979438 1.020000 0.722364
v -1.027069 1.020000 0.690904
v -1.045263 1.020000 0.640000
v -1.027069 1.020000 0.589096
v -0.979438 1.020000 0.557636
v -0.920562 1.020000 0.557636
v -0.872931 1.020000 0.589096
v -0.840000 1.000000 0.640000
v -0.861008 1.000000 0.698779
v -0.916008 1.000000 0.735106
v -0.983992 1.000000 0.735106
v -1.038992 1.000000 0.698779
v -1.060000 1.000000 0.640000
v -1.038992 1.000000 0.581221
v -0.983992 1.000000 0.544894
v -0.916008 1.000000 0.544894
v -0.861008 1.000000 0.581221
v -0.854737 0.980000 0.640000
v -0.872931 0.980000 0.690904
v -0.920562 0.980000 0.722364
v -0.979438 0.980000 0.722364
v -1.027069 0.980000 0.690904
v -1.045263 0.980000 0.640000
v -1.027069 0.980000 0.589096
v -0.979438 0.980000 0.557636
v -0.920562 0.980000 0.557636
v -0.872931 0.980000 0.589096
v -0.895000 0.965359 0.640000
v -0.905504 0.965359 0.669389
v -0.933004 0.965359 0.687553
v -0.966996 0.965359 0.687553
v -0.994496 0.965359 0.669389
v -1.005000 0.965359 0.640000
v -0.994496 0.965359 0.610611
v -0.966996 0.965359 0.592447
v -0.933004 0.965359 0.592447
v -0.905504 0.965359 0.610611
v -0.950000 0.960000 0.640000
v -0.950000 0.960000 0.640000
v -0.950000 0.960000 0.640000
v -0.950000 0.960000 0.640000
v -0.950000 0.960000 0.640000
v -0.950000 0.960000 0.640000
v -0.950000 0.960000 0.640000
v -0.950000 0.960000 0.640000
v -0.950000 0.960000 0.640000
v -0.950000 0.960000 0.640000
v -1.040000 1.040000 0.670000
v -1.040000 1.040000 0.670000
v -1.040000 1.040000 0.670000
v -1.040000 1.040000 0.670000
v -1.040000 1.040000 0.670000
v -1.040000 1.040000 0.670000
v -1.040000 1.040000 0.670000
v -1.040000 1.040000 0.670000
v -1.040000 1.040000 0.670000
v -1.040000 1.040000 0.670000
v -1.015000 1.035981 0.670000
v -1.019775 1.035981 0.684695
v -1.032275 1.035981 0.693776
v -1.047725 1.035981 0.693776
v -1.060225 1.035981 0.684695
v -1.065000 1.035981 0.670000
v -1.060225 1.035981 0.655305
v -1.047725 1.035981 0.646224
v -1.032275 1.035981 0.646224
v -1.019775 1.035981 0.655305
v -0.996699 1.025000 0.670000
v -1.004969 1.025000 0.695452
v -1.026619 1.025000 0.711182
v -1.053381 1.025000 0.711182
v -1.075031 1.025000 0.695452
v -1.083301 1.025000 0.670000
v -1.075031 1.025000 0.644548
v -1.053381 1.025000 0.628818
v -1.026619 1.025000 0.628818
v -1.004969 1.025000 0.644548
v -0.990000 1.010000 0.670000
v -0.999549 1.010000 0.699389
v -1.024549 1.010000 0.717553
v -1.055451 1.010000 0.717553
v -1.080451 1.010000 0.699389
v -1.090000 1.010000 0.670000
v -1.080451 1.010000 0.640611
v -1.055451 1.010000 0.622447
v -1.024549 1.010000 0.622447
v -0.999549 1.010000 0.640611
v -0.996699 0.995000 0.670000
v -1.004969 0.995000 0.695452
v -1.026619 0.995000 0.711182
v -1.053381 0.995000 0.711182
v -1.075031 0.995000 0.695452
v -1.083301 0.995000 0.670000
v -1.075031 0.995000 0.644548
v -1.053381 0.995000 0.628818
v -1.026619 0.995000 0.628818
v -1.004969 0.995000 0.644548
v -1.015000 0.984019 0.670000
v -1.019775 0.984019 0.684695
v -1.032275 0.984019 0.693776
v -1.047725 0.984019 0.693776
v -1.060225 0.984019 0.684695
v -1.065000 0.984019 0.670000
v -1.060225 0.984019 0.655305
v -1.047725 0.984019 0.646224
v -1.032275 0.984019 0.646224
v -1.019775 0.984019 0.655305
v -1.040000 0.980000 0.670000
v -1.040000 0.980000 0.670000
v -1.040000 0.980000 0.670000
v -1.040000 0.980000 0.670000
v -1.040000 0.980000 0.670000
v -1.040000 0.980000 0.670000
v -1.040000 0.980000 0.670000
v -1.040000 0.980000 0.670000
v -1.040000 0.980000 0.670000
v -1.040000 0.980000 0.670000
v -0.950000 1.040000 0.670000
v -0.950000 1.040000 0.670000
v -0.950000 1.040000 0.670000
v -0.950000 1.040000 0.670000
v -0.950000 1.040000 0.670000
v -0.950000 1.040000 0.670000
v -0.950000 1.040000 0.670000
v -0.950000 1.040000 0.670000
v -0.950000 1.040000 0.670000
v -0.950000 1.040000 0.670000
v -0.925000 1.035981 0.670000
v -0.929775 1.035981 0.684695
v -0.942275 1.035981 0.693776
v -0.957725 1.035981 0.693776
v -0.970225 1.035981 0.684695
v -0.975000 1.035981 0.670000
v -0.970225 1.035981 0.655305
v -0.957725 1.035981 0.646224
v -0.942275 1.035981 0.646224
v -0.929775 1.035981 0.655305
v -0.906699 1.025000 0.670000
v -0.914969 1.025000 0.695452
v -0.936619 1.025000 0.711182
v -0.963381 1.025000 0.711182
v -0.985031 1.025000 0.695452
v -0.993301 1.025000 0.670000
v -0.985031 1.025000 0.644548
v -0.963381 1.025000 0.628818
v -0.936619 1.025000 0.628818
v -0.914969 1.025000 0.644548
v -0.900000 1.010000 0.670000
v -0.909549 1.010000 0.699389
v -0.934549 1.010000 0.717553
v -0.965451 1.010000 0.717553
v -0.990451 1.010000 0.699389
v -1.000000 1.010000 0.670000
v -0.990451 1.010000 0.640611
v -0.965451 1.010000 0.622447
v -0.934549 1.010000 0.622447
v -0.909549 1.010000 0.640611
v -0.906699 0.995000 0.670000
v -0.914969 0.995000 0.695452
v -0.936619 0.995000 0.711182
v -0.963381 0.995000 0.711182
v -0.985031 0.995000 0.695452
v -0.993301 0.995000 0.670000
v -0.985031 0.995000 0.644548
v -0.963381 0.995000 0.628818
v -0.936619 0.995000 0.628818
v -0.914969 0.995000 0.644548
v -0.925000 0.984019 0.670000
v -0.929775 0.984019 0.684695
v -0.942275 0.984019 0.693776
v -0.957725 0.984019 0.693776
v -0.970225 0.984019 0.684695
v -0.975000 0.984019 0.670000
v -0.970225 0.984019 0.655305
v -0.957725 0.984019 0.646224
v -0.942275 0.984019 0.646224
v -0.929775 0.984019 0.655305
v -0.950000 0.980000 0.670000
v -0.950000 0.980000 0.670000
v -0.950000 0.980000 0.670000
v -0.950000 0.980000 0.670000
v -0.950000 0.980000 0.670000
v -0.950000 0.980000 0.670000
v -0.950000 0.980000 0.670000
v -0.950000 0.980000 0.670000
v -0.950000 0.980000 0.670000
v -0.950000 0.980000 0.670000
v -0.860000 1.040000 0.670000
v -0.860000 1.040000 0.670000
v -0.860000 1.040000 0.670000
v -0.860000 1.040000 0.670000
v -0.860000 1.040000 0.670000
v -0.860000 1.040000 0.670000
v -0.860000 1.040000 0.670000
v -0.860000 1.040000 0.670000
v -0.860000 1.040000 0.670000
v -0.860000 1.040000 0.670000
v -0.835000 1.035981 0.670000
v -0.839775 1.035981 0.684695
v -0.852275 1.035981 0.693776
v -0.867725 1.035981 0.693776
v -0.880225 1.035981 0.684695
v -0.885000 1.035981 0.670000
v -0.880225 1.035981 0.655305
v -0.867725 1.035981 0.646224
v -0.852275 1.035981 0.646224
v -0.839775 1.035981 0.655305
v -0.816699 1.025000 0.670000
v -0.824969 1.025000 0.695452
v -0.846619 1.025000 0.711182
v -0.873381 1.025000 0.711182
v -0.895031 1.025000 0.695452
v -0.903301 1.025000 0.670000
v -0.895031 1.025000 0.644548
v -0.873381 1.025000 0.628818
v -0.846619 1.025000 0.628818
v -0.824969 1.025000 0.644548
v -0.810000 1.010000 0.670000
v -0.819549 1.010000 0.699389
v -0.844549 1.010000 0.717553
v -0.875451 1.010000 0.717553
v -0.900451 1.010000 0.699389
v -0.910000 1.010000 0.670000
v -0.900451 1.010000 0.640611
v -0.875451 1.010000 0.622447
v -0.844549 1.010000 0.622447
v -0.819549 1.010000 0.640611
v -0.816699 0.995000 0.670000
v -0.824969 0.995000 0.695452
v -0.846619 0.995000 0.711182
v -0.873381 0.995000 0.711182
v -0.895031 0.995000 0.695452
v -0.903301 0.995000 0.670000
v -0.895031 0.995000 0.644548
v -0.873381 0.995000 0.628818
v -0.846619 0.995000 0.628818
v -0.824969 0.995000 0.644548
v -0.835000 0.984019 0.670000
v -0.839775 0.984019 0.684695
v -0.852275 0.984019 0.693776
v -0.867725 0.984019 0.693776
v -0.880225 0.984019 0.684695
v -0.885000 0.984019 0.670000
v -0.880225 0.984019 0.655305
v -0.867725 0.984019 0.646224
v -0.852275 0.984019 0.646224
v -0.839775 0.984019 0.655305
v -0.860000 0.980000 0.670000
v -0.860000 0.980000 0.670000
v -0.860000 0.980000 0.670000
v -0.860000 0.980000 0.670000
v -0.860000 0.980000 0.670000
v -0.860000 0.980000 0.670000
v -0.860000 0.980000 0.670000
v -0.860000 0.980000 0.670000
v -0.860000 0.980000 0.670000
v -0.860000 0.980000 0.670000
v 0.950000 1.040000 0.640000
v 0.950000 1.040000 0.640000
v 0.950000 1.040000 0.640000
v 0.950000 1.040000 0.640000
v 0.950000 1.040000 0.640000
v 0.950000 1.040000 0.640000
v 0.950000 1.040000 0.640000
v 0.950000 1.040000 0.640000
v 0.950000 1.040000 0.640000
v 0.950000 1.040000 0.640000
v 1.005000 1.034641 0.640000
v 0.994496 1.034641 0.669389
v 0.966996 1.034641 0.687553
v 0.933004 1.034641 0.687553
v 0.905504 1.034641 0.669389
v 0.895000 1.034641 0.640000
v 0.905504 1.034641 0.610611
v 0.933004 1.034641 0.592447
v 0.966996 1.034641 0.592447
v 0.994496 1.034641 0.610611
v 1.045263 1.020000 0.640000
v 1.027069 1.020000 0.690904
v 0.979438 1.020000 0.722364
v 0.920562 1.020000 0.722364
v 0.872931 1.020000 0.690904
v 0.854737 1.020000 0.640000
v 0.872931 1.020000 0.589096
v 0.920562 1.020000 0.557636
v 0.979438 1.020000 0.557636
v 1.027069 1.020000 0.589096
v 1.060000 1.000000 0.640000
v 1.038992 1.000000 0.698779
v 0.983992 1.000000 0.735106
v 0.916008 1.000000 0.735106
v 0.861008 1.000000 0.698779
v 0.840000 1.000000 0.640000
v 0.861008 1.000000 0.581221
v 0.916008 1.000000 0.544894
v 0.983992 1.000000 0.544894
v 1.038992 1.000000 0.581221
v 1.045263 0.980000 0.640000
v 1.027069 0.980000 0.690904
v 0.979438 0.980000 0.722364
v 0.920562 0.980000 0.722364
v 0.872931 0.980000 0.690904
v 0.854737 0.980000 0.640000
v 0.872931 0.980000 0.589096
v 0.920562 0.980000 0.557636
v 0.979438 0.980000 0.557636
v 1.027069 0.980000 0.589096
v 1.005000 0.965359 0.640000
v 0.994496 0.965359 0.669389
v 0.966996 0.965359 0.687553
v 0.933004 0.965359 0.687553
v 0.905504 0.965359 0.669389
v 0.895000 0.965359 0.640000
v 0.905504 0.965359 0.610611
v 0.933004 0.965359 0.592447
v 0.966996 0.965359 0.592447
v 0.994496 0.965359 0.610611
v 0.950000 0.960000 0.640000
v 0.950000 0.960000 0.640000
v 0.950000 0.960000 0.640000
v 0.950000 0.960000 0.640000
v 0.950000 0.960000 0.640000
v 0.950000 0.960000 0.640000
v 0.950000 0.960000 0.640000
v 0.950000 0.960000 0.640000
v 0.950000 0.960000 0.640000
v 0.950000 0.960000 0.640000
v 0.860000 1.040000 0.670000
v 0.860000 1.040000 0.670000
v 0.860000 1.040000 0.670000
v 0.860000 1.040000 0.670000
v 0.860000 1.040000 0.670000
v 0.860000 1.040000 0.670000
v 0.860000 1.040000 0.670000
v 0.860000 1.040000 0.670000
v 0.860000 1.040000 0.670000
v 0.860000 1.040000 0.670000
v 0.885000 1.035981 0.670000
v 0.880225 1.035981 0.684695
v 0.867725 1.035981 0.693776
v 0.852275 1.035981 0.693776
v 0.839775 1.035981 0.684695
v 0.835000 1.035981 0.670000
v 0.839775 1.035981 0.655305
v 0.852275 1.035981 0.646224
v 0.867725 1.035981 0.646224
v 0.880225 1.035981 0.655305
v 0.903301 1.025000 0.670000
v 0.895031 1.025000 0.695452
v 0.873381 1.025000 0.711182
v 0.846619 1.025000 0.711182
v 0.824969 1.025000 0.695452
v 0.816699 1.025000 0.670000
v 0.824969 1.025000 0.644548
v 0.846619 1.025000 0.628818
v 0.873381 1.025000 0.628818
v 0.895031 1.025000 0.644548
v 0.910000 1.010000 0.670000
v 0.900451 1.010000 0.699389
v 0.875451 1.010000 0.717553
v 0.844549 1.010000 0.717553
v 0.819549 1.010000 0.699389
v 0.810000 1.010000 0.670000
v 0.819549 1.010000 0.640611
v 0.844549 1.010000 0.622447
v 0.875451 1.010000 0.622447
v 0.900451 1.010000 0.640611
v 0.903301 0.995000 0.670000
v 0.895031 0.995000 0.695452
v 0.873381 0.995000 0.711182
v 0.846619 0.995000 0.711182
v 0.824969 0.995000 0.695452
v 0.816699 0.995000 0.670000
v 0.824969 0.995000 0.644548
v 0.846619 0.995000 0.628818
v 0.873381 0.995000 0.628818
v 0.895031 0.995000 0.644548
v 0.885000 0.984019 0.670000
v 0.880225 0.984019 0.684695
v 0.867725 0.984019 0.693776
v 0.852275 0.984019 0.693776
v 0.839775 0.984019 0.684695
v 0.835000 0.984019 0.670000
v 0.839775 0.984019 0.655305
v 0.852275 0.984019 0.646224
v 0.867725 0.984019 0.646224
v 0.880225 0.984019 0.655305
v 0.860000 0.980000 0.670000
v 0.860000 0.980000 0.670000
v 0.860000 0.980000 0.670000
v 0.860000 0.980000 0.670000
v 0.860000 0.980000 0.670000
v 0.860000 0.980000 0.670000
v 0.860000 0.980000 0.670000
v 0.860000 0.980000 0.670000
v 0.860000 0.980000 0.670000
v 0.860000 0.980000 0.670000
v 0.950000 1.040000 0.670000
v 0.950000 1.040000 0.670000
v 0.950000 1.040000 0.670000
v 0.950000 1.040000 0.670000
v 0.950000 1.040000 0.670000
v 0.950000 1.040000 0.670000
v 0.950000 1.040000 0.670000
v 0.950000 1.040000 0.670000
v 0.950000 1.040000 0.670000
v 0.950000 1.040000 0.670000
v 0.975000 1.035981 0.670000
v 0.970225 1.035981 0.684695
v 0.957725 1.035981 0.693776
v 0.942275 1.035981 0.693776
v 0.929775 1.035981 0.684695
v 0.925000 1.035981 0.670000
v 0.929775 1.035981 0.655305
v 0.942275 1.035981 0.646224
v 0.957725 1.035981 0.646224
v 0.970225 1.035981 0.655305
v 0.993301 1.025000 0.670000
v 0.985031 1.025000 0.695452
v 0.963381 1.025000 0.711182
v 0.936619 1.025000 0.711182
v 0.914969 1.025000 0.695452
v 0.906699 1.025000 0.670000
v 0.914969 1.025000 0.644548
v 0.936619 1.025000 0.628818
v 0.963381 1.025000 0.628818
v 0.985031 1.025000 0.644548
v 1.000000 1.010000 0.670000
v 0.990451 1.010000 0.699389
v 0.965451 1.010000 0.717553
v 0.934549 1.010000 0.717553
v 0.909549 1.010000 0.699389
v 0.900000 1.010000 0.670000
v 0.909549 1.010000 0.640611
v 0.934549 1.010000 0.622447
v 0.965451 1.010000 0.622447
v 0.990451 1.010000 0.640611
v 0.993301 0.995000 0.670000
v 0.985031 0.995000 0.695452
v 0.963381 0.995000 0.711182
v 0.936619 0.995000 0.711182
v 0.914969 0.995000 0.695452
v 0.906699 0.995000 0.670000
v 0.914969 0.995000 0.644548
v 0.936619 0.995000 0.628818
v 0.963381 0.995000 0.628818
v 0.985031 0.995000 0.644548
v 0.975000 0.984019 0.670000
v 0.970225 0.984019 0.684695
v 0.957725 0.984019 0.693776
v 0.942275 0.984019 0.693776
v 0.929775 0.984019 0.684695
v 0.925000 0.984019 0.670000
v 0.929775 0.984019 0.655305
v 0.942275 0.984019 0.646224
v 0.957725 0.984019 0.646224
v 0.970225 0.984019 0.655305
v 0.950000 0.980000 0.670000
v 0.950000 0.980000 0.670000
v 0.950000 0.980000 0.670000
v 0.950000 0.980000 0.670000
v 0.950000 0.980000 0.670000
v 0.950000 0.980000 0.670000
v 0.950000 0.980000 0.670000
v 0.950000 0.980000 0.670000
v 0.950000 0.980000 0.670000
v 0.950000 0.980000 0.670000
v 1.040000 1.040000 0.670000
v 1.040000 1.040000 0.670000
v 1.040000 1.040000 0.670000
v 1.040000 1.040000 0.670000
v 1.040000 1.040000 0.670000
v 1.040000 1.040000 0.670000
v 1.040000 1.040000 0.670000
v 1.040000 1.040000 0.670000
v 1.040000 1.040000 0.670000
v 1.040000 1.040000 0.670000
v 1.065000 1.035981 0.670000
v 1.060225 1.035981 0.684695
v 1.047725 1.035981 0.693776
v 1.032275 1.035981 0.693776
v 1.019775 1.035981 0.684695
v 1.015000 1.035981 0.670000
v 1.019775 1.035981 0.655305
v 1.032275 1.035981 0.646224
v 1.047725 1.035981 0.646224
v 1.060225 1.035981 0.655305
v 1.083301 1.025000 0.670000
v 1.075031 1.025000 0.695452
v 1.053381 1.025000 0.711182
v 1.026619 1.025000 0.711182
v 1.004969 1.025000 0.695452
v 0.996699 1.025000 0.670000
v 1.004969 1.025000 0.644548
v 1.026619 1.025000 0.628818
v 1.053381 1.025000 0.628818
v 1.075031 1.025000 0.644548
v 1.090000 1.010000 0.670000
v 1.080451 1.010000 0.699389
v 1.055451 1.010000 0.717553
v 1.024549 1.010000 0.717553
v 0.999549 1.010000 0.699389
v 0.990000 1.010000 0.670000
v 0.999549 1.010000 0.640611
v 1.024549 1.010000 0.622447
v 1.055451 1.010000 0.622447
v 1.080451 1.010000 0.640611
v 1.083301 0.995000 0.670000
v 1.075031 0.995000 0.695452
v 1.053381 0.995000 0.711182
v 1.026619 0.995000 0.711182
v 1.004969 0.995000 0.695452
v 0.996699 0.995000 0.670000
v 1.004969 0.995000 0.644548
v 1.026619 0.995000 0.628818
v 1.053381 0.995000 0.628818
v 1.075031 0.995000 0.644548
v 1.065000 0.984019 0.670000
v 1.060225 0.984019 0.684695
v 1.047725 0.984019 0.693776
v 1.032275 0.984019 0.693776
v 1.019775 0.984019 0.684695
v 1.015000 0.984019 0.670000
v 1.019775 0.984019 0.655305
v 1.032275 0.984019 0.646224
v 1.047725 0.984019 0.646224
v 1.060225 0.984019 0.655305
v 1.040000 0.980000 0.670000
v 1.040000 0.980000 0.670000
v 1.040000 0.980000 0.670000
v 1.040000 0.980000 0.670000
v 1.040000 0.980000 0.670000
v 1.040000 0.980000 0.670000
v 1.040000 0.980000 0.670000
v 1.040000 0.980000 0.670000
v 1.040000 0.980000 0.670000
v 1.040000 0.980000 0.670000
v -0.280000 -0.640000 0.780000
v -0.280000 -0.640000 0.780000
v -0.280000 -0.640000 0.780000
v -0.280000 -0.640000 0.780000
v -0.280000 -0.640000 0.780000
v -0.280000 -0.640000 0.780000
v -0.280000 -0.640000 0.780000
v -0.280000 -0.640000 0.780000
v -0.280000 -0.640000 0.780000
v -0.280000 -0.640000 0.780000
v -0.225000 -0.645359 0.780000
v -0.235504 -0.645359 0.809389
v -0.263004 -0.645359 0.827553
v -0.296996 -0.645359 0.827553
v -0.324496 -0.645359 0.809389
v -0.335000 -0.645359 0.780000
v -0.324496 -0.645359 0.750611
v -0.296996 -0.645359 0.732447
v -0.263004 -0.645359 0.732447
v -0.235504 -0.645359 0.750611
v -0.184737 -0.660000 0.780000
v -0.202931 -0.660000 0.830904
v -0.250562 -0.660000 0.862364
v -0.309438 -0.660000 0.862364
v -0.357069 -0.660000 0.830904
v -0.375263 -0.660000 0.780000
v -0.357069 -0.660000 0.729096
v -0.309438 -0.660000 0.697636
v -0.250562 -0.660000 0.697636
v -0.202931 -0.660000 0.729096
v -0.170000 -0.680000 0.780000
v -0.191008 -0.680000 0.838779
v -0.246008 -0.680000 0.875106
v -0.313992 -0.680000 0.875106
v -0.368992 -0.680000 0.838779
v -0.390000 -0.680000 0.780000
v -0.368992 -0.680000 0.721221
v -0.313992 -0.680000 0.684894
v -0.246008 -0.680000 0.684894
v -0.191008 -0.680000 0.721221
v -0.184737 -0.700000 0.780000
v -0.202931 -0.700000 0.830904
v -0.250562 -0.700000 0.862364
v -0.309438 -0.700000 0.862364
v -0.357069 -0.700000 0.830904
v -0.375263 -0.700000 0.780000
v -0.357069 -0.700000 0.729096
v -0.309438 -0.700000 0.697636
v -0.250562 -0.700000 0.697636
v -0.202931 -0.700000 0.729096
v -0.225000 -0.714641 0.780000
v -0.235504 -0.714641 0.809389
v -0.263004 -0.714641 0.827553
v -0.296996 -0.714641 0.827553
v -0.324496 -0.714641 0.809389
v -0.335000 -0.714641 0.780000
v -0.324496 -0.714641 0.750611
v -0.296996 -0.714641 0.732447
v -0.263004 -0.714641 0.732447
v -0.235504 -0.714641 0.750611
v -0.280000 -0.720000 0.780000
v -0.280000 -0.720000 0.780000
v -0.280000 -0.720000 0.780000
v -0.280000 -0.720000 0.780000
v -0.280000 -0.720000 0.780000
v -0.280000 -0.720000 0.780000
v -0.280000 -0.720000 0.780000
v -0.280000 -0.720000 0.780000
v -0.280000 -0.720000 0.780000
v -0.280000 -0.720000 0.780000
v -0.370000 -0.640000 0.810000
v -0.370000 -0.640000 0.810000
v -0.370000 -0.640000 0.810000
v -0.370000 -0.640000 0.810000
v -0.370000 -0.640000 0.810000
v -0.370000 -0.640000 0.810000
v -0.370000 -0.640000 0.810000
v -0.370000 -0.640000 0.810000
v -0.370000 -0.640000 0.810000
v -0.370000 -0.640000 0.810000
v -0.345000 -0.644019 0.810000
v -0.349775 -0.644019 0.824695
v -0.362275 -0.644019 0.833776
v -0.377725 -0.644019 0.833776
v -0.390225 -0.644019 0.824695
v -0.395000 -0.644019 0.810000
v -0.390225 -0.644019 0.795305
v -0.377725 -0.644019 0.786224
v -0.362275 -0.644019 0.786224
v -0.349775 -0.644019 0.795305
v -0.326699 -0.655000 0.810000
v -0.334969 -0.655000 0.835452
v -0.356619 -0.655000 0.851182
v -0.383381 -0.655000 0.851182
v -0.405031 -0.655000 0.835452
v -0.413301 -0.655000 0.810000
v -0.405031 -0.655000 0.784548
v -0.383381 -0.655000 0.768818
v -0.356619 -0.655000 0.768818
v -0.334969 -0.655000 0.784548
v -0.320000 -0.670000 0.810000
v -0.329549 -0.670000 0.839389
v -0.354549 -0.670000 0.857553
v -0.385451 -0.670000 0.857553
v -0.410451 -0.670000 0.839389
v -0.420000 -0.670000 0.810000
v -0.410451 -0.670000 0.780611
v -0.385451 -0.670000 0.762447
v -0.354549 -0.670000 0.762447
v -0.329549 -0.670000 0.780611
v -0.326699 -0.685000 0.810000
v -0.334969 -0.685000 0.835452
v -0.356619 -0.685000 0.851182
v -0.383381 -0.685000 0.851182
v -0.405031 -0.685000 0.835452
v -0.413301 -0.685000 0.810000
v -0.405031 -0.685000 0.784548
v -0.383381 -0.685000 0.768818
v -0.356619 -0.685000 0.768818
v -0.334969 -0.685000 0.784548
v -0.345000 -0.695981 0.810000
v -0.349775 -0.695981 0.824695
v -0.362275 -0.695981 0.833776
v -0.377725 -0.695981 0.833776
v -0.390225 -0.695981 0.824695
v -0.395000 -0.695981 0.810000
v -0.390225 -0.695981 0.795305
v -0.377725 -0.695981 0.786224
v -0.362275 -0.695981 0.786224
v -0.349775 -0.695981 0.795305
v -0.370000 -0.700000 0.810000
v -0.370000 -0.700000 0.810000
v -0.370000 -0.700000 0.810000
v -0.370000 -0.700000 0.810000
v -0.370000 -0.700000 0.810000
v -0.370000 -0.700000 0.810000
v -0.370000 -0.700000 0.810000
v -0.370000 -0.700000 0.810000
v -0.370000 -0.700000 0.810000
v -0.370000 -0.700000 0.810000
v -0.280000 -0.640000 0.810000
v -0.280000 -0.640000 0.810000
v -0.280000 -0.640000 0.810000
v -0.280000 -0.640000 0.810000
v -0.280000 -0.640000 0.810000
v -0.280000 -0.640000 0.810000
v -0.280000 -0.640000 0.810000
v -0.280000 -0.640000 0.810000
v -0.280000 -0.640000 0.810000
v -0.280000 -0.640000 0.810000
v -0.255000 -0.644019 0.810000
v -0.259775 -0.644019 0.824695
v -0.272275 -0.644019 0.833776
v -0.287725 -0.644019 0.833776
v -0.300225 -0.644019 0.824695
v -0.305000 -0.644019 0.810000
v -0.300225 -0.644019 0.795305
v -0.287725 -0.644019 0.786224
v -0.272275 -0.644019 0.786224
v -0.259775 -0.644019 0.795305
v -0.236699 -0.655000 0.810000
v -0.244969 -0.655000 0.835452
v -0.266619 -0.655000 0.851182
v -0.293381 -0.655000 0.851182
v -0.315031 -0.655000 0.835452
v -0.323301 -0.655000 0.810000
v -0.315031 -0.655000 0.784548
v -0.293381 -0.655000 0.768818
v -0.266619 -0.655000 0.768818
v -0.244969 -0.655000 0.784548
v -0.230000 -0.670000 0.810000
v -0.239549 -0.670000 0.839389
v -0.264549 -0.670000 0.857553
v -0.295451 -0.670000 0.857553
v -0.320451 -0.670000 0.839389
v -0.330000 -0.670000 0.810000
v -0.320451 -0.670000 0.780611
v -0.295451 -0.670000 0.762447
v -0.264549 -0.670000 0.762447
v -0.239549 -0.670000 0.780611
v -0.236699 -0.685000 0.810000
v -0.244969 -0.685000 0.835452
v -0.266619 -0.685000 0.851182
v -0.293381 -0.685000 0.851182
v -0.315031 -0.685000 0.835452
v -0.323301 -0.685000 0.810000
v -0.315031 -0.685000 0.784548
v -0.293381 -0.685000 0.768818
v -0.266619 -0.685000 0.768818
v -0.244969 -0.685000 0.784548
v -0.255000 -0.695981 0.810000
v -0.259775 -0.695981 0.824695
v -0.272275 -0.695981 0.833776
v -0.287725 -0.695981 0.833776
v -0.300225 -0.695981 0.824695
v -0.305000 -0.695981 0.810000
v -0.300225 -0.695981 0.795305
v -0.287725 -0.695981 0.786224
v -0.272275 -0.695981 0.786224
v -0.259775 -0.695981 0.795305
v -0.280000 -0.700000 0.810000
v -0.280000 -0.700000 0.810000
v -0.280000 -0.700000 0.810000
v -0.280000 -0.700000 0.810000
v -0.280000 -0.700000 0.810000
v -0.280000 -0.700000 0.810000
v -0.280000 -0.700000 0.810000
v -0.280000 -0.700000 0.810000
v -0.280000 -0.700000 0.810000
v -0.280000 -0.700000 0.810000
v -0.190000 -0.640000 0.810000
v -0.190000 -0.640000 0.810000
v -0.190000 -0.640000 0.810000
v -0.190000 -0.640000 0.810000
v -0.190000 -0.640000 0.810000
v -0.190000 -0.640000 0.810000
v -0.190000 -0.640000 0.810000
v -0.190000 -0.640000 0.810000
v -0.190000 -0.640000 0.810000
v -0.190000 -0.640000 0.810000
v -0.165000 -0.644019 0.810000
v -0.169775 -0.644019 0.824695
v -0.182275 -0.644019 0.833776
v -0.197725 -0.644019 0.833776
v -0.210225 -0.644019 0.824695
v -0.215000 -0.644019 0.810000
v -0.210225 -0.644019 0.795305
v -0.197725 -0.644019 0.786224
v -0.182275 -0.644019 0.786224
v -0.169775 -0.644019 0.795305
v -0.146699 -0.655000 0.810000
v -0.154969 -0.655000 0.835452
v -0.176619 -0.655000 0.851182
v -0.203381 -0.655000 0.851182
v -0.225031 -0.655000 0.835452
v -0.233301 -0.655000 0.810000
v -0.225031 -0.655000 0.784548
v -0.203381 -0.655000 0.768818
v -0.176619 -0.655000 0.768818
v -0.154969 -0.655000 0.784548
v -0.140000 -0.670000 0.810000
v -0.149549 -0.670000 0.839389
v -0.174549 -0.670000 0.857553
v -0.205451 -0.670000 0.857553
v -0.230451 -0.670000 0.839389
v -0.240000 -0.670000 0.810000
v -0.230451 -0.670000 0.780611
v -0.205451 -0.670000 0.762447
v -0.174549 -0.670000 0.762447
v -0.149549 -0.670000 0.780611
v -0.146699 -0.685000 0.810000
v -0.154969 -0.685000 0.835452
v -0.176619 -0.685000 0.851182
v -0.203381 -0.685000 0.851182
v -0.225031 -0.685000 0.835452
v -0.233301 -0.685000 0.810000
v -0.225031 -0.685000 0.784548
v -0.203381 -0.685000 0.768818
v -0.176619 -0.685000 0.768818
v -0.154969 -0.685000 0.784548
v -0.165000 -0.695981 0.810000
v -0.169775 -0.695981 0.824695
v -0.182275 -0.695981 0.833776
v -0.197725 -0.695981 0.833776
v -0.210225 -0.695981 0.824695
v -0.215000 -0.695981 0.810000
v -0.210225 -0.695981 0.795305
v -0.197725 -0.695981 0.786224
v -0.182275 -0.695981 0.786224
v -0.169775 -0.695981 0.795305
v -0.190000 -0.700000 0.810000
v -0.190000 -0.700000 0.810000
v -0.190000 -0.700000 0.810000
v -0.190000 -0.700000 0.810000
v -0.190000 -0.700000 0.810000
v -0.190000 -0.700000 0.810000
v -0.190000 -0.700000 0.810000
v -0.190000 -0.700000 0.810000
v -0.190000 -0.700000 0.810000
v -0.190000 -0.700000 0.810000
v 0.280000 -0.640000 0.780000
v 0.280000 -0.640000 0.780000
v 0.280000 -0.640000 0.780000
v 0.280000 -0.640000 0.780000
v 0.280000 -0.640000 0.780000
v 0.280000 -0.640000 0.780000
v 0.280000 -0.640000 0.780000
v 0.280000 -0.640000 0.780000
v 0.280000 -0.640000 0.780000
v 0.280000 -0.640000 0.780000
v 0.335000 -0.645359 0.780000
v 0.324496 -0.645359 0.809389
v 0.296996 -0.645359 0.827553
v 0.263004 -0.645359 0.827553
v 0.235504 -0.645359 0.809389
v 0.225000 -0.645359 0.780000
v 0.235504 -0.645359 0.750611
v 0.263004 -0.645359 0.732447
v 0.296996 -0.645359 0.732447
v 0.324496 -0.645359 0.750611
v 0.375263 -0.660000 0.780000
v 0.357069 -0.660000 0.830904
v 0.309438 -0.660000 0.862364
v 0.250562 -0.660000 0.862364
v 0.202931 -0.660000 0.830904
v 0.184737 -0.660000 0.780000
v 0.202931 -0.660000 0.729096
v 0.250562 -0.660000 0.697636
v 0.309438 -0.660000 0.697636
v 0.357069 -0.660000 0.729096
v 0.390000 -0.680000 0.780000
v 0.368992 -0.680000 0.838779
v 0.313992 -0.680000 0.875106
v 0.246008 -0.680000 0.875106
v 0.191008 -0.680000 0.838779
v 0.170000 -0.680000 0.780000
v 0.191008 -0.680000 0.721221
v 0.246008 -0.680000 0.684894
v 0.313992 -0.680000 0.684894
v 0.368992 -0.680000 0.721221
v 0.375263 -0.700000 0.780000
v 0.357069 -0.700000 0.830904
v 0.309438 -0.700000 0.862364
v 0.250562 -0.700000 0.862364
v 0.202931 -0.700000 0.830904
v 0.184737 -0.700000 0.780000
v 0.202931 -0.700000 0.729096
v 0.250562 -0.700000 0.697636
v 0.309438 -0.700000 0.697636
v 0.357069 -0.700000 0.729096
v 0.335000 -0.714641 0.780000
v 0.324496 -0.714641 0.809389
v 0.296996 -0.714641 0.827553
v 0.263004 -0.714641 0.827553
v 0.235504 -0.714641 0.809389
v 0.225000 -0.714641 0.780000
v 0.235504 -0.714641 0.750611
v 0.263004 -0.714641 0.732447
v 0.296996 -0.714641 0.732447
v 0.324496 -0.714641 0.750611
v 0.280000 -0.720000 0.780000
v 0.280000 -0.720000 0.780000
v 0.280000 -0.720000 0.780000
v 0.280000 -0.720000 0.780000
v 0.280000 -0.720000 0.780000
v 0.280000 -0.720000 0.780000
v 0.280000 -0.720000 0.780000
v 0.280000 -0.720000 0.780000
v 0.280000 -0.720000 0.780000
v 0.280000 -0.720000 0.780000
v 0.190000 -0.640000 0.810000
v 0.190000 -0.640000 0.810000
v 0.190000 -0.640000 0.810000
v 0.190000 -0.640000 0.810000
v 0.190000 -0.640000 0.810000
v 0.190000 -0.640000 0.810000
v 0.190000 -0.640000 0.810000
v 0.190000 -0.640000 0.810000
v 0.190000 -0.640000 0.810000
v 0.190000 -0.640000 0.810000
v 0.215000 -0.644019 0.810000
v 0.210225 -0.644019 0.824695
v 0.197725 -0.644019 0.833776
v 0.182275 -0.644019 0.833776
v 0.169775 -0.644019 0.824695
v 0.165000 -0.644019 0.810000
v 0.169775 -0.644019 0.795305
v 0.182275 -0.644019 0.786224
v 0.197725 -0.644019 0.786224
v 0.210225 -0.644019 0.795305
v 0.233301 -0.655000 0.810000
v 0.225031 -0.655000 0.835452
v 0.203381 -0.655000 0.851182
v 0.176619 -0.655000 0.851182
v 0.154969 -0.655000 0.835452
v 0.146699 -0.655000 0.810000
v 0.154969 -0.655000 0.784548
v 0.176619 -0.655000 0.768818
v 0.203381 -0.655000 0.768818
v 0.225031 -0.655000 0.784548
v 0.240000 -0.670000 0.810000
v 0.230451 -0.670000 0.839389
v 0.205451 -0.670000 0.857553
v 0.174549 -0.670000 0.857553
v 0.149549 -0.670000 0.839389
v 0.140000 -0.670000 0.810000
v 0.149549 -0.670000 0.780611
v 0.174549 -0.670000 0.762447
v 0.205451 -0.670000 0.762447
v 0.230451 -0.670000 0.780611
v 0.233301 -0.685000 0.810000
v 0.225031 -0.685000 0.835452
v 0.203381 -0.685000 0.851182
v 0.176619 -0.685000 0.851182
v 0.154969 -0.685000 0.835452
v 0.146699 -0.685000 0.810000
v 0.154969 -0.685000 0.784548
v 0.176619 -0.685000 0.768818
v 0.203381 -0.685000 0.768818
v 0.225031 -0.685000 0.784548
v 0.215000 -0.695981 0.810000
v 0.210225 -0.695981 0.824695
v 0.197725 -0.695981 0.833776
v 0.182275 -0.695981 0.833776
v 0.169775 -0.695981 0.824695
v 0.165000 -0.695981 0.810000
v 0.169775 -0.695981 0.795305
v 0.182275 -0.695981 0.786224
v 0.197725 -0.695981 0.786224
v 0.210225 -0.695981 0.795305
v 0.190000 -0.700000 0.810000
v 0.190000 -0.700000 0.810000
v 0.190000 -0.700000 0.810000
v 0.190000 -0.700000 0.810000
v 0.190000 -0.700000 0.810000
v 0.190000 -0.700000 0.810000
v 0.190000 -0.700000 0.810000
v 0.190000 -0.700000 0.810000
v 0.190000 -0.700000 0.810000
v 0.190000 -0.700000 0.810000
v 0.280000 -0.640000 0.810000
v 0.280000 -0.640000 0.810000
v 0.280000 -0.640000 0.810000
v 0.280000 -0.640000 0.810000
v 0.280000 -0.640000 0.810000
v 0.280000 -0.640000 0.810000
v 0.280000 -0.640000 0.810000
v 0.280000 -0.640000 0.810000
v 0.280000 -0.640000 0.810000
v 0.280000 -0.640000 0.810000
v 0.305000 -0.644019 0.810000
v 0.300225 -0.644019 0.824695
v 0.287725 -0.644019 0.833776
v 0.272275 -0.644019 0.833776
v 0.259775 -0.644019 0.824695
v 0.255000 -0.644019 0.810000
v 0.259775 -0.644019 0.795305
v 0.272275 -0.644019 0.786224
v 0.287725 -0.644019 0.786224
v 0.300225 -0.644019 0.795305
v 0.323301 -0.655000 0.810000
v 0.315031 -0.655000 0.835452
v 0.293381 -0.655000 0.851182
v 0.266619 -0.655000 0.851182
v 0.244969 -0.655000 0.835452
v 0.236699 -0.655000 0.810000
v 0.244969 -0.655000 0.784548
v 0.266619 -0.655000 0.768818
v 0.293381 -0.655000 0.768818
v 0.315031 -0.655000 0.784548
v 0.330000 -0.670000 0.810000
v 0.320451 -0.670000 0.839389
v 0.295451 -0.670000 0.857553
v 0.264549 -0.670000 0.857553
v 0.239549 -0.670000 0.839389
v 0.230000 -0.670000 0.810000
v 0.239549 -0.670000 0.780611
v 0.264549 -0.670000 0.762447
v 0.295451 -0.670000 0.762447
v 0.320451 -0.670000 0.780611
v 0.323301 -0.685000 0.810000
v 0.315031 -0.685000 0.835452
v 0.293381 -0.685000 0.851182
v 0.266619 -0.685000 0.851182
v 0.244969 -0.685000 0.835452
v 0.236699 -0.685000 0.810000
v 0.244969 -0.685000 0.784548
v 0.266619 -0.685000 0.768818
v 0.293381 -0.685000 0.768818
v 0.315031 -0.685000 0.784548
v 0.305000 -0.695981 0.810000
v 0.300225 -0.695981 0.824695
v 0.287725 -0.695981 0.833776
v 0.272275 -0.695981 0.833776
v 0.259775 -0.695981 0.824695
v 0.255000 -0.695981 0.810000
v 0.259775 -0.695981 0.795305
v 0.272275 -0.695981 0.786224
v 0.287725 -0.695981 0.786224
v 0.300225 -0.695981 0.795305
v 0.280000 -0.700000 0.810000
v 0.280000 -0.700000 0.810000
v 0.280000 -0.700000 0.810000
v 0.280000 -0.700000 0.810000
v 0.280000 -0.700000 0.810000
v 0.280000 -0.700000 0.810000
v 0.280000 -0.700000 0.810000
v 0.280000 -0.700000 0.810000
v 0.280000 -0.700000 0.810000
v 0.280000 -0.700000 0.810000
v 0.370000 -0.640000 0.810000
v 0.370000 -0.640000 0.810000
v 0.370000 -0.640000 0.810000
v 0.370000 -0.640000 0.810000
v 0.370000 -0.640000 0.810000
v 0.370000 -0.640000 0.810000
v 0.370000 -0.640000 0.810000
v 0.370000 -0.640000 0.810000
v 0.370000 -0.640000 0.810000
v 0.370000 -0.640000 0.810000
v 0.395000 -0.644019 0.810000
v 0.390225 -0.644019 0.824695
v 0.377725 -0.644019 0.833776
v 0.362275 -0.644019 0.833776
v 0.349775 -0.644019 0.824695
v 0.345000 -0.644019 0.810000
v 0.349775 -0.644019 0.795305
v 0.362275 -0.644019 0.786224
v 0.377725 -0.644019 0.786224
v 0.390225 -0.644019 0.795305
v 0.413301 -0.655000 0.810000
v 0.405031 -0.655000 0.835452
v 0.383381 -0.655000 0.851182
v 0.356619 -0.655000 0.851182
v 0.334969 -0.655000 0.835452
v 0.326699 -0.655000 0.810000
v 0.334969 -0.655000 0.784548
v 0.356619 -0.655000 0.768818
v 0.383381 -0.655000 0.768818
v 0.405031 -0.655000 0.784548
v 0.420000 -0.670000 0.810000
v 0.410451 -0.670000 0.839389
v 0.385451 -0.670000 0.857553
v 0.354549 -0.670000 0.857553
v 0.329549 -0.670000 0.839389
v 0.320000 -0.670000 0.810000
v 0.329549 -0.670000 0.780611
v 0.354549 -0.670000 0.762447
v 0.385451 -0.670000 0.762447
v 0.410451 -0.670000 0.780611
v 0.413301 -0.685000 0.810000
v 0.405031 -0.685000 0.835452
v 0.383381 -0.685000 0.851182
v 0.356619 -0.685000 0.851182
v 0.334969 -0.685000 0.835452
v 0.326699 -0.685000 0.810000
v 0.334969 -0.685000 0.784548
v 0.356619 -0.685000 0.768818
v 0.383381 -0.685000 0.768818
v 0.405031 -0.685000 0.784548
v 0.395000 -0.695981 0.810000
v 0.390225 -0.695981 0.824695
v 0.377725 -0.695981 0.833776
v 0.362275 -0.695981 0.833776
v 0.349775 -0.695981 0.824695
v 0.345000 -0.695981 0.810000
v 0.349775 -0.695981 0.795305
v 0.362275 -0.695981 0.786224
v 0.377725 -0.695981 0.786224
v 0.390225 -0.695981 0.795305
v 0.370000 -0.700000 0.810000
v 0.370000 -0.700000 0.810000
v 0.370000 -0.700000 0.810000
v 0.370000 -0.700000 0.810000
v 0.370000 -0.700000 0.810000
v 0.370000 -0.700000 0.810000
v 0.370000 -0.700000 0.810000
v 0.370000 -0.700000 0.810000
v 0.370000 -0.700000 0.810000
v 0.370000 -0.700000 0.810000

vt 0.750000 0.004897
vt 0.750000 0.004897
vt 0.750000 0.004897
vt 0.750000 0.004897
vt 0.750000 0.004897
vt 0.750000 0.004897
vt 0.750000 0.004897
vt 0.750000 0.004897
vt 0.750000 0.004897
vt 0.750000 0.004897
vt 0.750000 0.004897
vt 0.750000 0.004897
vt 0.750000 0.004897
vt 0.750000 0.004897
vt 0.510326 0.078175
vt 0.570373 0.077780
vt 0.636030 0.074244
vt 0.710470 0.070874
vt 0.789530 0.070874
vt 0.863970 0.074244
vt 0.929627 0.077780
vt 0.989674 0.078175
vt 0.050615 0.074149
vt 0.120144 0.067141
vt 0.203949 0.061323
vt 0.296051 0.061323
vt 0.379856 0.067141
vt 0.449385 0.074149
vt 0.505500 0.162851
vt 0.565929 0.160617
vt 0.632603 0.152691
vt 0.709112 0.145392
vt 0.790888 0.145392
vt 0.867397 0.152691
vt 0.934071 0.160617
vt 0.994500 0.162851
vt 0.055411 0.157073
vt 0.124162 0.145591
vt 0.205656 0.135657
vt 0.294344 0.135657
vt 0.375838 0.145591
vt 0.444589 0.157073
vt 0.504083 0.261562
vt 0.564605 0.258408
vt 0.631567 0.248336
vt 0.708696 0.238840
vt 0.791304 0.238840
vt 0.868433 0.248336
vt 0.935395 0.258408
vt 0.995917 0.261562
vt 0.056797 0.255279
vt 0.125303 0.241797
vt 0.206133 0.229534
vt 0.293867 0.229534
vt 0.374697 0.241797
vt 0.443203 0.255279
vt 0.503591 0.380409
vt 0.564143 0.378106
vt 0.631203 0.370821
vt 0.708550 0.363666
vt 0.791450 0.363666
vt 0.868797 0.370821
vt 0.935857 0.378106
vt 0.996409 0.380409
vt 0.057277 0.376185
vt 0.125695 0.366595
vt 0.206296 0.357346
vt 0.293704 0.357346
vt 0.374305 0.366595
vt 0.442723 0.376185
vt 0.503591 0.517824
vt 0.564143 0.518202
vt 0.631203 0.519412
vt 0.708550 0.520624
vt 0.791450 0.520624
vt 0.868797 0.519412
vt 0.935857 0.518202
vt 0.996409 0.517824
vt 0.057277 0.518519
vt 0.125695 0.520125
vt 0.206296 0.521715
vt 0.293704 0.521715
vt 0.374305 0.520125
vt 0.442723 0.518519
vt 0.504083 0.658859
vt 0.564605 0.661530
vt 0.631567 0.670229
vt 0.708696 0.678681
vt 0.791304 0.678681
vt 0.868433 0.670229
vt 0.935395 0.661530
vt 0.995917 0.658859
vt 0.056797 0.664204
vt 0.125303 0.676022
vt 0.206133 0.687216
vt 0.293867 0.687216
vt 0.374697 0.676022
vt 0.443203 0.664204
vt 0.505500 0.786798
vt 0.565929 0.789351
vt 0.632603 0.798507
vt 0.709112 0.807076
vt 0.790888 0.807076
vt 0.867397 0.798507
vt 0.934071 0.789351
vt 0.994500 0.786798
vt 0.055411 0.793426
vt 0.124162 0.806840
vt 0.205656 0.818706
vt 0.294344 0.818706
vt 0.375838 0.806840
vt 0.444589 0.793426
vt 0.510326 0.898122
vt 0.570373 0.898622
vt 0.636030 0.903110
vt 0.710470 0.907402
vt 0.789530 0.907402
vt 0.863970 0.903110
vt 0.929627 0.898622
vt 0.989674 0.898122
vt 0.050615 0.903231
vt 0.120144 0.912173
vt 0.203949 0.919643
vt 0.296051 0.919643
vt 0.379856 0.912173
vt 0.449385 0.903231
vt 0.750000 0.993635
vt 0.750000 0.993635
vt 0.750000 0.993635
vt 0.750000 0.993635
vt 0.750000 0.993635
vt 0.750000 0.993635
vt 0.750000 0.993635
vt 0.750000 0.993635
vt 0.750000 0.993635
vt 0.750000 0.993635
vt 0.750000 0.993635
vt 0.750000 0.993635
vt 0.750000 0.993635
vt 0.750000 0.993635
vt 0.750000 0.008840
vt 0.750000 0.008840
vt 0.750000 0.008840
vt 0.750000 0.008840
vt 0.750000 0.008840
vt 0.750000 0.008840
vt 0.750000 0.008840
vt 0.750000 0.008840
vt 0.750000 0.008840
vt 0.750000 0.008840
vt 0.750000 0.008840
vt 0.750000 0.008840
vt 0.750000 0.008840
vt 0.750000 0.008840
vt 0.541347 0.034926
vt 0.605090 0.038471
vt 0.664559 0.041086
vt 0.721756 0.042465
vt 0.778244 0.042465
vt 0.835441 0.041086
vt 0.894910 0.038471
vt 0.958653 0.034926
vt 0.029354 0.030962
vt 0.110036 0.027361
vt 0.201606 0.025135
vt 0.298394 0.025135
vt 0.389964 0.027361
vt 0.470646 0.030962
vt 0.522361 0.066995
vt 0.590445 0.070786
vt 0.655468 0.073668
vt 0.718686 0.075213
vt 0.781314 0.075213
vt 0.844532 0.073668
vt 0.909555 0.070786
vt 0.977639 0.066995
vt 0.049954 0.062946
vt 0.127130 0.059478
vt 0.208478 0.057454
vt 0.291522 0.057454
vt 0.372870 0.059478
vt 0.450046 0.062946
vt 0.516646 0.096861
vt 0.585786 0.100856
vt 0.652472 0.103919
vt 0.717658 0.105570
vt 0.782342 0.105570
vt 0.847528 0.103919
vt 0.914214 0.100856
vt 0.983354 0.096861
vt 0.055709 0.092648
vt 0.131528 0.089091
vt 0.210145 0.087039
vt 0.289855 0.087039
vt 0.368472 0.089091
vt 0.444291 0.092648
vt 0.514650 0.122289
vt 0.584129 0.126574
vt 0.651393 0.129864
vt 0.717285 0.131639
vt 0.782715 0.131639
vt 0.848607 0.129864
vt 0.915871 0.126574
vt 0.985350 0.122289
vt 0.057674 0.117780
vt 0.132997 0.113983
vt 0.210694 0.111800
vt 0.289306 0.111800
vt 0.367003 0.113983
vt 0.442326 0.117780
vt 0.514650 0.140154
vt 0.584129 0.144901
vt 0.651393 0.148536
vt 0.717285 0.150492
vt 0.782715 0.150492
vt 0.848607 0.148536
vt 0.915871 0.144901
vt 0.985350 0.140154
vt 0.057674 0.135143
vt 0.132997 0.130910
vt 0.210694 0.128471
vt 0.289306 0.128471
vt 0.367003 0.130910
vt 0.442326 0.135143
vt 0.516646 0.145338
vt 0.585786 0.150842
vt 0.652472 0.155028
vt 0.717658 0.157272
vt 0.782342 0.157272
vt 0.847528 0.155028
vt 0.914214 0.150842
vt 0.983354 0.145338
vt 0.055709 0.139477
vt 0.131528 0.134485
vt 0.210145 0.131589
vt 0.289855 0.131589
vt 0.368472 0.134485
vt 0.444291 0.139477
vt 0.522361 0.129499
vt 0.590445 0.136198
vt 0.655468 0.141229
vt 0.718686 0.143904
vt 0.781314 0.143904
vt 0.844532 0.141229
vt 0.909555 0.136198
vt 0.977639 0.129499
vt 0.049954 0.122247
vt 0.127130 0.115958
vt 0.208478 0.112255
vt 0.291522 0.112255
vt 0.372870 0.115958
vt 0.450046 0.122247
vt 0.541347 0.082600
vt 0.605090 0.090633
vt 0.664559 0.096497
vt 0.721756 0.099567
vt 0.778244 0.099567
vt 0.835441 0.096497
vt 0.894910 0.090633
vt 0.958653 0.082600
vt 0.029354 0.073516
vt 0.110036 0.065172
vt 0.201606 0.059979
vt 0.298394 0.059979
vt 0.389964 0.065172
vt 0.470646 0.073516
vt 0.750000 0.022698
vt 0.750000 0.022698
vt 0.750000 0.022698
vt 0.750000 0.022698
vt 0.750000 0.022698
vt 0.750000 0.022698
vt 0.750000 0.022698
vt 0.750000 0.022698
vt 0.750000 0.022698
vt 0.750000 0.022698
vt 0.750000 0.022698
vt 0.750000 0.022698
vt 0.750000 0.022698
vt 0.750000 0.022698
vt 0.009085 0.063641
vt 0.009085 0.063641
vt 0.009085 0.063641
vt 0.009085 0.063641
vt 0.009085 0.063641
vt 0.009085 0.063641
vt 0.009085 0.063641
vt 0.009085 0.063641
vt 0.009085 0.063641
vt 0.009085 0.063641
vt 0.009085 0.063641
vt 0.009085 0.063641
vt 0.011686 0.050264
vt 0.989279 0.052142
vt 0.975806 0.057838
vt 0.973819 0.065038
vt 0.980609 0.071634
vt 0.992745 0.076232
vt 0.007430 0.078071
vt 0.022355 0.076884
vt 0.035262 0.072842
vt 0.043492 0.066587
vt 0.043721 0.059363
vt 0.032811 0.053131
vt 0.015164 0.040044
vt 0.965417 0.044446
vt 0.944396 0.056394
vt 0.947135 0.069760
vt 0.962159 0.081031
vt 0.983077 0.088521
vt 0.006483 0.091449
vt 0.030114 0.089563
vt 0.051805 0.083024
vt 0.068516 0.072474
vt 0.074726 0.059349
vt 0.060026 0.046651
vt 0.018161 0.035022
vt 0.947539 0.041658
vt 0.925797 0.058119
vt 0.933464 0.075236
vt 0.953396 0.089123
vt 0.978650 0.098165
vt 0.006055 0.101668
vt 0.033650 0.099415
vt 0.059579 0.091541
vt 0.081069 0.078616
vt 0.092375 0.061986
vt 0.079307 0.044831
vt 0.018161 0.036864
vt 0.947539 0.043841
vt 0.925797 0.061129
vt 0.933464 0.079069
vt 0.953396 0.093590
vt 0.978650 0.103025
vt 0.006055 0.106676
vt 0.033650 0.104328
vt 0.059579 0.096115
vt 0.081069 0.082606
vt 0.092375 0.065186
vt 0.079307 0.047176
vt 0.015164 0.046214
vt 0.965417 0.051273
vt 0.944396 0.064972
vt 0.947135 0.080224
vt 0.962159 0.093018
vt 0.983077 0.101479
vt 0.006483 0.104778
vt 0.030114 0.102654
vt 0.051805 0.095272
vt 0.068516 0.083311
vt 0.074726 0.068351
vt 0.060026 0.053805
vt 0.011686 0.061745
vt 0.989279 0.064032
vt 0.975806 0.070952
vt 0.973819 0.079668
vt 0.980609 0.087616
vt 0.992745 0.093136
vt 0.007430 0.095338
vt 0.022355 0.093917
vt 0.035262 0.089068
vt 0.043492 0.081538
vt 0.043721 0.072801
vt 0.032811 0.065235
vt 0.009085 0.079742
vt 0.009085 0.079742
vt 0.009085 0.079742
vt 0.009085 0.079742
vt 0.009085 0.079742
vt 0.009085 0.079742
vt 0.009085 0.079742
vt 0.009085 0.079742
vt 0.009085 0.079742
vt 0.009085 0.079742
vt 0.009085 0.079742
vt 0.009085 0.079742
vt 0.490915 0.063641
vt 0.490915 0.063641
vt 0.490915 0.063641
vt 0.490915 0.063641
vt 0.490915 0.063641
vt 0.490915 0.063641
vt 0.490915 0.063641
vt 0.490915 0.063641
vt 0.490915 0.063641
vt 0.490915 0.063641
vt 0.490915 0.063641
vt 0.490915 0.063641
vt 0.492570 0.078071
vt 0.507255 0.076232
vt 0.519391 0.071634
vt 0.526181 0.065038
vt 0.524194 0.057838
vt 0.510721 0.052142
vt 0.488314 0.050264
vt 0.467189 0.053131
vt 0.456279 0.059363
vt 0.456508 0.066587
vt 0.464738 0.072842
vt 0.477645 0.076884
vt 0.493517 0.091449
vt 0.516923 0.088521
vt 0.537841 0.081031
vt 0.552865 0.069760
vt 0.555604 0.056394
vt 0.534583 0.044446
vt 0.484836 0.040044
vt 0.439974 0.046651
vt 0.425274 0.059349
vt 0.431484 0.072474
vt 0.448195 0.083024
vt 0.469886 0.089563
vt 0.493945 0.101668
vt 0.521350 0.098165
vt 0.546604 0.089123
vt 0.566536 0.075236
vt 0.574203 0.058119
vt 0.552461 0.041658
vt 0.481839 0.035022
vt 0.420693 0.044831
vt 0.407625 0.061986
vt 0.418931 0.078616
vt 0.440421 0.091541
vt 0.466350 0.099415
vt 0.493945 0.106676
vt 0.521350 0.103025
vt 0.546604 0.093590
vt 0.566536 0.079069
vt 0.574203 0.061129
vt 0.552461 0.043841
vt 0.481839 0.036864
vt 0.420693 0.047176
vt 0.407625 0.065186
vt 0.418931 0.082606
vt 0.440421 0.096115
vt 0.466350 0.104328
vt 0.493517 0.104778
vt 0.516923 0.101479
vt 0.537841 0.093018
vt 0.552865 0.080224
vt 0.555604 0.064972
vt 0.534583 0.051273
vt 0.484836 0.046214
vt 0.439974 0.053805
vt 0.425274 0.068351
vt 0.431484 0.083311
vt 0.448195 0.095272
vt 0.469886 0.102654
vt 0.492570 0.095338
vt 0.507255 0.093136
vt 0.519391 0.087616
vt 0.526181 0.079668
vt 0.524194 0.070952
vt 0.510721 0.064032
vt 0.488314 0.061745
vt 0.467189 0.065235
vt 0.456279 0.072801
vt 0.456508 0.081538
vt 0.464738 0.089068
vt 0.477645 0.093917
vt 0.490915 0.079742
vt 0.490915 0.079742
vt 0.490915 0.079742
vt 0.490915 0.079742
vt 0.490915 0.079742
vt 0.490915 0.079742
vt 0.490915 0.079742
vt 0.490915 0.079742
vt 0.490915 0.079742
vt 0.490915 0.079742
vt 0.490915 0.079742
vt 0.490915 0.079742
vt 0.818399 0.114801
vt 0.818399 0.114801
vt 0.818399 0.114801
vt 0.818399 0.114801
vt 0.818399 0.114801
vt 0.818399 0.114801
vt 0.818399 0.114801
vt 0.818399 0.114801
vt 0.818399 0.114801
vt 0.818399 0.114801
vt 0.818399 0.114801
vt 0.818399 0.114801
vt 0.798380 0.110672
vt 0.799100 0.115407
vt 0.804714 0.120029
vt 0.813330 0.123582
vt 0.822786 0.125367
vt 0.831047 0.124926
vt 0.836356 0.122157
vt 0.837316 0.117522
vt 0.833138 0.112178
vt 0.824285 0.107793
vt 0.813122 0.105902
vt 0.803420 0.107075
vt 0.781068 0.110318
vt 0.783723 0.118893
vt 0.794552 0.126742
vt 0.809753 0.132699
vt 0.825800 0.135891
vt 0.839761 0.135486
vt 0.849206 0.130967
vt 0.851873 0.122696
vt 0.845620 0.112499
vt 0.829726 0.103788
vt 0.808060 0.100239
vt 0.789478 0.103097
vt 0.771100 0.112967
vt 0.775342 0.123806
vt 0.789228 0.133382
vt 0.807930 0.140616
vt 0.827311 0.144630
vt 0.844123 0.144364
vt 0.855755 0.138969
vt 0.859632 0.128596
vt 0.852755 0.115318
vt 0.833071 0.103663
vt 0.804855 0.099054
vt 0.780940 0.103285
vt 0.771100 0.117364
vt 0.775342 0.128536
vt 0.789228 0.138388
vt 0.807930 0.145817
vt 0.827311 0.149935
vt 0.844123 0.149663
vt 0.855755 0.144127
vt 0.859632 0.133466
vt 0.852755 0.119789
vt 0.833071 0.107757
vt 0.804855 0.102992
vt 0.780940 0.107366
vt 0.781068 0.122760
vt 0.783723 0.132094
vt 0.794552 0.140600
vt 0.809753 0.147030
vt 0.825800 0.150466
vt 0.839761 0.150030
vt 0.849206 0.145163
vt 0.851873 0.136220
vt 0.845620 0.125138
vt 0.829726 0.115624
vt 0.808060 0.111737
vt 0.789478 0.114868
vt 0.798380 0.129071
vt 0.799100 0.134419
vt 0.804714 0.139621
vt 0.813330 0.143605
vt 0.822786 0.145603
vt 0.831047 0.145109
vt 0.836356 0.142008
vt 0.837316 0.136802
vt 0.833138 0.130774
vt 0.824285 0.125810
vt 0.813122 0.123664
vt 0.803420 0.124996
vt 0.818399 0.135969
vt 0.818399 0.135969
vt 0.818399 0.135969
vt 0.818399 0.135969
vt 0.818399 0.135969
vt 0.818399 0.135969
vt 0.818399 0.135969
vt 0.818399 0.135969
vt 0.818399 0.135969
vt 0.818399 0.135969
vt 0.818399 0.135969
vt 0.818399 0.135969
vt 0.681601 0.114801
vt 0.681601 0.114801
vt 0.681601 0.114801
vt 0.681601 0.114801
vt 0.681601 0.114801
vt 0.681601 0.114801
vt 0.681601 0.114801
vt 0.681601 0.114801
vt 0.681601 0.114801
vt 0.681601 0.114801
vt 0.681601 0.114801
vt 0.681601 0.114801
vt 0.663644 0.122157
vt 0.668953 0.124926
vt 0.677214 0.125367
vt 0.686670 0.123582
vt 0.695286 0.120029
vt 0.700900 0.115407
vt 0.701620 0.110672
vt 0.696580 0.107075
vt 0.686878 0.105902
vt 0.675715 0.107793
vt 0.666862 0.112178
vt 0.662684 0.117522
vt 0.650794 0.130967
vt 0.660239 0.135486
vt 0.674200 0.135891
vt 0.690247 0.132699
vt 0.705448 0.126742
vt 0.716277 0.118893
vt 0.718932 0.110318
vt 0.710522 0.103097
vt 0.691940 0.100239
vt 0.670274 0.103788
vt 0.654380 0.112499
vt 0.648127 0.122696
vt 0.644245 0.138969
vt 0.655877 0.144364
vt 0.672689 0.144630
vt 0.692070 0.140616
vt 0.710772 0.133382
vt 0.724658 0.123806
vt 0.728900 0.112967
vt 0.719060 0.103285
vt 0.695145 0.099054
vt 0.666929 0.103663
vt 0.647245 0.115318
vt 0.640368 0.128596
vt 0.644245 0.144127
vt 0.655877 0.149663
vt 0.672689 0.149935
vt 0.692070 0.145817
vt 0.710772 0.138388
vt 0.724658 0.128536
vt 0.728900 0.117364
vt 0.719060 0.107366
vt 0.695145 0.102992
vt 0.666929 0.107757
vt 0.647245 0.119789
vt 0.640368 0.133466
vt 0.650794 0.145163
vt 0.660239 0.150030
vt 0.674200 0.150466
vt 0.690247 0.147030
vt 0.705448 0.140600
vt 0.716277 0.132094
vt 0.718932 0.122760
vt 0.710522 0.114868
vt 0.691940 0.111737
vt 0.670274 0.115624
vt 0.654380 0.125138
vt 0.648127 0.136220
vt 0.663644 0.142008
vt 0.668953 0.145109
vt 0.677214 0.145603
vt 0.686670 0.143605
vt 0.695286 0.139621
vt 0.700900 0.134419
vt 0.701620 0.129071
vt 0.696580 0.124996
vt 0.686878 0.123664
vt 0.675715 0.125810
vt 0.666862 0.130774
vt 0.662684 0.136802
vt 0.681601 0.135969
vt 0.681601 0.135969
vt 0.681601 0.135969
vt 0.681601 0.135969
vt 0.681601 0.135969
vt 0.681601 0.135969
vt 0.681601 0.135969
vt 0.681601 0.135969
vt 0.681601 0.135969
vt 0.681601 0.135969
vt 0.681601 0.135969
vt 0.681601 0.135969
vt 0.750000 0.138132
vt 0.750000 0.138132
vt 0.750000 0.138132
vt 0.750000 0.138132
vt 0.750000 0.138132
vt 0.750000 0.138132
vt 0.750000 0.138132
vt 0.750000 0.138132
vt 0.750000 0.138132
vt 0.750000 0.138132
vt 0.740240 0.139025
vt 0.742337 0.142689
vt 0.747124 0.144862
vt 0.752876 0.144862
vt 0.757663 0.142689
vt 0.759760 0.139025
vt 0.758152 0.135162
vt 0.753179 0.132665
vt 0.746821 0.132665
vt 0.741848 0.135162
vt 0.733137 0.141335
vt 0.737031 0.147592
vt 0.745188 0.151198
vt 0.754812 0.151198
vt 0.762969 0.147592
vt 0.766863 0.141335
vt 0.764430 0.134474
vt 0.755725 0.129882
vt 0.744275 0.129882
vt 0.735570 0.134474
vt 0.730552 0.144174
vt 0.735152 0.151425
vt 0.744512 0.155560
vt 0.755488 0.155560
vt 0.764848 0.151425
vt 0.769448 0.144174
vt 0.766793 0.136104
vt 0.756708 0.130627
vt 0.743292 0.130627
vt 0.733207 0.136104
vt 0.733137 0.146637
vt 0.737031 0.153057
vt 0.745188 0.156751
vt 0.754812 0.156751
vt 0.762969 0.153057
vt 0.766863 0.146637
vt 0.764430 0.139589
vt 0.755725 0.134866
vt 0.744275 0.134866
vt 0.735570 0.139589
vt 0.740240 0.148193
vt 0.742337 0.152025
vt 0.747124 0.154295
vt 0.752876 0.154295
vt 0.757663 0.152025
vt 0.759760 0.148193
vt 0.758152 0.144147
vt 0.753179 0.141529
vt 0.746821 0.141529
vt 0.741848 0.144147
vt 0.750000 0.148708
vt 0.750000 0.148708
vt 0.750000 0.148708
vt 0.750000 0.148708
vt 0.750000 0.148708
vt 0.750000 0.148708
vt 0.750000 0.148708
vt 0.750000 0.148708
vt 0.750000 0.148708
vt 0.750000 0.148708
vt 0.911979 0.159652
vt 0.919737 0.147481
vt 0.937828 0.144006
vt 0.958992 0.150466
vt 0.975982 0.164942
vt 0.985431 0.183346
vt 0.986976 0.201032
vt 0.981162 0.213593
vt 0.968727 0.217420
vt 0.951192 0.210934
vt 0.932055 0.195975
vt 0.917032 0.177211
vt 0.885662 0.262221
vt 0.889015 0.248965
vt 0.897655 0.241024
vt 0.908988 0.240489
vt 0.919606 0.247365
vt 0.926662 0.259676
vt 0.928647 0.274193
vt 0.925334 0.287254
vt 0.917531 0.295465
vt 0.907001 0.296472
vt 0.896334 0.289793
vt 0.888435 0.277204
vt 0.954944 0.177260
vt 0.907973 0.266889
vt 0.513024 0.201032
vt 0.514569 0.183346
vt 0.524018 0.164942
vt 0.541008 0.150466
vt 0.562172 0.144006
vt 0.580263 0.147481
vt 0.588021 0.159652
vt 0.582968 0.177211
vt 0.567945 0.195975
vt 0.548808 0.210934
vt 0.531273 0.217420
vt 0.518838 0.213593
vt 0.571353 0.274193
vt 0.573338 0.259676
vt 0.580394 0.247365
vt 0.591012 0.240489
vt 0.602345 0.241024
vt 0.610985 0.248965
vt 0.614338 0.262221
vt 0.611565 0.277204
vt 0.603666 0.289793
vt 0.592999 0.296472
vt 0.582469 0.295465
vt 0.574666 0.287254
vt 0.545056 0.177260
vt 0.592027 0.266889
vt 0.907973 0.241060
vt 0.907973 0.241060
vt 0.907973 0.241060
vt 0.907973 0.241060
vt 0.907973 0.241060
vt 0.907973 0.241060
vt 0.907973 0.241060
vt 0.907973 0.241060
vt 0.907973 0.241060
vt 0.907973 0.241060
vt 0.907973 0.241060
vt 0.907973 0.241060
vt 0.901622 0.234139
vt 0.897898 0.238734
vt 0.897090 0.244408
vt 0.899139 0.249561
vt 0.903309 0.252991
vt 0.908533 0.254019
vt 0.913633 0.252459
vt 0.917441 0.248596
vt 0.918938 0.243218
vt 0.917496 0.237630
vt 0.913247 0.233467
vt 0.907331 0.232141
vt 0.895954 0.233334
vt 0.889399 0.242213
vt 0.888489 0.252577
vt 0.892537 0.261488
vt 0.899945 0.267180
vt 0.908932 0.268852
vt 0.917736 0.266309
vt 0.924589 0.259852
vt 0.927720 0.250454
vt 0.925637 0.240122
vt 0.917994 0.231996
vt 0.906743 0.229324
vt 0.892563 0.239464
vt 0.884531 0.250987
vt 0.883783 0.263956
vt 0.889052 0.274735
vt 0.898207 0.281457
vt 0.909137 0.283407
vt 0.919863 0.280435
vt 0.928387 0.272781
vt 0.932568 0.261339
vt 0.930346 0.248309
vt 0.920854 0.237691
vt 0.906383 0.234121
vt 0.892563 0.251962
vt 0.884531 0.263477
vt 0.883783 0.276359
vt 0.889052 0.287003
vt 0.898207 0.293613
vt 0.909137 0.295527
vt 0.919863 0.292610
vt 0.928387 0.285078
vt 0.932568 0.273766
vt 0.930346 0.260807
vt 0.920854 0.250185
vt 0.906383 0.246601
vt 0.895954 0.268428
vt 0.889399 0.277241
vt 0.888489 0.287393
vt 0.892537 0.296008
vt 0.899945 0.301458
vt 0.908932 0.303051
vt 0.917736 0.300627
vt 0.924589 0.294435
vt 0.927720 0.285325
vt 0.925637 0.275175
vt 0.917994 0.267090
vt 0.906743 0.264411
vt 0.901622 0.284873
vt 0.897898 0.289360
vt 0.897090 0.294843
vt 0.899139 0.299772
vt 0.903309 0.303024
vt 0.908533 0.303995
vt 0.913633 0.302521
vt 0.917441 0.298852
vt 0.918938 0.293698
vt 0.917496 0.288286
vt 0.913247 0.284213
vt 0.907331 0.282909
vt 0.907973 0.297118
vt 0.907973 0.297118
vt 0.907973 0.297118
vt 0.907973 0.297118
vt 0.907973 0.297118
vt 0.907973 0.297118
vt 0.907973 0.297118
vt 0.907973 0.297118
vt 0.907973 0.297118
vt 0.907973 0.297118
vt 0.907973 0.297118
vt 0.907973 0.297118
vt 0.592027 0.241060
vt 0.592027 0.241060
vt 0.592027 0.241060
vt 0.592027 0.241060
vt 0.592027 0.241060
vt 0.592027 0.241060
vt 0.592027 0.241060
vt 0.592027 0.241060
vt 0.592027 0.241060
vt 0.592027 0.241060
vt 0.592027 0.241060
vt 0.592027 0.241060
vt 0.586367 0.252459
vt 0.591467 0.254019
vt 0.596691 0.252991
vt 0.600861 0.249561
vt 0.602910 0.244408
vt 0.602102 0.238734
vt 0.598378 0.234139
vt 0.592669 0.232141
vt 0.586753 0.233467
vt 0.582504 0.237630
vt 0.581062 0.243218
vt 0.582559 0.248596
vt 0.582264 0.266309
vt 0.591068 0.268852
vt 0.600055 0.267180
vt 0.607463 0.261488
vt 0.611511 0.252577
vt 0.610601 0.242213
vt 0.604046 0.233334
vt 0.593257 0.229324
vt 0.582006 0.231996
vt 0.574363 0.240122
vt 0.572280 0.250454
vt 0.575411 0.259852
vt 0.580137 0.280435
vt 0.590863 0.283407
vt 0.601793 0.281457
vt 0.610948 0.274735
vt 0.616217 0.263956
vt 0.615469 0.250987
vt 0.607437 0.239464
vt 0.593617 0.234121
vt 0.579146 0.237691
vt 0.569654 0.248309
vt 0.567432 0.261339
vt 0.571613 0.272781
vt 0.580137 0.292610
vt 0.590863 0.295527
vt 0.601793 0.293613
vt 0.610948 0.287003
vt 0.616217 0.276359
vt 0.615469 0.263477
vt 0.607437 0.251962
vt 0.593617 0.246601
vt 0.579146 0.250185
vt 0.569654 0.260807
vt 0.567432 0.273766
vt 0.571613 0.285078
vt 0.582264 0.300627
vt 0.591068 0.303051
vt 0.600055 0.301458
vt 0.607463 0.296008
vt 0.611511 0.287393
vt 0.610601 0.277241
vt 0.604046 0.268428
vt 0.593257 0.264411
vt 0.582006 0.267090
vt 0.574363 0.275175
vt 0.572280 0.285325
vt 0.575411 0.294435
vt 0.586367 0.302521
vt 0.591467 0.303995
vt 0.596691 0.303024
vt 0.600861 0.299772
vt 0.602910 0.294843
vt 0.602102 0.289360
vt 0.598378 0.284873
vt 0.592669 0.282909
vt 0.586753 0.284213
vt 0.582504 0.288286
vt 0.581062 0.293698
vt 0.582559 0.298852
vt 0.592027 0.297118
vt 0.592027 0.297118
vt 0.592027 0.297118
vt 0.592027 0.297118
vt 0.592027 0.297118
vt 0.592027 0.297118
vt 0.592027 0.297118
vt 0.592027 0.297118
vt 0.592027 0.297118
vt 0.592027 0.297118
vt 0.592027 0.297118
vt 0.592027 0.297118
vt 1.000000 0.326750
vt 1.000000 0.326750
vt 1.000000 0.326750
vt 1.000000 0.326750
vt 1.000000 0.326750
vt 1.000000 0.326750
vt 1.000000 0.326750
vt 1.000000 0.326750
vt 1.000000 0.326750
vt 1.000000 0.326750
vt 1.000000 0.326750
vt 1.000000 0.326750
vt 1.000000 0.272083
vt 0.954723 0.291201
vt 0.937098 0.325746
vt 0.941065 0.353382
vt 0.956321 0.370981
vt 0.977041 0.380469
vt 1.000000 0.383452
vt 0.022959 0.380469
vt 0.043679 0.370981
vt 0.058935 0.353382
vt 0.062902 0.325746
vt 0.045277 0.291201
vt 1.000000 0.236143
vt 0.884492 0.322860
vt 0.880626 0.387509
vt 0.902850 0.416464
vt 0.932856 0.430588
vt 0.965867 0.437327
vt 1.000000 0.439344
vt 0.034133 0.437327
vt 0.067144 0.430588
vt 0.097150 0.416464
vt 0.119374 0.387509
vt 0.115508 0.322860
vt 1.000000 0.420943
vt 0.831335 0.479414
vt 0.852048 0.489069
vt 0.885838 0.492233
vt 0.922931 0.493648
vt 0.961241 0.494302
vt 1.000000 0.494495
vt 0.038759 0.494302
vt 0.077069 0.493648
vt 0.114162 0.492233
vt 0.147952 0.489069
vt 0.168665 0.479414
vt 1.000000 0.870177
vt 0.831335 0.669915
vt 0.852048 0.596707
vt 0.885838 0.569754
vt 0.922931 0.557344
vt 0.961241 0.551553
vt 1.000000 0.549834
vt 0.038759 0.551553
vt 0.077069 0.557344
vt 0.114162 0.569754
vt 0.147952 0.596707
vt 0.168665 0.669915
vt 1.000000 0.850282
vt 0.884492 0.768202
vt 0.880626 0.686799
vt 0.902850 0.643552
vt 0.932856 0.620970
vt 0.965867 0.609881
vt 1.000000 0.606525
vt 0.034133 0.609881
vt 0.067144 0.620970
vt 0.097150 0.643552
vt 0.119374 0.686799
vt 0.115508 0.768202
vt 1.000000 0.791310
vt 0.954723 0.772194
vt 0.937098 0.735177
vt 0.941065 0.703101
vt 0.956321 0.681493
vt 0.977041 0.669463
vt 1.000000 0.665627
vt 0.022959 0.669463
vt 0.043679 0.681493
vt 0.058935 0.703101
vt 0.062902 0.735177
vt 0.045277 0.772194
vt 1.000000 0.727621
vt 1.000000 0.727621
vt 1.000000 0.727621
vt 1.000000 0.727621
vt 1.000000 0.727621
vt 1.000000 0.727621
vt 1.000000 0.727621
vt 0.000000 0.727621
vt 0.000000 0.727621
vt 0.000000 0.727621
vt 0.000000 0.727621
vt 0.000000 0.727621
vt 0.500000 0.326750
vt 0.500000 0.326750
vt 0.500000 0.326750
vt 0.500000 0.326750
vt 0.500000 0.326750
vt 0.500000 0.326750
vt 0.500000 0.326750
vt 0.500000 0.326750
vt 0.500000 0.326750
vt 0.500000 0.326750
vt 0.500000 0.326750
vt 0.500000 0.326750
vt 0.500000 0.383452
vt 0.522959 0.380469
vt 0.543679 0.370981
vt 0.558935 0.353382
vt 0.562902 0.325746
vt 0.545277 0.291201
vt 0.500000 0.272083
vt 0.454723 0.291201
vt 0.437098 0.325746
vt 0.441065 0.353382
vt 0.456321 0.370981
vt 0.477041 0.380469
vt 0.500000 0.439344
vt 0.534133 0.437327
vt 0.567144 0.430588
vt 0.597150 0.416464
vt 0.619374 0.387509
vt 0.615508 0.322860
vt 0.500000 0.236143
vt 0.384492 0.322860
vt 0.380626 0.387509
vt 0.402850 0.416464
vt 0.432856 0.430588
vt 0.465867 0.437327
vt 0.500000 0.494495
vt 0.538759 0.494302
vt 0.577069 0.493648
vt 0.614162 0.492233
vt 0.647952 0.489069
vt 0.668665 0.479414
vt 0.500000 0.420943
vt 0.331335 0.479414
vt 0.352048 0.489069
vt 0.385838 0.492233
vt 0.422931 0.493648
vt 0.461241 0.494302
vt 0.500000 0.549834
vt 0.538759 0.551553
vt 0.577069 0.557344
vt 0.614162 0.569754
vt 0.647952 0.596707
vt 0.668665 0.669915
vt 0.500000 0.870177
vt 0.331335 0.669915
vt 0.352048 0.596707
vt 0.385838 0.569754
vt 0.422931 0.557344
vt 0.461241 0.551553
vt 0.500000 0.606525
vt 0.534133 0.609881
vt 0.567144 0.620970
vt 0.597150 0.643552
vt 0.619374 0.686799
vt 0.615508 0.768202
vt 0.500000 0.850282
vt 0.384492 0.768202
vt 0.380626 0.686799
vt 0.402850 0.643552
vt 0.432856 0.620970
vt 0.465867 0.609881
vt 0.500000 0.665627
vt 0.522959 0.669463
vt 0.543679 0.681493
vt 0.558935 0.703101
vt 0.562902 0.735177
vt 0.545277 0.772194
vt 0.500000 0.791310
vt 0.454723 0.772194
vt 0.437098 0.735177
vt 0.441065 0.703101
vt 0.456321 0.681493
vt 0.477041 0.669463
vt 0.500000 0.727621
vt 0.500000 0.727621
vt 0.500000 0.727621
vt 0.500000 0.727621
vt 0.500000 0.727621
vt 0.500000 0.727621
vt 0.500000 0.727621
vt 0.500000 0.727621
vt 0.500000 0.727621
vt 0.500000 0.727621
vt 0.500000 0.727621
vt 0.500000 0.727621
vt 0.899295 0.465906
vt 0.899295 0.465906
vt 0.899295 0.465906
vt 0.899295 0.465906
vt 0.899295 0.465906
vt 0.899295 0.465906
vt 0.899295 0.465906
vt 0.899295 0.465906
vt 0.899295 0.465906
vt 0.899295 0.465906
vt 0.899295 0.465906
vt 0.899295 0.465906
vt 0.850622 0.483380
vt 0.838457 0.486692
vt 0.844792 0.488967
vt 0.860823 0.490304
vt 0.881540 0.490970
vt 0.904013 0.491112
vt 0.926040 0.490761
vt 0.945241 0.489841
vt 0.958023 0.488150
vt 0.957951 0.485413
vt 0.935012 0.481962
vt 0.889022 0.480678
vt 0.785439 0.579969
vt 0.787711 0.551455
vt 0.810635 0.538979
vt 0.840388 0.532922
vt 0.872863 0.530148
vt 0.906278 0.529574
vt 0.939459 0.531001
vt 0.971087 0.534939
vt 0.998752 0.543084
vt 0.015960 0.560383
vt 0.996968 0.601728
vt 0.864680 0.636809
vt 0.741344 0.701948
vt 0.762596 0.629238
vt 0.795479 0.597822
vt 0.831723 0.582603
vt 0.869251 0.575637
vt 0.907218 0.574195
vt 0.945075 0.577779
vt 0.982207 0.587668
vt 0.017444 0.608146
vt 0.047347 0.651818
vt 0.053363 0.759750
vt 0.819385 0.869256
vt 0.741344 0.786596
vt 0.762596 0.702103
vt 0.795479 0.658555
vt 0.831723 0.635907
vt 0.869251 0.625222
vt 0.907218 0.622987
vt 0.945075 0.628528
vt 0.982207 0.643553
vt 0.017444 0.673349
vt 0.047347 0.730694
vt 0.053363 0.840218
vt 0.819385 0.920779
vt 0.785439 0.830252
vt 0.787711 0.761695
vt 0.810635 0.717152
vt 0.840388 0.691194
vt 0.872863 0.678267
vt 0.906278 0.675507
vt 0.939459 0.682313
vt 0.971087 0.700177
vt 0.998752 0.733060
vt 0.015960 0.787353
vt 0.996968 0.863336
vt 0.864680 0.898386
vt 0.850622 0.827897
vt 0.838457 0.795161
vt 0.844792 0.765894
vt 0.860823 0.745348
vt 0.881540 0.734046
vt 0.904013 0.731536
vt 0.926040 0.737664
vt 0.945241 0.752774
vt 0.958023 0.777166
vt 0.957951 0.809008
vt 0.935012 0.839190
vt 0.889022 0.848313
vt 0.899295 0.790126
vt 0.899295 0.790126
vt 0.899295 0.790126
vt 0.899295 0.790126
vt 0.899295 0.790126
vt 0.899295 0.790126
vt 0.899295 0.790126
vt 0.899295 0.790126
vt 0.899295 0.790126
vt 0.899295 0.790126
vt 0.899295 0.790126
vt 0.899295 0.790126
vt 0.600705 0.465906
vt 0.600705 0.465906
vt 0.600705 0.465906
vt 0.600705 0.465906
vt 0.600705 0.465906
vt 0.600705 0.465906
vt 0.600705 0.465906
vt 0.600705 0.465906
vt 0.600705 0.465906
vt 0.600705 0.465906
vt 0.600705 0.465906
vt 0.600705 0.465906
vt 0.573960 0.490761
vt 0.595987 0.491112
vt 0.618460 0.490970
vt 0.639177 0.490304
vt 0.655208 0.488967
vt 0.661543 0.486692
vt 0.649378 0.483380
vt 0.610978 0.480678
vt 0.564988 0.481962
vt 0.542049 0.485413
vt 0.541977 0.488150
vt 0.554759 0.489841
vt 0.560541 0.531001
vt 0.593722 0.529574
vt 0.627137 0.530148
vt 0.659612 0.532922
vt 0.689365 0.538979
vt 0.712289 0.551455
vt 0.714561 0.579969
vt 0.635320 0.636809
vt 0.503032 0.601728
vt 0.484040 0.560383
vt 0.501248 0.543084
vt 0.528913 0.534939
vt 0.554925 0.577779
vt 0.592782 0.574195
vt 0.630749 0.575637
vt 0.668277 0.582603
vt 0.704521 0.597822
vt 0.737404 0.629238
vt 0.758656 0.701948
vt 0.680615 0.869256
vt 0.446637 0.759750
vt 0.452653 0.651818
vt 0.482556 0.608146
vt 0.517793 0.587668
vt 0.554925 0.628528
vt 0.592782 0.622987
vt 0.630749 0.625222
vt 0.668277 0.635907
vt 0.704521 0.658555
vt 0.737404 0.702103
vt 0.758656 0.786596
vt 0.680615 0.920779
vt 0.446637 0.840218
vt 0.452653 0.730694
vt 0.482556 0.673349
vt 0.517793 0.643553
vt 0.560541 0.682313
vt 0.593722 0.675507
vt 0.627137 0.678267
vt 0.659612 0.691194
vt 0.689365 0.717152
vt 0.712289 0.761695
vt 0.714561 0.830252
vt 0.635320 0.898386
vt 0.503032 0.863336
vt 0.484040 0.787353
vt 0.501248 0.733060
vt 0.528913 0.700177
vt 0.573960 0.737664
vt 0.595987 0.731536
vt 0.618460 0.734046
vt 0.639177 0.745348
vt 0.655208 0.765894
vt 0.661543 0.795161
vt 0.649378 0.827897
vt 0.610978 0.848313
vt 0.564988 0.839190
vt 0.542049 0.809008
vt 0.541977 0.777166
vt 0.554759 0.752774
vt 0.600705 0.790126
vt 0.600705 0.790126
vt 0.600705 0.790126
vt 0.600705 0.790126
vt 0.600705 0.790126
vt 0.600705 0.790126
vt 0.600705 0.790126
vt 0.600705 0.790126
vt 0.600705 0.790126
vt 0.600705 0.790126
vt 0.600705 0.790126
vt 0.600705 0.790126
vt 0.901284 0.921120
vt 0.875833 0.827942
vt 0.899000 0.694048
vt 0.926409 0.619947
vt 0.949531 0.612047
vt 0.968606 0.638348
vt 0.985030 0.680918
vt 0.999925 0.731281
vt 0.013846 0.784880
vt 0.026041 0.838596
vt 0.030749 0.889214
vt 0.999627 0.928879
vt 0.770148 0.757172
vt 0.776505 0.711489
vt 0.795039 0.673044
vt 0.818864 0.652849
vt 0.841992 0.654427
vt 0.860474 0.674449
vt 0.872053 0.706730
vt 0.874833 0.744730
vt 0.866170 0.781500
vt 0.843507 0.808307
vt 0.810405 0.814884
vt 0.781651 0.795902
vt 0.973716 0.767703
vt 0.829473 0.737738
vt 0.514970 0.680918
vt 0.531394 0.638348
vt 0.550469 0.612047
vt 0.573591 0.619947
vt 0.601000 0.694048
vt 0.624167 0.827942
vt 0.598716 0.921120
vt 0.500373 0.928879
vt 0.469251 0.889214
vt 0.473959 0.838596
vt 0.486154 0.784880
vt 0.500075 0.731281
vt 0.627947 0.706730
vt 0.639526 0.674449
vt 0.658008 0.654427
vt 0.681136 0.652849
vt 0.704961 0.673044
vt 0.723495 0.711489
vt 0.729852 0.757172
vt 0.718349 0.795902
vt 0.689595 0.814884
vt 0.656493 0.808307
vt 0.633830 0.781500
vt 0.625167 0.744730
vt 0.526284 0.767703
vt 0.670527 0.737738
vt 0.809029 0.670953
vt 0.809029 0.670953
vt 0.809029 0.670953
vt 0.809029 0.670953
vt 0.809029 0.670953
vt 0.809029 0.670953
vt 0.809029 0.670953
vt 0.809029 0.670953
vt 0.809029 0.670953
vt 0.809029 0.670953
vt 0.809029 0.670953
vt 0.809029 0.670953
vt 0.780812 0.683443
vt 0.781780 0.670149
vt 0.789082 0.660176
vt 0.800158 0.654599
vt 0.812723 0.653635
vt 0.824681 0.657296
vt 0.833855 0.665496
vt 0.837778 0.677639
vt 0.833959 0.691597
vt 0.821457 0.702616
vt 0.803740 0.704863
vt 0.788324 0.696905
vt 0.756587 0.700130
vt 0.761905 0.676275
vt 0.776085 0.660534
vt 0.794718 0.652368
vt 0.814966 0.650996
vt 0.834564 0.656265
vt 0.851019 0.668734
vt 0.860715 0.689249
vt 0.857855 0.716906
vt 0.835539 0.743190
vt 0.797518 0.749205
vt 0.766880 0.728968
vt 0.742936 0.718935
vt 0.751784 0.689206
vt 0.769830 0.670474
vt 0.792167 0.660987
vt 0.816012 0.659408
vt 0.839254 0.665497
vt 0.859519 0.680154
vt 0.873024 0.705152
vt 0.872515 0.741052
vt 0.845720 0.778421
vt 0.792814 0.787576
vt 0.752771 0.757727
vt 0.742936 0.737883
vt 0.751784 0.707329
vt 0.769830 0.687730
vt 0.792167 0.677706
vt 0.816012 0.676031
vt 0.839254 0.682479
vt 0.859519 0.697891
vt 0.873024 0.723802
vt 0.872515 0.760176
vt 0.845720 0.797010
vt 0.792814 0.805881
vt 0.752771 0.776739
vt 0.756587 0.753360
vt 0.761905 0.727629
vt 0.776085 0.709910
vt 0.794718 0.700483
vt 0.814966 0.698884
vt 0.834564 0.705002
vt 0.851019 0.719215
vt 0.860715 0.741789
vt 0.857855 0.770674
vt 0.835539 0.796576
vt 0.797518 0.802305
vt 0.766880 0.782740
vt 0.780812 0.760375
vt 0.781780 0.745540
vt 0.789082 0.733984
vt 0.800158 0.727358
vt 0.812723 0.726200
vt 0.824681 0.730577
vt 0.833855 0.740195
vt 0.837778 0.753977
vt 0.833959 0.769163
vt 0.821457 0.780676
vt 0.803740 0.782976
vt 0.788324 0.774760
vt 0.809029 0.755560
vt 0.809029 0.755560
vt 0.809029 0.755560
vt 0.809029 0.755560
vt 0.809029 0.755560
vt 0.809029 0.755560
vt 0.809029 0.755560
vt 0.809029 0.755560
vt 0.809029 0.755560
vt 0.809029 0.755560
vt 0.809029 0.755560
vt 0.809029 0.755560
vt 0.690971 0.670953
vt 0.690971 0.670953
vt 0.690971 0.670953
vt 0.690971 0.670953
vt 0.690971 0.670953
vt 0.690971 0.670953
vt 0.690971 0.670953
vt 0.690971 0.670953
vt 0.690971 0.670953
vt 0.690971 0.670953
vt 0.690971 0.670953
vt 0.690971 0.670953
vt 0.666145 0.665496
vt 0.675319 0.657296
vt 0.687277 0.653635
vt 0.699842 0.654599
vt 0.710918 0.660176
vt 0.718220 0.670149
vt 0.719188 0.683443
vt 0.711676 0.696905
vt 0.696260 0.704863
vt 0.678543 0.702616
vt 0.666041 0.691597
vt 0.662222 0.677639
vt 0.648981 0.668734
vt 0.665436 0.656265
vt 0.685034 0.650996
vt 0.705282 0.652368
vt 0.723915 0.660534
vt 0.738095 0.676275
vt 0.743413 0.700130
vt 0.733120 0.728968
vt 0.702482 0.749205
vt 0.664461 0.743190
vt 0.642145 0.716906
vt 0.639285 0.689249
vt 0.640481 0.680154
vt 0.660746 0.665497
vt 0.683988 0.659408
vt 0.707833 0.660987
vt 0.730170 0.670474
vt 0.748216 0.689206
vt 0.757064 0.718935
vt 0.747229 0.757727
vt 0.707186 0.787576
vt 0.654280 0.778421
vt 0.627485 0.741052
vt 0.626976 0.705152
vt 0.640481 0.697891
vt 0.660746 0.682479
vt 0.683988 0.676031
vt 0.707833 0.677706
vt 0.730170 0.687730
vt 0.748216 0.707329
vt 0.757064 0.737883
vt 0.747229 0.776739
vt 0.707186 0.805881
vt 0.654280 0.797010
vt 0.627485 0.760176
vt 0.626976 0.723802
vt 0.648981 0.719215
vt 0.665436 0.705002
vt 0.685034 0.698884
vt 0.705282 0.700483
vt 0.723915 0.709910
vt 0.738095 0.727629
vt 0.743413 0.753360
vt 0.733120 0.782740
vt 0.702482 0.802305
vt 0.664461 0.796576
vt 0.642145 0.770674
vt 0.639285 0.741789
vt 0.666145 0.740195
vt 0.675319 0.730577
vt 0.687277 0.726200
vt 0.699842 0.727358
vt 0.710918 0.733984
vt 0.718220 0.745540
vt 0.719188 0.760375
vt 0.711676 0.774760
vt 0.696260 0.782976
vt 0.678543 0.780676
vt 0.666041 0.769163
vt 0.662222 0.753977
vt 0.690971 0.755560
vt 0.690971 0.755560
vt 0.690971 0.755560
vt 0.690971 0.755560
vt 0.690971 0.755560
vt 0.690971 0.755560
vt 0.690971 0.755560
vt 0.690971 0.755560
vt 0.690971 0.755560
vt 0.690971 0.755560
vt 0.690971 0.755560
vt 0.690971 0.755560
vt 0.250000 0.514681
vt 0.250000 0.514681
vt 0.250000 0.514681
vt 0.250000 0.514681
vt 0.250000 0.514681
vt 0.250000 0.514681
vt 0.250000 0.514681
vt 0.250000 0.514681
vt 0.250000 0.514681
vt 0.250000 0.514681
vt 0.264650 0.522432
vt 0.262541 0.523741
vt 0.254975 0.524674
vt 0.245025 0.524674
vt 0.237459 0.523741
vt 0.235350 0.522432
vt 0.238745 0.521318
vt 0.245828 0.520707
vt 0.254172 0.520707
vt 0.261255 0.521318
vt 0.275232 0.543253
vt 0.272569 0.547794
vt 0.259263 0.551437
vt 0.240737 0.551437
vt 0.227431 0.547794
vt 0.224768 0.543253
vt 0.231269 0.539800
vt 0.243179 0.538039
vt 0.256821 0.538039
vt 0.268731 0.539800
vt 0.279055 0.571032
vt 0.276419 0.579565
vt 0.260996 0.586680
vt 0.239004 0.586680
vt 0.223581 0.579565
vt 0.220945 0.571032
vt 0.228684 0.564763
vt 0.242282 0.561630
vt 0.257718 0.561630
vt 0.271316 0.564763
vt 0.275232 0.598300
vt 0.272569 0.608019
vt 0.259263 0.615695
vt 0.240737 0.615695
vt 0.227431 0.608019
vt 0.224768 0.598300
vt 0.231269 0.590808
vt 0.243179 0.586954
vt 0.256821 0.586954
vt 0.268731 0.590808
vt 0.264650 0.618088
vt 0.262541 0.624338
vt 0.254975 0.628737
vt 0.245025 0.628737
vt 0.237459 0.624338
vt 0.235350 0.618088
vt 0.238745 0.612696
vt 0.245828 0.609712
vt 0.254172 0.609712
vt 0.261255 0.612696
vt 0.250000 0.625318
vt 0.250000 0.625318
vt 0.250000 0.625318
vt 0.250000 0.625318
vt 0.250000 0.625318
vt 0.250000 0.625318
vt 0.250000 0.625318
vt 0.250000 0.625318
vt 0.250000 0.625318
vt 0.250000 0.625318
vt 0.905646 0.265350
vt 0.905646 0.265350
vt 0.905646 0.265350
vt 0.905646 0.265350
vt 0.905646 0.265350
vt 0.905646 0.265350
vt 0.905646 0.265350
vt 0.905646 0.265350
vt 0.905646 0.265350
vt 0.905646 0.265350
vt 0.901200 0.259784
vt 0.898685 0.263460
vt 0.898924 0.268023
vt 0.901629 0.271731
vt 0.905710 0.273353
vt 0.909751 0.272389
vt 0.912362 0.269112
vt 0.912515 0.264581
vt 0.909958 0.260494
vt 0.905575 0.258605
vt 0.897709 0.257285
vt 0.893442 0.263907
vt 0.894108 0.271788
vt 0.898862 0.277961
vt 0.905754 0.280615
vt 0.912560 0.279067
vt 0.917119 0.273645
vt 0.917626 0.265858
vt 0.913318 0.258545
vt 0.905518 0.255083
vt 0.896378 0.258672
vt 0.891494 0.266420
vt 0.892368 0.275489
vt 0.897883 0.282494
vt 0.905769 0.285486
vt 0.913549 0.283752
vt 0.918825 0.277615
vt 0.919511 0.268673
vt 0.914593 0.260139
vt 0.905497 0.256060
vt 0.897709 0.263638
vt 0.893442 0.270237
vt 0.894108 0.278077
vt 0.898862 0.284206
vt 0.905754 0.286839
vt 0.912560 0.285303
vt 0.917119 0.279921
vt 0.917626 0.272180
vt 0.913318 0.264894
vt 0.905518 0.261442
vt 0.901200 0.270762
vt 0.898685 0.274411
vt 0.898924 0.278932
vt 0.901629 0.282599
vt 0.905710 0.284202
vt 0.909751 0.283250
vt 0.912362 0.280010
vt 0.912515 0.275522
vt 0.909958 0.271467
vt 0.905575 0.269590
vt 0.905646 0.277968
vt 0.905646 0.277968
vt 0.905646 0.277968
vt 0.905646 0.277968
vt 0.905646 0.277968
vt 0.905646 0.277968
vt 0.905646 0.277968
vt 0.905646 0.277968
vt 0.905646 0.277968
vt 0.905646 0.277968
vt 0.908914 0.277488
vt 0.908914 0.277488
vt 0.908914 0.277488
vt 0.908914 0.277488
vt 0.908914 0.277488
vt 0.908914 0.277488
vt 0.908914 0.277488
vt 0.908914 0.277488
vt 0.908914 0.277488
vt 0.908914 0.277488
vt 0.907142 0.275416
vt 0.905894 0.276973
vt 0.905821 0.278930
vt 0.906913 0.280538
vt 0.908738 0.281219
vt 0.910627 0.280739
vt 0.911890 0.279263
vt 0.912040 0.277314
vt 0.910980 0.275632
vt 0.909098 0.274896
vt 0.905806 0.275110
vt 0.903656 0.277853
vt 0.903578 0.281240
vt 0.905486 0.283973
vt 0.908613 0.285116
vt 0.911845 0.284311
vt 0.914041 0.281809
vt 0.914347 0.278449
vt 0.912533 0.275493
vt 0.909237 0.274183
vt 0.905309 0.276697
vt 0.902832 0.279879
vt 0.902762 0.283780
vt 0.904972 0.286905
vt 0.908568 0.288208
vt 0.912283 0.287291
vt 0.914822 0.284432
vt 0.915195 0.280568
vt 0.913111 0.277143
vt 0.909289 0.275618
vt 0.905806 0.279768
vt 0.903656 0.282496
vt 0.903578 0.285863
vt 0.905486 0.288578
vt 0.908613 0.289714
vt 0.911845 0.288914
vt 0.914041 0.286428
vt 0.914347 0.283089
vt 0.912533 0.280149
vt 0.909237 0.278845
vt 0.907142 0.283465
vt 0.905894 0.285007
vt 0.905821 0.286944
vt 0.906913 0.288535
vt 0.908738 0.289208
vt 0.910627 0.288734
vt 0.911890 0.287273
vt 0.912040 0.285345
vt 0.910980 0.283679
vt 0.909098 0.282950
vt 0.908914 0.286752
vt 0.908914 0.286752
vt 0.908914 0.286752
vt 0.908914 0.286752
vt 0.908914 0.286752
vt 0.908914 0.286752
vt 0.908914 0.286752
vt 0.908914 0.286752
vt 0.908914 0.286752
vt 0.908914 0.286752
vt 0.902239 0.267685
vt 0.902239 0.267685
vt 0.902239 0.267685
vt 0.902239 0.267685
vt 0.902239 0.267685
vt 0.902239 0.267685
vt 0.902239 0.267685
vt 0.902239 0.267685
vt 0.902239 0.267685
vt 0.902239 0.267685
vt 0.900231 0.265504
vt 0.898977 0.267231
vt 0.898991 0.269332
vt 0.900223 0.271007
vt 0.902192 0.271657
vt 0.904178 0.271061
vt 0.905456 0.269422
vt 0.905529 0.267323
vt 0.904326 0.265563
vt 0.902288 0.264857
vt 0.898716 0.265130
vt 0.896562 0.268173
vt 0.896640 0.271807
vt 0.898791 0.274650
vt 0.902159 0.275741
vt 0.905554 0.274741
vt 0.907782 0.271960
vt 0.907963 0.268334
vt 0.905899 0.265234
vt 0.902326 0.263975
vt 0.898151 0.266707
vt 0.895672 0.270239
vt 0.895785 0.274426
vt 0.898275 0.277678
vt 0.902147 0.278922
vt 0.906050 0.277782
vt 0.908627 0.274602
vt 0.908859 0.270425
vt 0.906486 0.266828
vt 0.902340 0.265360
vt 0.898716 0.269829
vt 0.896562 0.272862
vt 0.896640 0.276480
vt 0.898791 0.279309
vt 0.902159 0.280395
vt 0.905554 0.279400
vt 0.907782 0.276633
vt 0.907963 0.273022
vt 0.905899 0.269933
vt 0.902326 0.268678
vt 0.900231 0.273631
vt 0.898977 0.275347
vt 0.898991 0.277433
vt 0.900223 0.279094
vt 0.902192 0.279740
vt 0.904178 0.279148
vt 0.905456 0.277522
vt 0.905529 0.275438
vt 0.904326 0.273690
vt 0.902288 0.272988
vt 0.902239 0.277048
vt 0.902239 0.277048
vt 0.902239 0.277048
vt 0.902239 0.277048
vt 0.902239 0.277048
vt 0.902239 0.277048
vt 0.902239 0.277048
vt 0.902239 0.277048
vt 0.902239 0.277048
vt 0.902239 0.277048
vt 0.894664 0.257497
vt 0.894664 0.257497
vt 0.894664 0.257497
vt 0.894664 0.257497
vt 0.894664 0.257497
vt 0.894664 0.257497
vt 0.894664 0.257497
vt 0.894664 0.257497
vt 0.894664 0.257497
vt 0.894664 0.257497
vt 0.892379 0.255226
vt 0.891135 0.257139
vt 0.891260 0.259386
vt 0.892657 0.261115
vt 0.894783 0.261712
vt 0.896867 0.260976
vt 0.898148 0.259157
vt 0.898121 0.256903
vt 0.896748 0.255077
vt 0.894539 0.254426
vt 0.890654 0.254796
vt 0.888525 0.258167
vt 0.888802 0.262048
vt 0.891235 0.264979
vt 0.894867 0.265981
vt 0.898430 0.264746
vt 0.900669 0.261657
vt 0.900686 0.257755
vt 0.898326 0.254530
vt 0.894443 0.253366
vt 0.890011 0.256360
vt 0.887564 0.260275
vt 0.887911 0.264749
vt 0.890724 0.268102
vt 0.894898 0.269245
vt 0.898992 0.267837
vt 0.901585 0.264299
vt 0.901631 0.259798
vt 0.898914 0.256050
vt 0.894407 0.254690
vt 0.890654 0.259518
vt 0.888525 0.262884
vt 0.888802 0.266757
vt 0.891235 0.269678
vt 0.894867 0.270678
vt 0.898430 0.269446
vt 0.900669 0.266366
vt 0.900686 0.262473
vt 0.898326 0.259253
vt 0.894443 0.258090
vt 0.892379 0.263401
vt 0.891135 0.265308
vt 0.891260 0.267546
vt 0.892657 0.269266
vt 0.894783 0.269861
vt 0.896867 0.269129
vt 0.898148 0.267318
vt 0.898121 0.265073
vt 0.896748 0.263253
vt 0.894539 0.262603
vt 0.894664 0.266926
vt 0.894664 0.266926
vt 0.894664 0.266926
vt 0.894664 0.266926
vt 0.894664 0.266926
vt 0.894664 0.266926
vt 0.894664 0.266926
vt 0.894664 0.266926
vt 0.894664 0.266926
vt 0.894664 0.266926
vt 0.594354 0.265350
vt 0.594354 0.265350
vt 0.594354 0.265350
vt 0.594354 0.265350
vt 0.594354 0.265350
vt 0.594354 0.265350
vt 0.594354 0.265350
vt 0.594354 0.265350
vt 0.594354 0.265350
vt 0.594354 0.265350
vt 0.590249 0.272389
vt 0.594290 0.273353
vt 0.598371 0.271731
vt 0.601076 0.268023
vt 0.601315 0.263460
vt 0.598800 0.259784
vt 0.594425 0.258605
vt 0.590042 0.260494
vt 0.587485 0.264581
vt 0.587638 0.269112
vt 0.587440 0.279067
vt 0.594246 0.280615
vt 0.601138 0.277961
vt 0.605892 0.271788
vt 0.606558 0.263907
vt 0.602291 0.257285
vt 0.594482 0.255083
vt 0.586682 0.258545
vt 0.582374 0.265858
vt 0.582881 0.273645
vt 0.586451 0.283752
vt 0.594231 0.285486
vt 0.602117 0.282494
vt 0.607632 0.275489
vt 0.608506 0.266420
vt 0.603622 0.258672
vt 0.594503 0.256060
vt 0.585407 0.260139
vt 0.580489 0.268673
vt 0.581175 0.277615
vt 0.587440 0.285303
vt 0.594246 0.286839
vt 0.601138 0.284206
vt 0.605892 0.278077
vt 0.606558 0.270237
vt 0.602291 0.263638
vt 0.594482 0.261442
vt 0.586682 0.264894
vt 0.582374 0.272180
vt 0.582881 0.279921
vt 0.590249 0.283250
vt 0.594290 0.284202
vt 0.598371 0.282599
vt 0.601076 0.278932
vt 0.601315 0.274411
vt 0.598800 0.270762
vt 0.594425 0.269590
vt 0.590042 0.271467
vt 0.587485 0.275522
vt 0.587638 0.280010
vt 0.594354 0.277968
vt 0.594354 0.277968
vt 0.594354 0.277968
vt 0.594354 0.277968
vt 0.594354 0.277968
vt 0.594354 0.277968
vt 0.594354 0.277968
vt 0.594354 0.277968
vt 0.594354 0.277968
vt 0.594354 0.277968
vt 0.605336 0.257497
vt 0.605336 0.257497
vt 0.605336 0.257497
vt 0.605336 0.257497
vt 0.605336 0.257497
vt 0.605336 0.257497
vt 0.605336 0.257497
vt 0.605336 0.257497
vt 0.605336 0.257497
vt 0.605336 0.257497
vt 0.603133 0.260976
vt 0.605217 0.261712
vt 0.607343 0.261115
vt 0.608740 0.259386
vt 0.608865 0.257139
vt 0.607621 0.255226
vt 0.605461 0.254426
vt 0.603252 0.255077
vt 0.601879 0.256903
vt 0.601852 0.259157
vt 0.601570 0.264746
vt 0.605133 0.265981
vt 0.608765 0.264979
vt 0.611198 0.262048
vt 0.611475 0.258167
vt 0.609346 0.254796
vt 0.605557 0.253366
vt 0.601674 0.254530
vt 0.599314 0.257755
vt 0.599331 0.261657
vt 0.601008 0.267837
vt 0.605102 0.269245
vt 0.609276 0.268102
vt 0.612089 0.264749
vt 0.612436 0.260275
vt 0.609989 0.256360
vt 0.605593 0.254690
vt 0.601086 0.256050
vt 0.598369 0.259798
vt 0.598415 0.264299
vt 0.601570 0.269446
vt 0.605133 0.270678
vt 0.608765 0.269678
vt 0.611198 0.266757
vt 0.611475 0.262884
vt 0.609346 0.259518
vt 0.605557 0.258090
vt 0.601674 0.259253
vt 0.599314 0.262473
vt 0.599331 0.266366
vt 0.603133 0.269129
vt 0.605217 0.269861
vt 0.607343 0.269266
vt 0.608740 0.267546
vt 0.608865 0.265308
vt 0.607621 0.263401
vt 0.605461 0.262603
vt 0.603252 0.263253
vt 0.601879 0.265073
vt 0.601852 0.267318
vt 0.605336 0.266926
vt 0.605336 0.266926
vt 0.605336 0.266926
vt 0.605336 0.266926
vt 0.605336 0.266926
vt 0.605336 0.266926
vt 0.605336 0.266926
vt 0.605336 0.266926
vt 0.605336 0.266926
vt 0.605336 0.266926
vt 0.597761 0.267685
vt 0.597761 0.267685
vt 0.597761 0.267685
vt 0.597761 0.267685
vt 0.597761 0.267685
vt 0.597761 0.267685
vt 0.597761 0.267685
vt 0.597761 0.267685
vt 0.597761 0.267685
vt 0.597761 0.267685
vt 0.595822 0.271061
vt 0.597808 0.271657
vt 0.599777 0.271007
vt 0.601009 0.269332
vt 0.601023 0.267231
vt 0.599769 0.265504
vt 0.597712 0.264857
vt 0.595674 0.265563
vt 0.594471 0.267323
vt 0.594544 0.269422
vt 0.594446 0.274741
vt 0.597841 0.275741
vt 0.601209 0.274650
vt 0.603360 0.271807
vt 0.603438 0.268173
vt 0.601284 0.265130
vt 0.597674 0.263975
vt 0.594101 0.265234
vt 0.592037 0.268334
vt 0.592218 0.271960
vt 0.593950 0.277782
vt 0.597853 0.278922
vt 0.601725 0.277678
vt 0.604215 0.274426
vt 0.604328 0.270239
vt 0.601849 0.266707
vt 0.597660 0.265360
vt 0.593514 0.266828
vt 0.591141 0.270425
vt 0.591373 0.274602
vt 0.594446 0.279400
vt 0.597841 0.280395
vt 0.601209 0.279309
vt 0.603360 0.276480
vt 0.603438 0.272862
vt 0.601284 0.269829
vt 0.597674 0.268678
vt 0.594101 0.269933
vt 0.592037 0.273022
vt 0.592218 0.276633
vt 0.595822 0.279148
vt 0.597808 0.279740
vt 0.599777 0.279094
vt 0.601009 0.277433
vt 0.601023 0.275347
vt 0.599769 0.273631
vt 0.597712 0.272988
vt 0.595674 0.273690
vt 0.594471 0.275438
vt 0.594544 0.277522
vt 0.597761 0.277048
vt 0.597761 0.277048
vt 0.597761 0.277048
vt 0.597761 0.277048
vt 0.597761 0.277048
vt 0.597761 0.277048
vt 0.597761 0.277048
vt 0.597761 0.277048
vt 0.597761 0.277048
vt 0.597761 0.277048
vt 0.591086 0.277488
vt 0.591086 0.277488
vt 0.591086 0.277488
vt 0.591086 0.277488
vt 0.591086 0.277488
vt 0.591086 0.277488
vt 0.591086 0.277488
vt 0.591086 0.277488
vt 0.591086 0.277488
vt 0.591086 0.277488
vt 0.589373 0.280739
vt 0.591262 0.281219
vt 0.593087 0.280538
vt 0.594179 0.278930
vt 0.594106 0.276973
vt 0.592858 0.275416
vt 0.590902 0.274896
vt 0.589020 0.275632
vt 0.587960 0.277314
vt 0.588110 0.279263
vt 0.588155 0.284311
vt 0.591387 0.285116
vt 0.594514 0.283973
vt 0.596422 0.281240
vt 0.596344 0.277853
vt 0.594194 0.275110
vt 0.590763 0.274183
vt 0.587467 0.275493
vt 0.585653 0.278449
vt 0.585959 0.281809
vt 0.587717 0.287291
vt 0.591432 0.288208
vt 0.595028 0.286905
vt 0.597238 0.283780
vt 0.597168 0.279879
vt 0.594691 0.276697
vt 0.590711 0.275618
vt 0.586889 0.277143
vt 0.584805 0.280568
vt 0.585178 0.284432
vt 0.588155 0.288914
vt 0.591387 0.289714
vt 0.594514 0.288578
vt 0.596422 0.285863
vt 0.596344 0.282496
vt 0.594194 0.279768
vt 0.590763 0.278845
vt 0.587467 0.280149
vt 0.585653 0.283089
vt 0.585959 0.286428
vt 0.589373 0.288734
vt 0.591262 0.289208
vt 0.593087 0.288535
vt 0.594179 0.286944
vt 0.594106 0.285007
vt 0.592858 0.283465
vt 0.590902 0.282950
vt 0.589020 0.283679
vt 0.587960 0.285345
vt 0.588110 0.287273
vt 0.591086 0.286752
vt 0.591086 0.286752
vt 0.591086 0.286752
vt 0.591086 0.286752
vt 0.591086 0.286752
vt 0.591086 0.286752
vt 0.591086 0.286752
vt 0.591086 0.286752
vt 0.591086 0.286752
vt 0.591086 0.286752
vt 0.804852 0.709320
vt 0.804852 0.709320
vt 0.804852 0.709320
vt 0.804852 0.709320
vt 0.804852 0.709320
vt 0.804852 0.709320
vt 0.804852 0.709320
vt 0.804852 0.709320
vt 0.804852 0.709320
vt 0.804852 0.709320
vt 0.794697 0.713798
vt 0.795064 0.707985
vt 0.798974 0.703445
vt 0.804840 0.701549
vt 0.810685 0.702802
vt 0.814564 0.706907
vt 0.814942 0.712667
vt 0.811311 0.717959
vt 0.804867 0.720375
vt 0.798387 0.718687
vt 0.787013 0.719262
vt 0.788124 0.709195
vt 0.795004 0.701743
vt 0.804831 0.698709
vt 0.814597 0.700674
vt 0.821368 0.707364
vt 0.822480 0.717278
vt 0.816444 0.726962
vt 0.804878 0.731560
vt 0.793204 0.728284
vt 0.784154 0.724580
vt 0.785635 0.712918
vt 0.793616 0.704436
vt 0.804828 0.701008
vt 0.815960 0.703211
vt 0.823792 0.710809
vt 0.825265 0.722272
vt 0.818415 0.733706
vt 0.804883 0.739210
vt 0.791205 0.735260
vt 0.787013 0.728500
vt 0.788124 0.718316
vt 0.795004 0.710755
vt 0.804831 0.707671
vt 0.814597 0.709668
vt 0.821368 0.716460
vt 0.822480 0.726496
vt 0.816444 0.736263
vt 0.804878 0.740888
vt 0.793204 0.737593
vt 0.794697 0.729766
vt 0.795064 0.723837
vt 0.798974 0.719190
vt 0.804840 0.717246
vt 0.810685 0.718531
vt 0.814564 0.722735
vt 0.814942 0.728614
vt 0.811311 0.733997
vt 0.804867 0.736449
vt 0.798387 0.734736
vt 0.804852 0.727689
vt 0.804852 0.727689
vt 0.804852 0.727689
vt 0.804852 0.727689
vt 0.804852 0.727689
vt 0.804852 0.727689
vt 0.804852 0.727689
vt 0.804852 0.727689
vt 0.804852 0.727689
vt 0.804852 0.727689
vt 0.818196 0.698359
vt 0.818196 0.698359
vt 0.818196 0.698359
vt 0.818196 0.698359
vt 0.818196 0.698359
vt 0.818196 0.698359
vt 0.818196 0.698359
vt 0.818196 0.698359
vt 0.818196 0.698359
vt 0.818196 0.698359
vt 0.814084 0.701030
vt 0.813842 0.698408
vt 0.815236 0.696194
vt 0.817700 0.695164
vt 0.820340 0.695654
vt 0.822212 0.697506
vt 0.822598 0.700091
vt 0.821281 0.702444
vt 0.818720 0.703597
vt 0.815944 0.703044
vt 0.811016 0.704821
vt 0.810689 0.700240
vt 0.813145 0.696472
vt 0.817354 0.694749
vt 0.821845 0.695566
vt 0.825091 0.698694
vt 0.825849 0.703166
vt 0.823621 0.707348
vt 0.819123 0.709439
vt 0.814223 0.708432
vt 0.809881 0.708729
vt 0.809542 0.703400
vt 0.812395 0.699055
vt 0.817230 0.697080
vt 0.822384 0.698016
vt 0.826132 0.701613
vt 0.827044 0.706797
vt 0.824496 0.711692
vt 0.819275 0.714157
vt 0.813578 0.712968
vt 0.811016 0.711704
vt 0.810689 0.707067
vt 0.813145 0.703248
vt 0.817354 0.701500
vt 0.821845 0.702330
vt 0.825091 0.705501
vt 0.825849 0.710029
vt 0.823621 0.714260
vt 0.819123 0.716373
vt 0.814223 0.715356
vt 0.814084 0.712928
vt 0.813842 0.710249
vt 0.815236 0.707985
vt 0.817700 0.706930
vt 0.820340 0.707432
vt 0.822212 0.709327
vt 0.822598 0.711969
vt 0.821281 0.714371
vt 0.818720 0.715547
vt 0.815944 0.714983
vt 0.818196 0.712055
vt 0.818196 0.712055
vt 0.818196 0.712055
vt 0.818196 0.712055
vt 0.818196 0.712055
vt 0.818196 0.712055
vt 0.818196 0.712055
vt 0.818196 0.712055
vt 0.818196 0.712055
vt 0.818196 0.712055
vt 0.802970 0.704173
vt 0.802970 0.704173
vt 0.802970 0.704173
vt 0.802970 0.704173
vt 0.802970 0.704173
vt 0.802970 0.704173
vt 0.802970 0.704173
vt 0.802970 0.704173
vt 0.802970 0.704173
vt 0.802970 0.704173
vt 0.798541 0.706535
vt 0.798567 0.703779
vt 0.800236 0.701601
vt 0.802886 0.700752
vt 0.805566 0.701508
vt 0.807315 0.703624
vt 0.807448 0.706374
vt 0.805835 0.708716
vt 0.803059 0.709672
vt 0.800247 0.708819
vt 0.795249 0.710100
vt 0.795395 0.705307
vt 0.798312 0.701618
vt 0.802827 0.700203
vt 0.807390 0.701462
vt 0.810441 0.705042
vt 0.810771 0.709815
vt 0.808019 0.713993
vt 0.803128 0.715731
vt 0.798168 0.714180
vt 0.794033 0.713941
vt 0.794244 0.708379
vt 0.797624 0.704134
vt 0.802806 0.702514
vt 0.808042 0.703956
vt 0.811573 0.708073
vt 0.811997 0.713609
vt 0.808838 0.718503
vt 0.803154 0.720552
vt 0.797389 0.718723
vt 0.795249 0.717041
vt 0.795395 0.712196
vt 0.798312 0.708462
vt 0.802827 0.707029
vt 0.807390 0.708305
vt 0.810441 0.711928
vt 0.810771 0.716753
vt 0.808019 0.720972
vt 0.803128 0.722725
vt 0.798168 0.721160
vt 0.798541 0.718541
vt 0.798567 0.715732
vt 0.800236 0.713510
vt 0.802886 0.712644
vt 0.805566 0.713416
vt 0.807315 0.715575
vt 0.807448 0.718377
vt 0.805835 0.720760
vt 0.803059 0.721732
vt 0.800247 0.720865
vt 0.802970 0.718006
vt 0.802970 0.718006
vt 0.802970 0.718006
vt 0.802970 0.718006
vt 0.802970 0.718006
vt 0.802970 0.718006
vt 0.802970 0.718006
vt 0.802970 0.718006
vt 0.802970 0.718006
vt 0.802970 0.718006
vt 0.786670 0.708717
vt 0.786670 0.708717
vt 0.786670 0.708717
vt 0.786670 0.708717
vt 0.786670 0.708717
vt 0.786670 0.708717
vt 0.786670 0.708717
vt 0.786670 0.708717
vt 0.786670 0.708717
vt 0.786670 0.708717
vt 0.781983 0.710676
vt 0.782313 0.707842
vt 0.784255 0.705766
vt 0.787058 0.705152
vt 0.789725 0.706197
vt 0.791293 0.708563
vt 0.791129 0.711427
vt 0.789212 0.713686
vt 0.786257 0.714381
vt 0.783473 0.713205
vt 0.778515 0.713940
vt 0.779190 0.709039
vt 0.782562 0.705538
vt 0.787329 0.704517
vt 0.791875 0.706259
vt 0.794633 0.710273
vt 0.794457 0.715264
vt 0.791160 0.719310
vt 0.785939 0.720577
vt 0.781038 0.718440
vt 0.777239 0.717681
vt 0.778061 0.712006
vt 0.781958 0.707986
vt 0.787425 0.706818
vt 0.792645 0.708812
vt 0.795845 0.713429
vt 0.795688 0.719225
vt 0.791891 0.723967
vt 0.785819 0.725461
vt 0.780126 0.722944
vt 0.778515 0.720918
vt 0.779190 0.715969
vt 0.782562 0.712430
vt 0.787329 0.711396
vt 0.791875 0.713159
vt 0.794633 0.717215
vt 0.794457 0.722255
vt 0.791160 0.726333
vt 0.785939 0.727609
vt 0.781038 0.725456
vt 0.781983 0.722753
vt 0.782313 0.719871
vt 0.784255 0.717758
vt 0.787058 0.717132
vt 0.789725 0.718197
vt 0.791293 0.720605
vt 0.791129 0.723517
vt 0.789212 0.725809
vt 0.786257 0.726515
vt 0.783473 0.725322
vt 0.786670 0.722644
vt 0.786670 0.722644
vt 0.786670 0.722644
vt 0.786670 0.722644
vt 0.786670 0.722644
vt 0.786670 0.722644
vt 0.786670 0.722644
vt 0.786670 0.722644
vt 0.786670 0.722644
vt 0.786670 0.722644
vt 0.695148 0.709320
vt 0.695148 0.709320
vt 0.695148 0.709320
vt 0.695148 0.709320
vt 0.695148 0.709320
vt 0.695148 0.709320
vt 0.695148 0.709320
vt 0.695148 0.709320
vt 0.695148 0.709320
vt 0.695148 0.709320
vt 0.685436 0.706907
vt 0.689315 0.702802
vt 0.695160 0.701549
vt 0.701026 0.703445
vt 0.704936 0.707985
vt 0.705303 0.713798
vt 0.701613 0.718687
vt 0.695133 0.720375
vt 0.688689 0.717959
vt 0.685058 0.712667
vt 0.678632 0.707364
vt 0.685403 0.700674
vt 0.695169 0.698709
vt 0.704996 0.701743
vt 0.711876 0.709195
vt 0.712987 0.719262
vt 0.706796 0.728284
vt 0.695122 0.731560
vt 0.683556 0.726962
vt 0.677520 0.717278
vt 0.676208 0.710809
vt 0.684040 0.703211
vt 0.695172 0.701008
vt 0.706384 0.704436
vt 0.714365 0.712918
vt 0.715846 0.724580
vt 0.708795 0.735260
vt 0.695117 0.739210
vt 0.681585 0.733706
vt 0.674735 0.722272
vt 0.678632 0.716460
vt 0.685403 0.709668
vt 0.695169 0.707671
vt 0.704996 0.710755
vt 0.711876 0.718316
vt 0.712987 0.728500
vt 0.706796 0.737593
vt 0.695122 0.740888
vt 0.683556 0.736263
vt 0.677520 0.726496
vt 0.685436 0.722735
vt 0.689315 0.718531
vt 0.695160 0.717246
vt 0.701026 0.719190
vt 0.704936 0.723837
vt 0.705303 0.729766
vt 0.701613 0.734736
vt 0.695133 0.736449
vt 0.688689 0.733997
vt 0.685058 0.728614
vt 0.695148 0.727689
vt 0.695148 0.727689
vt 0.695148 0.727689
vt 0.695148 0.727689
vt 0.695148 0.727689
vt 0.695148 0.727689
vt 0.695148 0.727689
vt 0.695148 0.727689
vt 0.695148 0.727689
vt 0.695148 0.727689
vt 0.713330 0.708717
vt 0.713330 0.708717
vt 0.713330 0.708717
vt 0.713330 0.708717
vt 0.713330 0.708717
vt 0.713330 0.708717
vt 0.713330 0.708717
vt 0.713330 0.708717
vt 0.713330 0.708717
vt 0.713330 0.708717
vt 0.708707 0.708563
vt 0.710275 0.706197
vt 0.712942 0.705152
vt 0.715745 0.705766
vt 0.717687 0.707842
vt 0.718017 0.710676
vt 0.716527 0.713205
vt 0.713743 0.714381
vt 0.710788 0.713686
vt 0.708871 0.711427
vt 0.705367 0.710273
vt 0.708125 0.706259
vt 0.712671 0.704517
vt 0.717438 0.705538
vt 0.720810 0.709039
vt 0.721485 0.713940
vt 0.718962 0.718440
vt 0.714061 0.720577
vt 0.708840 0.719310
vt 0.705543 0.715264
vt 0.704155 0.713429
vt 0.707355 0.708812
vt 0.712575 0.706818
vt 0.718042 0.707986
vt 0.721939 0.712006
vt 0.722761 0.717681
vt 0.719874 0.722944
vt 0.714181 0.725461
vt 0.708109 0.723967
vt 0.704312 0.719225
vt 0.705367 0.717215
vt 0.708125 0.713159
vt 0.712671 0.711396
vt 0.717438 0.712430
vt 0.720810 0.715969
vt 0.721485 0.720918
vt 0.718962 0.725456
vt 0.714061 0.727609
vt 0.708840 0.726333
vt 0.705543 0.722255
vt 0.708707 0.720605
vt 0.710275 0.718197
vt 0.712942 0.717132
vt 0.715745 0.717758
vt 0.717687 0.719871
vt 0.718017 0.722753
vt 0.716527 0.725322
vt 0.713743 0.726515
vt 0.710788 0.725809
vt 0.708871 0.723517
vt 0.713330 0.722644
vt 0.713330 0.722644
vt 0.713330 0.722644
vt 0.713330 0.722644
vt 0.713330 0.722644
vt 0.713330 0.722644
vt 0.713330 0.722644
vt 0.713330 0.722644
vt 0.713330 0.722644
vt 0.713330 0.722644
vt 0.697030 0.704173
vt 0.697030 0.704173
vt 0.697030 0.704173
vt 0.697030 0.704173
vt 0.697030 0.704173
vt 0.697030 0.704173
vt 0.697030 0.704173
vt 0.697030 0.704173
vt 0.697030 0.704173
vt 0.697030 0.704173
vt 0.692685 0.703624
vt 0.694434 0.701508
vt 0.697114 0.700752
vt 0.699764 0.701601
vt 0.701433 0.703779
vt 0.701459 0.706535
vt 0.699753 0.708819
vt 0.696941 0.709672
vt 0.694165 0.708716
vt 0.692552 0.706374
vt 0.689559 0.705042
vt 0.692610 0.701462
vt 0.697173 0.700203
vt 0.701688 0.701618
vt 0.704605 0.705307
vt 0.704751 0.710100
vt 0.701832 0.714180
vt 0.696872 0.715731
vt 0.691981 0.713993
vt 0.689229 0.709815
vt 0.688427 0.708073
vt 0.691958 0.703956
vt 0.697194 0.702514
vt 0.702376 0.704134
vt 0.705756 0.708379
vt 0.705967 0.713941
vt 0.702611 0.718723
vt 0.696846 0.720552
vt 0.691162 0.718503
vt 0.688003 0.713609
vt 0.689559 0.711928
vt 0.692610 0.708305
vt 0.697173 0.707029
vt 0.701688 0.708462
vt 0.704605 0.712196
vt 0.704751 0.717041
vt 0.701832 0.721160
vt 0.696872 0.722725
vt 0.691981 0.720972
vt 0.689229 0.716753
vt 0.692685 0.715575
vt 0.694434 0.713416
vt 0.697114 0.712644
vt 0.699764 0.713510
vt 0.701433 0.715732
vt 0.701459 0.718541
vt 0.699753 0.720865
vt 0.696941 0.721732
vt 0.694165 0.720760
vt 0.692552 0.718377
vt 0.697030 0.718006
vt 0.697030 0.718006
vt 0.697030 0.718006
vt 0.697030 0.718006
vt 0.697030 0.718006
vt 0.697030 0.718006
vt 0.697030 0.718006
vt 0.697030 0.718006
vt 0.697030 0.718006
vt 0.697030 0.718006
vt 0.681804 0.698359
vt 0.681804 0.698359
vt 0.681804 0.698359
vt 0.681804 0.698359
vt 0.681804 0.698359
vt 0.681804 0.698359
vt 0.681804 0.698359
vt 0.681804 0.698359
vt 0.681804 0.698359
vt 0.681804 0.698359
vt 0.677788 0.697506
vt 0.679660 0.695654
vt 0.682300 0.695164
vt 0.684764 0.696194
vt 0.686158 0.698408
vt 0.685916 0.701030
vt 0.684056 0.703044
vt 0.681280 0.703597
vt 0.678719 0.702444
vt 0.677402 0.700091
vt 0.674909 0.698694
vt 0.678155 0.695566
vt 0.682646 0.694749
vt 0.686855 0.696472
vt 0.689311 0.700240
vt 0.688984 0.704821
vt 0.685777 0.708432
vt 0.680877 0.709439
vt 0.676379 0.707348
vt 0.674151 0.703166
vt 0.673868 0.701613
vt 0.677616 0.698016
vt 0.682770 0.697080
vt 0.687605 0.699055
vt 0.690458 0.703400
vt 0.690119 0.708729
vt 0.686422 0.712968
vt 0.680725 0.714157
vt 0.675504 0.711692
vt 0.672956 0.706797
vt 0.674909 0.705501
vt 0.678155 0.702330
vt 0.682646 0.701500
vt 0.686855 0.703248
vt 0.689311 0.707067
vt 0.688984 0.711704
vt 0.685777 0.715356
vt 0.680877 0.716373
vt 0.676379 0.714260
vt 0.674151 0.710029
vt 0.677788 0.709327
vt 0.679660 0.707432
vt 0.682300 0.706930
vt 0.684764 0.707985
vt 0.686158 0.710249
vt 0.685916 0.712928
vt 0.684056 0.714983
vt 0.681280 0.715547
vt 0.678719 0.714371
vt 0.677402 0.711969
vt 0.681804 0.712055
vt 0.681804 0.712055
vt 0.681804 0.712055
vt 0.681804 0.712055
vt 0.681804 0.712055
vt 0.681804 0.712055
vt 0.681804 0.712055
vt 0.681804 0.712055
vt 0.681804 0.712055
vt 0.681804 0.712055

vn 0.219398 0.973783 0.060090
vn 0.175282 0.970123 0.167741
vn 0.096823 0.965617 0.241265
vn 0.000000 0.963632 0.267233
vn -0.096823 0.965617 0.241265
vn -0.175282 0.970123 0.167741
vn -0.219398 0.973783 0.060090
vn -0.219398 0.973783 -0.060090
vn -0.175282 0.970123 -0.167741
vn -0.096823 0.965617 -0.241265
vn 0.000000 0.963632 -0.267233
vn 0.096823 0.965617 -0.241265
vn 0.175282 0.970123 -0.167741
vn 0.219398 0.973783 -0.060090
vn 0.480101 0.875548 0.054031
vn 0.407683 0.864231 0.294789
vn 0.255264 0.846139 0.467856
vn 0.060016 0.834925 0.547082
vn -0.144278 0.838076 0.526130
vn -0.326140 0.853563 0.406279
vn -0.449517 0.870561 0.200145
vn -0.480101 0.875548 -0.054031
vn -0.407683 0.864231 -0.294789
vn -0.255264 0.846139 -0.467856
vn -0.060016 0.834925 -0.547082
vn 0.144278 0.838076 -0.526130
vn 0.326140 0.853563 -0.406279
vn 0.449517 0.870561 -0.200145
vn 0.747232 0.663302 0.040932
vn 0.641064 0.645804 0.414698
vn 0.407670 0.615649 0.674375
vn 0.119557 0.596169 0.793907
vn -0.180045 0.598526 0.780609
vn -0.461542 0.621532 0.632991
vn -0.675521 0.651240 0.345772
vn -0.747232 0.663302 -0.040932
vn -0.641064 0.645804 -0.414698
vn -0.407670 0.615649 -0.674375
vn -0.119557 0.596169 -0.793907
vn 0.180045 0.598526 -0.780609
vn 0.461542 0.621532 -0.632991
vn 0.675521 0.651240 -0.345772
vn 0.915180 0.402280 0.024824
vn 0.786295 0.387840 0.480957
vn 0.499250 0.362242 0.787102
vn 0.157697 0.345752 0.924980
vn -0.192881 0.346679 0.917938
vn -0.531893 0.364651 0.764277
vn -0.808512 0.390209 0.440505
vn -0.915180 0.402280 -0.024824
vn -0.786295 0.387840 -0.480957
vn -0.499250 0.362242 -0.787102
vn -0.157697 0.345752 -0.924980
vn 0.192881 0.346679 -0.917938
vn 0.531893 0.364651 -0.764277
vn 0.808512 0.390209 -0.440505
vn 0.990966 0.133857 0.008260
vn 0.854795 0.128585 0.502784
vn 0.544120 0.118919 0.830537
vn 0.179926 0.112650 0.977209
vn -0.191398 0.112753 0.975015
vn -0.554966 0.119194 0.823290
vn -0.862402 0.128865 0.489547
vn -0.990966 0.133857 -0.008260
vn -0.854795 0.128585 -0.502784
vn -0.544120 0.118919 -0.830537
vn -0.179926 0.112650 -0.977209
vn 0.191398 0.112753 -0.975015
vn 0.554966 0.119194 -0.823290
vn 0.862402 0.128865 -0.489547
vn 0.990966 -0.133857 -0.008260
vn 0.862402 -0.128865 0.489547
vn 0.554966 -0.119194 0.823290
vn 0.191398 -0.112753 0.975015
vn -0.179926 -0.112650 0.977209
vn -0.544120 -0.118919 0.830537
vn -0.854795 -0.128585 0.502784
vn -0.990966 -0.133857 0.008260
vn -0.862402 -0.128865 -0.489547
vn -0.554966 -0.119194 -0.823290
vn -0.191398 -0.112753 -0.975015
vn 0.179926 -0.112650 -0.977209
vn 0.544120 -0.118919 -0.830537
vn 0.854795 -0.128585 -0.502784
vn 0.915180 -0.402280 -0.024824
vn 0.808512 -0.390209 0.440505
vn 0.531893 -0.364651 0.764277
vn 0.192881 -0.346679 0.917938
vn -0.157697 -0.345752 0.924980
vn -0.499250 -0.362242 0.787102
vn -0.786295 -0.387840 0.480957
vn -0.915180 -0.402280 0.024824
vn -0.808512 -0.390209 -0.440505
vn -0.531893 -0.364651 -0.764277
vn -0.192881 -0.346679 -0.917938
vn 0.157697 -0.345752 -0.924980
vn 0.499250 -0.362242 -0.787102
vn 0.786295 -0.387840 -0.480957
vn 0.747232 -0.663302 -0.040932
vn 0.675521 -0.651240 0.345772
vn 0.461542 -0.621532 0.632991
vn 0.180045 -0.598526 0.780609
vn -0.119557 -0.596169 0.793907
vn -0.407670 -0.615649 0.674375
vn -0.641064 -0.645804 0.414698
vn -0.747232 -0.663302 0.040932
vn -0.675521 -0.651240 -0.345772
vn -0.461542 -0.621532 -0.632991
vn -0.180045 -0.598526 -0.780609
vn 0.119557 -0.596169 -0.793907
vn 0.407670 -0.615649 -0.674375
vn 0.641064 -0.645804 -0.414698
vn 0.480101 -0.875548 -0.054031
vn 0.449517 -0.870561 0.200145
vn 0.326140 -0.853563 0.406279
vn 0.144278 -0.838076 0.526130
vn -0.060016 -0.834925 0.547082
vn -0.255264 -0.846139 0.467856
vn -0.407683 -0.864231 0.294789
vn -0.480101 -0.875548 0.054031
vn -0.449517 -0.870561 -0.200145
vn -0.326140 -0.853563 -0.406279
vn -0.144278 -0.838076 -0.526130
vn 0.060016 -0.834925 -0.547082
vn 0.255264 -0.846139 -0.467856
vn 0.407683 -0.864231 -0.294789
vn 0.219398 -0.973783 -0.060090
vn 0.219398 -0.973783 0.060090
vn 0.175282 -0.970123 0.167741
vn 0.096823 -0.965617 0.241265
vn 0.000000 -0.963632 0.267233
vn -0.096823 -0.965617 0.241265
vn -0.175282 -0.970123 0.167741
vn -0.219398 -0.973783 0.060090
vn -0.219398 -0.973783 -0.060090
vn -0.175282 -0.970123 -0.167741
vn -0.096823 -0.965617 -0.241265
vn 0.000000 -0.963632 -0.267233
vn 0.096823 -0.965617 -0.241265
vn 0.175282 -0.970123 -0.167741
vn 0.173512 0.984035 0.039603
vn 0.139146 0.984035 0.110965
vn 0.077221 0.984035 0.160348
vn 0.000000 0.984035 0.177974
vn -0.077221 0.984035 0.160348
vn -0.139146 0.984035 0.110965
vn -0.173512 0.984035 0.039603
vn -0.173512 0.984035 -0.039603
vn -0.139146 0.984035 -0.110965
vn -0.077221 0.984035 -0.160348
vn 0.000000 0.984035 -0.177974
vn 0.077221 0.984035 -0.160348
vn 0.139146 0.984035 -0.110965
vn 0.173512 0.984035 -0.039603
vn 0.394091 0.918328 0.036959
vn 0.339028 0.918328 0.204289
vn 0.216818 0.918328 0.331156
vn 0.051662 0.918328 0.392435
vn -0.123726 0.918328 0.375986
vn -0.274608 0.918328 0.285069
vn -0.371100 0.918328 0.137692
vn -0.394091 0.918328 -0.036959
vn -0.339028 0.918328 -0.204289
vn -0.216818 0.918328 -0.331156
vn -0.051662 0.918328 -0.392435
vn 0.123726 0.918328 -0.375986
vn 0.274608 0.918328 -0.285069
vn 0.371100 0.918328 -0.137692
vn 0.661017 0.749764 0.030174
vn 0.582463 0.749764 0.313991
vn 0.388547 0.749764 0.535617
vn 0.117673 0.749764 0.651159
vn -0.176508 0.749764 0.637730
vn -0.435730 0.749764 0.497990
vn -0.608648 0.749764 0.259619
vn -0.661017 0.749764 -0.030174
vn -0.582463 0.749764 -0.313991
vn -0.388547 0.749764 -0.535617
vn -0.117673 0.749764 -0.651159
vn 0.176508 0.749764 -0.637730
vn 0.435730 0.749764 -0.497990
vn 0.608648 0.749764 -0.259619
vn 0.871717 0.489613 0.019704
vn 0.776839 0.489615 0.395977
vn 0.528100 0.489614 0.693821
vn 0.174765 0.489613 0.854246
vn -0.213186 0.489614 0.845476
vn -0.558913 0.489615 0.669249
vn -0.793939 0.489614 0.360470
vn -0.871717 0.489613 -0.019704
vn -0.776839 0.489615 -0.395977
vn -0.528100 0.489614 -0.693821
vn -0.174765 0.489613 -0.854246
vn 0.213186 0.489614 -0.845476
vn 0.558913 0.489615 -0.669249
vn 0.793939 0.489614 -0.360470
vn 0.985406 0.170081 0.006844
vn 0.884851 0.170082 0.433718
vn 0.609038 0.170083 0.774690
vn 0.212600 0.170081 0.962223
vn -0.225945 0.170080 0.959178
vn -0.619742 0.170082 0.766154
vn -0.890791 0.170082 0.421383
vn -0.985406 0.170081 -0.006844
vn -0.884851 0.170082 -0.433718
vn -0.609038 0.170083 -0.774690
vn -0.212600 0.170081 -0.962223
vn 0.225945 0.170080 -0.959178
vn 0.619742 0.170082 -0.766154
vn 0.890791 0.170082 -0.421383
vn 0.985406 -0.170081 -0.006844
vn 0.890791 -0.170082 0.421383
vn 0.619742 -0.170082 0.766154
vn 0.225945 -0.170080 0.959178
vn -0.212600 -0.170081 0.962223
vn -0.609038 -0.170083 0.774690
vn -0.884851 -0.170082 0.433718
vn -0.985406 -0.170081 0.006844
vn -0.890791 -0.170082 -0.421383
vn -0.619742 -0.170082 -0.766154
vn -0.225945 -0.170080 -0.959178
vn 0.212600 -0.170081 -0.962223
vn 0.609038 -0.170083 -0.774690
vn 0.884851 -0.170082 -0.433718
vn 0.871717 -0.489613 -0.019704
vn 0.793939 -0.489614 0.360470
vn 0.558913 -0.489615 0.669249
vn 0.213186 -0.489614 0.845476
vn -0.174765 -0.489613 0.854246
vn -0.528100 -0.489614 0.693821
vn -0.776839 -0.489615 0.395977
vn -0.871717 -0.489613 0.019704
vn -0.793939 -0.489614 -0.360470
vn -0.558913 -0.489615 -0.669249
vn -0.213186 -0.489614 -0.845476
vn 0.174765 -0.489613 -0.854246
vn 0.528100 -0.489614 -0.693821
vn 0.776839 -0.489615 -0.395977
vn 0.661017 -0.749764 -0.030174
vn 0.608648 -0.749764 0.259619
vn 0.435730 -0.749764 0.497990
vn 0.176508 -0.749764 0.637730
vn -0.117673 -0.749764 0.651159
vn -0.388547 -0.749764 0.535617
vn -0.582463 -0.749764 0.313991
vn -0.661017 -0.749764 0.030174
vn -0.608648 -0.749764 -0.259619
vn -0.435730 -0.749764 -0.497990
vn -0.176508 -0.749764 -0.637730
vn 0.117673 -0.749764 -0.651159
vn 0.388547 -0.749764 -0.535617
vn 0.582463 -0.749764 -0.313991
vn 0.394091 -0.918328 -0.036959
vn 0.371100 -0.918328 0.137692
vn 0.274608 -0.918328 0.285069
vn 0.123726 -0.918328 0.375986
vn -0.051662 -0.918328 0.392435
vn -0.216818 -0.918328 0.331156
vn -0.339028 -0.918328 0.204289
vn -0.394091 -0.918328 0.036959
vn -0.371100 -0.918328 -0.137692
vn -0.274608 -0.918328 -0.285069
vn -0.123726 -0.918328 -0.375986
vn 0.051662 -0.918328 -0.392435
vn 0.216818 -0.918328 -0.331156
vn 0.339028 -0.918328 -0.204289
vn 0.173512 -0.984035 -0.039603
vn 0.173512 -0.984035 0.039603
vn 0.139146 -0.984035 0.110965
vn 0.077221 -0.984035 0.160348
vn 0.000000 -0.984035 0.177974
vn -0.077221 -0.984035 0.160348
vn -0.139146 -0.984035 0.110965
vn -0.173512 -0.984035 0.039603
vn -0.173512 -0.984035 -0.039603
vn -0.139146 -0.984035 -0.110965
vn -0.077221 -0.984035 -0.160348
vn 0.000000 -0.984035 -0.177974
vn 0.077221 -0.984035 -0.160348
vn 0.139146 -0.984035 -0.110965
vn 0.222131 0.973199 0.059518
vn 0.162610 0.973199 0.162610
vn 0.059518 0.973199 0.222131
vn -0.059518 0.973199 0.222131
vn -0.162610 0.973199 0.162610
vn -0.222131 0.973199 0.059518
vn -0.222131 0.973199 -0.059518
vn -0.162610 0.973199 -0.162610
vn -0.059518 0.973199 -0.222131
vn 0.059518 0.973199 -0.222131
vn 0.162610 0.973199 -0.162610
vn 0.222131 0.973199 -0.059518
vn 0.495806 0.866814 0.053014
vn 0.402877 0.866813 0.293812
vn 0.201993 0.866813 0.455888
vn -0.053014 0.866814 0.495806
vn -0.293812 0.866813 0.402877
vn -0.455888 0.866813 0.201993
vn -0.495806 0.866814 -0.053014
vn -0.402877 0.866813 -0.293812
vn -0.201993 0.866813 -0.455888
vn 0.053014 0.866814 -0.495806
vn 0.293812 0.866813 -0.402877
vn 0.455888 0.866813 -0.201993
vn 0.797967 0.601577 0.036792
vn 0.672664 0.601578 0.430845
vn 0.367124 0.601574 0.709456
vn -0.036792 0.601577 0.797967
vn -0.430845 0.601578 0.672664
vn -0.709456 0.601574 0.367124
vn -0.797967 0.601577 -0.036792
vn -0.672664 0.601578 -0.430845
vn -0.367124 0.601574 -0.709456
vn 0.036792 0.601577 -0.797967
vn 0.430845 0.601578 -0.672664
vn 0.709456 0.601574 -0.367124
vn 0.976548 0.214899 0.013142
vn 0.839144 0.214901 0.499656
vn 0.476890 0.214901 0.852287
vn -0.013142 0.214899 0.976548
vn -0.499656 0.214901 0.839144
vn -0.852287 0.214901 0.476890
vn -0.976548 0.214899 -0.013142
vn -0.839144 0.214901 -0.499656
vn -0.476890 0.214901 -0.852287
vn 0.013142 0.214899 -0.976548
vn 0.499656 0.214901 -0.839144
vn 0.852287 0.214901 -0.476890
vn 0.976548 -0.214899 -0.013142
vn 0.852287 -0.214901 0.476890
vn 0.499656 -0.214901 0.839144
vn 0.013142 -0.214899 0.976548
vn -0.476890 -0.214901 0.852287
vn -0.839144 -0.214901 0.499656
vn -0.976548 -0.214899 0.013142
vn -0.852287 -0.214901 -0.476890
vn -0.499656 -0.214901 -0.839144
vn -0.013142 -0.214899 -0.976548
vn 0.476890 -0.214901 -0.852287
vn 0.839144 -0.214901 -0.499656
vn 0.797967 -0.601577 -0.036792
vn 0.709456 -0.601574 0.367124
vn 0.430845 -0.601578 0.672664
vn 0.036792 -0.601577 0.797967
vn -0.367124 -0.601574 0.709456
vn -0.672664 -0.601578 0.430845
vn -0.797967 -0.601577 0.036792
vn -0.709456 -0.601574 -0.367124
vn -0.430845 -0.601578 -0.672664
vn -0.036792 -0.601577 -0.797967
vn 0.367124 -0.601574 -0.709456
vn 0.672664 -0.601578 -0.430845
vn 0.495806 -0.866814 -0.053014
vn 0.455888 -0.866813 0.201993
vn 0.293812 -0.866813 0.402877
vn 0.053014 -0.866814 0.495806
vn -0.201993 -0.866813 0.455888
vn -0.402877 -0.866813 0.293812
vn -0.495806 -0.866814 0.053014
vn -0.455888 -0.866813 -0.201993
vn -0.293812 -0.866813 -0.402877
vn -0.053014 -0.866814 -0.495806
vn 0.201993 -0.866813 -0.455888
vn 0.402877 -0.866813 -0.293812
vn 0.222131 -0.973199 -0.059518
vn 0.222131 -0.973199 0.059518
vn 0.162610 -0.973199 0.162610
vn 0.059518 -0.973199 0.222131
vn -0.059518 -0.973199 0.222131
vn -0.162610 -0.973199 0.162610
vn -0.222131 -0.973199 0.059518
vn -0.222131 -0.973199 -0.059518
vn -0.162610 -0.973199 -0.162610
vn -0.059518 -0.973199 -0.222131
vn 0.059518 -0.973199 -0.222131
vn 0.162610 -0.973199 -0.162610
vn 0.222131 0.973199 0.059518
vn 0.162610 0.973199 0.162610
vn 0.059518 0.973199 0.222131
vn -0.059518 0.973199 0.222131
vn -0.162610 0.973199 0.162610
vn -0.222131 0.973199 0.059518
vn -0.222131 0.973199 -0.059518
vn -0.162610 0.973199 -0.162610
vn -0.059518 0.973199 -0.222131
vn 0.059518 0.973199 -0.222131
vn 0.162610 0.973199 -0.162610
vn 0.222131 0.973199 -0.059518
vn 0.495806 0.866814 0.053014
vn 0.402877 0.866813 0.293812
vn 0.201993 0.866813 0.455888
vn -0.053014 0.866814 0.495806
vn -0.293812 0.866813 0.402877
vn -0.455888 0.866813 0.201993
vn -0.495806 0.866814 -0.053014
vn -0.402877 0.866813 -0.293812
vn -0.201993 0.866813 -0.455888
vn 0.053014 0.866814 -0.495806
vn 0.293812 0.866813 -0.402877
vn 0.455888 0.866813 -0.201993
vn 0.797967 0.601577 0.036792
vn 0.672664 0.601578 0.430845
vn 0.367124 0.601574 0.709456
vn -0.036792 0.601577 0.797967
vn -0.430845 0.601578 0.672664
vn -0.709456 0.601574 0.367124
vn -0.797967 0.601577 -0.036792
vn -0.672664 0.601578 -0.430845
vn -0.367124 0.601574 -0.709456
vn 0.036792 0.601577 -0.797967
vn 0.430845 0.601578 -0.672664
vn 0.709456 0.601574 -0.367124
vn 0.976548 0.214899 0.013142
vn 0.839144 0.214901 0.499656
vn 0.476890 0.214901 0.852287
vn -0.013142 0.214899 0.976548
vn -0.499656 0.214901 0.839144
vn -0.852287 0.214901 0.476890
vn -0.976548 0.214899 -0.013142
vn -0.839144 0.214901 -0.499656
vn -0.476890 0.214901 -0.852287
vn 0.013142 0.214899 -0.976548
vn 0.499656 0.214901 -0.839144
vn 0.852287 0.214901 -0.476890
vn 0.976548 -0.214899 -0.013142
vn 0.852287 -0.214901 0.476890
vn 0.499656 -0.214901 0.839144
vn 0.013142 -0.214899 0.976548
vn -0.476890 -0.214901 0.852287
vn -0.839144 -0.214901 0.499656
vn -0.976548 -0.214899 0.013142
vn -0.852287 -0.214901 -0.476890
vn -0.499656 -0.214901 -0.839144
vn -0.013142 -0.214899 -0.976548
vn 0.476890 -0.214901 -0.852287
vn 0.839144 -0.214901 -0.499656
vn 0.797967 -0.601577 -0.036792
vn 0.709456 -0.601574 0.367124
vn 0.430845 -0.601578 0.672664
vn 0.036792 -0.601577 0.797967
vn -0.367124 -0.601574 0.709456
vn -0.672664 -0.601578 0.430845
vn -0.797967 -0.601577 0.036792
vn -0.709456 -0.601574 -0.367124
vn -0.430845 -0.601578 -0.672664
vn -0.036792 -0.601577 -0.797967
vn 0.367124 -0.601574 -0.709456
vn 0.672664 -0.601578 -0.430845
vn 0.495806 -0.866814 -0.053014
vn 0.455888 -0.866813 0.201993
vn 0.293812 -0.866813 0.402877
vn 0.053014 -0.866814 0.495806
vn -0.201993 -0.866813 0.455888
vn -0.402877 -0.866813 0.293812
vn -0.495806 -0.866814 0.053014
vn -0.455888 -0.866813 -0.201993
vn -0.293812 -0.866813 -0.402877
vn -0.053014 -0.866814 -0.495806
vn 0.201993 -0.866813 -0.455888
vn 0.402877 -0.866813 -0.293812
vn 0.222131 -0.973199 -0.059518
vn 0.222131 -0.973199 0.059518
vn 0.162610 -0.973199 0.162610
vn 0.059518 -0.973199 0.222131
vn -0.059518 -0.973199 0.222131
vn -0.162610 -0.973199 0.162610
vn -0.222131 -0.973199 0.059518
vn -0.222131 -0.973199 -0.059518
vn -0.162610 -0.973199 -0.162610
vn -0.059518 -0.973199 -0.222131
vn 0.059518 -0.973199 -0.222131
vn 0.162610 -0.973199 -0.162610
vn 0.168293 0.983093 0.072146
vn 0.121954 0.973166 0.195129
vn 0.044197 0.963534 0.263912
vn -0.044197 0.963534 0.263912
vn -0.121954 0.973166 0.195129
vn -0.168293 0.983093 0.072146
vn -0.168293 0.983093 -0.072146
vn -0.121954 0.973166 -0.195129
vn -0.044197 0.963534 -0.263912
vn 0.044197 0.963534 -0.263912
vn 0.121954 0.973166 -0.195129
vn 0.168293 0.983093 -0.072146
vn 0.393349 0.916923 0.067290
vn 0.307270 0.881495 0.358540
vn 0.146205 0.836579 0.527976
vn -0.037787 0.823885 0.565495
vn -0.216740 0.852592 0.475511
vn -0.355116 0.900287 0.251746
vn -0.393349 0.916923 -0.067290
vn -0.307270 0.881495 -0.358540
vn -0.146205 0.836579 -0.527976
vn 0.037787 0.823885 -0.565495
vn 0.216740 0.852592 -0.475511
vn 0.355116 0.900287 -0.251746
vn 0.704324 0.707974 0.051958
vn 0.536668 0.639932 0.549977
vn 0.255371 0.557952 0.789605
vn -0.024394 0.531815 0.846509
vn -0.305620 0.568975 0.763455
vn -0.580873 0.656729 0.480930
vn -0.704324 0.707974 -0.051958
vn -0.536668 0.639932 -0.549977
vn -0.255371 0.557952 -0.789605
vn 0.024394 0.531815 -0.846509
vn 0.305620 0.568975 -0.763455
vn 0.580873 0.656729 -0.480930
vn 0.959345 0.281479 0.020659
vn 0.702864 0.239992 0.669616
vn 0.323807 0.194543 0.925906
vn -0.008276 0.180369 0.983564
vn -0.342007 0.196121 0.919004
vn -0.722720 0.242964 0.647027
vn -0.959345 0.281479 -0.020659
vn -0.702864 0.239992 -0.669616
vn -0.323807 0.194543 -0.925906
vn 0.008276 0.180369 -0.983564
vn 0.342007 0.196121 -0.919004
vn 0.722720 0.242964 -0.647027
vn 0.959345 -0.281479 -0.020659
vn 0.722720 -0.242964 0.647027
vn 0.342007 -0.196121 0.919004
vn 0.008276 -0.180369 0.983564
vn -0.323807 -0.194543 0.925906
vn -0.702864 -0.239992 0.669616
vn -0.959345 -0.281479 0.020659
vn -0.722720 -0.242964 -0.647027
vn -0.342007 -0.196121 -0.919004
vn -0.008276 -0.180369 -0.983564
vn 0.323807 -0.194543 -0.925906
vn 0.702864 -0.239992 -0.669616
vn 0.704324 -0.707974 -0.051958
vn 0.580873 -0.656729 0.480930
vn 0.305620 -0.568975 0.763455
vn 0.024394 -0.531815 0.846509
vn -0.255371 -0.557952 0.789605
vn -0.536668 -0.639932 0.549977
vn -0.704324 -0.707974 0.051958
vn -0.580873 -0.656729 -0.480930
vn -0.305620 -0.568975 -0.763455
vn -0.024394 -0.531815 -0.846509
vn 0.255371 -0.557952 -0.789605
vn 0.536668 -0.639932 -0.549977
vn 0.393349 -0.916923 -0.067290
vn 0.355116 -0.900287 0.251746
vn 0.216740 -0.852592 0.475511
vn 0.037787 -0.823885 0.565495
vn -0.146205 -0.836579 0.527976
vn -0.307270 -0.881495 0.358540
vn -0.393349 -0.916923 0.067290
vn -0.355116 -0.900287 -0.251746
vn -0.216740 -0.852592 -0.475511
vn -0.037787 -0.823885 -0.565495
vn 0.146205 -0.836579 -0.527976
vn 0.307270 -0.881495 -0.358540
vn 0.168293 -0.983093 -0.072146
vn 0.168293 -0.983093 0.072146
vn 0.121954 -0.973166 0.195129
vn 0.044197 -0.963534 0.263912
vn -0.044197 -0.963534 0.263912
vn -0.121954 -0.973166 0.195129
vn -0.168293 -0.983093 0.072146
vn -0.168293 -0.983093 -0.072146
vn -0.121954 -0.973166 -0.195129
vn -0.044197 -0.963534 -0.263912
vn 0.044197 -0.963534 -0.263912
vn 0.121954 -0.973166 -0.195129
vn 0.168293 0.983093 0.072146
vn 0.121954 0.973166 0.195129
vn 0.044197 0.963534 0.263912
vn -0.044197 0.963534 0.263912
vn -0.121954 0.973166 0.195129
vn -0.168293 0.983093 0.072146
vn -0.168293 0.983093 -0.072146
vn -0.121954 0.973166 -0.195129
vn -0.044197 0.963534 -0.263912
vn 0.044197 0.963534 -0.263912
vn 0.121954 0.973166 -0.195129
vn 0.168293 0.983093 -0.072146
vn 0.393349 0.916923 0.067290
vn 0.307270 0.881495 0.358540
vn 0.146205 0.836579 0.527976
vn -0.037787 0.823885 0.565495
vn -0.216740 0.852592 0.475511
vn -0.355116 0.900287 0.251746
vn -0.393349 0.916923 -0.067290
vn -0.307270 0.881495 -0.358540
vn -0.146205 0.836579 -0.527976
vn 0.037787 0.823885 -0.565495
vn 0.216740 0.852592 -0.475511
vn 0.355116 0.900287 -0.251746
vn 0.704324 0.707974 0.051958
vn 0.536668 0.639932 0.549977
vn 0.255371 0.557952 0.789605
vn -0.024394 0.531815 0.846509
vn -0.305620 0.568975 0.763455
vn -0.580873 0.656729 0.480930
vn -0.704324 0.707974 -0.051958
vn -0.536668 0.639932 -0.549977
vn -0.255371 0.557952 -0.789605
vn 0.024394 0.531815 -0.846509
vn 0.305620 0.568975 -0.763455
vn 0.580873 0.656729 -0.480930
vn 0.959345 0.281479 0.020659
vn 0.702864 0.239992 0.669616
vn 0.323807 0.194543 0.925906
vn -0.008276 0.180369 0.983564
vn -0.342007 0.196121 0.919004
vn -0.722720 0.242964 0.647027
vn -0.959345 0.281479 -0.020659
vn -0.702864 0.239992 -0.669616
vn -0.323807 0.194543 -0.925906
vn 0.008276 0.180369 -0.983564
vn 0.342007 0.196121 -0.919004
vn 0.722720 0.242964 -0.647027
vn 0.959345 -0.281479 -0.020659
vn 0.722720 -0.242964 0.647027
vn 0.342007 -0.196121 0.919004
vn 0.008276 -0.180369 0.983564
vn -0.323807 -0.194543 0.925906
vn -0.702864 -0.239992 0.669616
vn -0.959345 -0.281479 0.020659
vn -0.722720 -0.242964 -0.647027
vn -0.342007 -0.196121 -0.919004
vn -0.008276 -0.180369 -0.983564
vn 0.323807 -0.194543 -0.925906
vn 0.702864 -0.239992 -0.669616
vn 0.704324 -0.707974 -0.051958
vn 0.580873 -0.656729 0.480930
vn 0.305620 -0.568975 0.763455
vn 0.024394 -0.531815 0.846509
vn -0.255371 -0.557952 0.789605
vn -0.536668 -0.639932 0.549977
vn -0.704324 -0.707974 0.051958
vn -0.580873 -0.656729 -0.480930
vn -0.305620 -0.568975 -0.763455
vn -0.024394 -0.531815 -0.846509
vn 0.255371 -0.557952 -0.789605
vn 0.536668 -0.639932 -0.549977
vn 0.393349 -0.916923 -0.067290
vn 0.355116 -0.900287 0.251746
vn 0.216740 -0.852592 0.475511
vn 0.037787 -0.823885 0.565495
vn -0.146205 -0.836579 0.527976
vn -0.307270 -0.881495 0.358540
vn -0.393349 -0.916923 0.067290
vn -0.355116 -0.900287 -0.251746
vn -0.216740 -0.852592 -0.475511
vn -0.037787 -0.823885 -0.565495
vn 0.146205 -0.836579 -0.527976
vn 0.307270 -0.881495 -0.358540
vn 0.168293 -0.983093 -0.072146
vn 0.168293 -0.983093 0.072146
vn 0.121954 -0.973166 0.195129
vn 0.044197 -0.963534 0.263912
vn -0.044197 -0.963534 0.263912
vn -0.121954 -0.973166 0.195129
vn -0.168293 -0.983093 0.072146
vn -0.168293 -0.983093 -0.072146
vn -0.121954 -0.973166 -0.195129
vn -0.044197 -0.963534 -0.263912
vn 0.044197 -0.963534 -0.263912
vn 0.121954 -0.973166 -0.195129
vn 0.187512 0.979687 0.071075
vn 0.115434 0.975866 0.185364
vn 0.000000 0.973527 0.228573
vn -0.115434 0.975866 0.185364
vn -0.187512 0.979687 0.071075
vn -0.187512 0.979687 -0.071075
vn -0.115434 0.975866 -0.185364
vn 0.000000 0.973527 -0.228573
vn 0.115434 0.975866 -0.185364
vn 0.187512 0.979687 -0.071075
vn 0.441454 0.894932 0.064928
vn 0.319311 0.880790 0.349642
vn 0.080791 0.866029 0.493424
vn -0.184130 0.870288 0.456831
vn -0.386872 0.888080 0.248282
vn -0.441454 0.894932 -0.064928
vn -0.319311 0.880790 -0.349642
vn -0.080791 0.866029 -0.493424
vn 0.184130 0.870288 -0.456831
vn 0.386872 0.888080 -0.248282
vn 0.795902 0.603838 0.043813
vn 0.595841 0.578603 0.556949
vn 0.190902 0.548304 0.814198
vn -0.257108 0.551197 0.793774
vn -0.644244 0.584129 0.493704
vn -0.795902 0.603838 -0.043813
vn -0.595841 0.578603 -0.556949
vn -0.190902 0.548304 -0.814198
vn 0.257108 0.551197 -0.793774
vn 0.644244 0.584129 -0.493704
vn 1.000000 -0.000000 -0.000000
vn 0.762826 -0.000001 0.646604
vn 0.268290 0.000001 0.963338
vn -0.268290 -0.000001 0.963338
vn -0.762826 0.000001 0.646604
vn -1.000000 0.000000 0.000000
vn -0.762826 -0.000001 -0.646604
vn -0.268290 0.000001 -0.963338
vn 0.268290 -0.000001 -0.963338
vn 0.762826 0.000001 -0.646604
vn 0.795902 -0.603838 -0.043813
vn 0.644244 -0.584129 0.493704
vn 0.257108 -0.551197 0.793774
vn -0.190902 -0.548304 0.814198
vn -0.595841 -0.578603 0.556949
vn -0.795902 -0.603838 0.043813
vn -0.644244 -0.584129 -0.493704
vn -0.257108 -0.551197 -0.793774
vn 0.190902 -0.548304 -0.814198
vn 0.595841 -0.578603 -0.556949
vn 0.441454 -0.894932 -0.064928
vn 0.386872 -0.888080 0.248282
vn 0.184130 -0.870288 0.456831
vn -0.080791 -0.866029 0.493424
vn -0.319311 -0.880790 0.349642
vn -0.441454 -0.894932 0.064928
vn -0.386872 -0.888080 -0.248282
vn -0.184130 -0.870288 -0.456831
vn 0.080791 -0.866029 -0.493424
vn 0.319311 -0.880790 -0.349642
vn 0.187512 -0.979687 -0.071075
vn 0.187512 -0.979687 0.071075
vn 0.115434 -0.975866 0.185364
vn 0.000000 -0.973527 0.228573
vn -0.115434 -0.975866 0.185364
vn -0.187512 -0.979687 0.071075
vn -0.187512 -0.979687 -0.071075
vn -0.115434 -0.975866 -0.185364
vn 0.000000 -0.973527 -0.228573
vn 0.115434 -0.975866 -0.185364
vn 0.761063 0.087790 0.642709
vn 0.678434 0.567479 0.466578
vn 0.414024 0.895107 0.165433
vn 0.038668 0.982897 -0.180049
vn -0.347043 0.807319 -0.477281
vn -0.639763 0.415425 -0.646626
vn -0.761063 -0.087790 -0.642709
vn -0.678434 -0.567479 -0.466578
vn -0.414024 -0.895107 -0.165433
vn -0.038668 -0.982897 0.180049
vn 0.347043 -0.807319 0.477281
vn 0.639763 -0.415425 0.646626
vn 0.742163 -0.087793 0.664445
vn 0.729198 0.415425 0.543776
vn 0.520846 0.807320 0.277406
vn 0.172936 0.982897 -0.063294
vn -0.221320 0.895107 -0.387041
vn -0.556266 0.567476 -0.607074
vn -0.742163 0.087793 -0.664445
vn -0.729198 -0.415425 -0.543776
vn -0.520846 -0.807320 -0.277406
vn -0.172936 -0.982897 0.063294
vn 0.221320 -0.895107 0.387041
vn 0.556266 -0.567476 0.607074
vn 0.000000 1.000000 0.000000
vn 0.000000 1.000000 0.000000
vn 0.742163 0.087793 -0.664445
vn 0.556266 0.567476 -0.607074
vn 0.221320 0.895107 -0.387041
vn -0.172936 0.982897 -0.063294
vn -0.520846 0.807320 0.277406
vn -0.729198 0.415425 0.543776
vn -0.742163 -0.087793 0.664445
vn -0.556266 -0.567476 0.607074
vn -0.221320 -0.895107 0.387041
vn 0.172936 -0.982897 0.063294
vn 0.520846 -0.807320 -0.277406
vn 0.729198 -0.415425 -0.543776
vn 0.761063 -0.087790 -0.642709
vn 0.639763 0.415425 -0.646626
vn 0.347043 0.807319 -0.477281
vn -0.038668 0.982897 -0.180049
vn -0.414024 0.895107 0.165433
vn -0.678434 0.567479 0.466578
vn -0.761063 0.087790 0.642709
vn -0.639763 -0.415425 0.646626
vn -0.347043 -0.807319 0.477281
vn 0.038668 -0.982897 0.180049
vn 0.414024 -0.895107 -0.165433
vn 0.678434 -0.567479 -0.466578
vn 0.000000 1.000000 0.000000
vn 0.000000 1.000000 0.000000
vn 0.222131 0.973199 0.059518
vn 0.162610 0.973199 0.162610
vn 0.059518 0.973199 0.222131
vn -0.059518 0.973199 0.222131
vn -0.162610 0.973199 0.162610
vn -0.222131 0.973199 0.059518
vn -0.222131 0.973199 -0.059518
vn -0.162610 0.973199 -0.162610
vn -0.059518 0.973199 -0.222131
vn 0.059518 0.973199 -0.222131
vn 0.162610 0.973199 -0.162610
vn 0.222131 0.973199 -0.059518
vn 0.495806 0.866814 0.053014
vn 0.402877 0.866813 0.293812
vn 0.201993 0.866813 0.455888
vn -0.053014 0.866814 0.495806
vn -0.293812 0.866813 0.402877
vn -0.455888 0.866813 0.201993
vn -0.495806 0.866814 -0.053014
vn -0.402877 0.866813 -0.293812
vn -0.201993 0.866813 -0.455888
vn 0.053014 0.866814 -0.495806
vn 0.293812 0.866813 -0.402877
vn 0.455888 0.866813 -0.201993
vn 0.797967 0.601577 0.036792
vn 0.672664 0.601578 0.430845
vn 0.367124 0.601574 0.709456
vn -0.036792 0.601577 0.797967
vn -0.430845 0.601578 0.672664
vn -0.709456 0.601574 0.367124
vn -0.797967 0.601577 -0.036792
vn -0.672664 0.601578 -0.430845
vn -0.367124 0.601574 -0.709456
vn 0.036792 0.601577 -0.797967
vn 0.430845 0.601578 -0.672664
vn 0.709456 0.601574 -0.367124
vn 0.976548 0.214899 0.013142
vn 0.839144 0.214901 0.499656
vn 0.476890 0.214901 0.852287
vn -0.013142 0.214899 0.976548
vn -0.499656 0.214901 0.839144
vn -0.852287 0.214901 0.476890
vn -0.976548 0.214899 -0.013142
vn -0.839144 0.214901 -0.499656
vn -0.476890 0.214901 -0.852287
vn 0.013142 0.214899 -0.976548
vn 0.499656 0.214901 -0.839144
vn 0.852287 0.214901 -0.476890
vn 0.976548 -0.214899 -0.013142
vn 0.852287 -0.214901 0.476890
vn 0.499656 -0.214901 0.839144
vn 0.013142 -0.214899 0.976548
vn -0.476890 -0.214901 0.852287
vn -0.839144 -0.214901 0.499656
vn -0.976548 -0.214899 0.013142
vn -0.852287 -0.214901 -0.476890
vn -0.499656 -0.214901 -0.839144
vn -0.013142 -0.214899 -0.976548
vn 0.476890 -0.214901 -0.852287
vn 0.839144 -0.214901 -0.499656
vn 0.797967 -0.601577 -0.036792
vn 0.709456 -0.601574 0.367124
vn 0.430845 -0.601578 0.672664
vn 0.036792 -0.601577 0.797967
vn -0.367124 -0.601574 0.709456
vn -0.672664 -0.601578 0.430845
vn -0.797967 -0.601577 0.036792
vn -0.709456 -0.601574 -0.367124
vn -0.430845 -0.601578 -0.672664
vn -0.036792 -0.601577 -0.797967
vn 0.367124 -0.601574 -0.709456
vn 0.672664 -0.601578 -0.430845
vn 0.495806 -0.866814 -0.053014
vn 0.455888 -0.866813 0.201993
vn 0.293812 -0.866813 0.402877
vn 0.053014 -0.866814 0.495806
vn -0.201993 -0.866813 0.455888
vn -0.402877 -0.866813 0.293812
vn -0.495806 -0.866814 0.053014
vn -0.455888 -0.866813 -0.201993
vn -0.293812 -0.866813 -0.402877
vn -0.053014 -0.866814 -0.495806
vn 0.201993 -0.866813 -0.455888
vn 0.402877 -0.866813 -0.293812
vn 0.222131 -0.973199 -0.059518
vn 0.222131 -0.973199 0.059518
vn 0.162610 -0.973199 0.162610
vn 0.059518 -0.973199 0.222131
vn -0.059518 -0.973199 0.222131
vn -0.162610 -0.973199 0.162610
vn -0.222131 -0.973199 0.059518
vn -0.222131 -0.973199 -0.059518
vn -0.162610 -0.973199 -0.162610
vn -0.059518 -0.973199 -0.222131
vn 0.059518 -0.973199 -0.222131
vn 0.162610 -0.973199 -0.162610
vn 0.222131 0.973199 0.059518
vn 0.162610 0.973199 0.162610
vn 0.059518 0.973199 0.222131
vn -0.059518 0.973199 0.222131
vn -0.162610 0.973199 0.162610
vn -0.222131 0.973199 0.059518
vn -0.222131 0.973199 -0.059518
vn -0.162610 0.973199 -0.162610
vn -0.059518 0.973199 -0.222131
vn 0.059518 0.973199 -0.222131
vn 0.162610 0.973199 -0.162610
vn 0.222131 0.973199 -0.059518
vn 0.495806 0.866814 0.053014
vn 0.402877 0.866813 0.293812
vn 0.201993 0.866813 0.455888
vn -0.053014 0.866814 0.495806
vn -0.293812 0.866813 0.402877
vn -0.455888 0.866813 0.201993
vn -0.495806 0.866814 -0.053014
vn -0.402877 0.866813 -0.293812
vn -0.201993 0.866813 -0.455888
vn 0.053014 0.866814 -0.495806
vn 0.293812 0.866813 -0.402877
vn 0.455888 0.866813 -0.201993
vn 0.797967 0.601577 0.036792
vn 0.672664 0.601578 0.430845
vn 0.367124 0.601574 0.709456
vn -0.036792 0.601577 0.797967
vn -0.430845 0.601578 0.672664
vn -0.709456 0.601574 0.367124
vn -0.797967 0.601577 -0.036792
vn -0.672664 0.601578 -0.430845
vn -0.367124 0.601574 -0.709456
vn 0.036792 0.601577 -0.797967
vn 0.430845 0.601578 -0.672664
vn 0.709456 0.601574 -0.367124
vn 0.976548 0.214899 0.013142
vn 0.839144 0.214901 0.499656
vn 0.476890 0.214901 0.852287
vn -0.013142 0.214899 0.976548
vn -0.499656 0.214901 0.839144
vn -0.852287 0.214901 0.476890
vn -0.976548 0.214899 -0.013142
vn -0.839144 0.214901 -0.499656
vn -0.476890 0.214901 -0.852287
vn 0.013142 0.214899 -0.976548
vn 0.499656 0.214901 -0.839144
vn 0.852287 0.214901 -0.476890
vn 0.976548 -0.214899 -0.013142
vn 0.852287 -0.214901 0.476890
vn 0.499656 -0.214901 0.839144
vn 0.013142 -0.214899 0.976548
vn -0.476890 -0.214901 0.852287
vn -0.839144 -0.214901 0.499656
vn -0.976548 -0.214899 0.013142
vn -0.852287 -0.214901 -0.476890
vn -0.499656 -0.214901 -0.839144
vn -0.013142 -0.214899 -0.976548
vn 0.476890 -0.214901 -0.852287
vn 0.839144 -0.214901 -0.499656
vn 0.797967 -0.601577 -0.036792
vn 0.709456 -0.601574 0.367124
vn 0.430845 -0.601578 0.672664
vn 0.036792 -0.601577 0.797967
vn -0.367124 -0.601574 0.709456
vn -0.672664 -0.601578 0.430845
vn -0.797967 -0.601577 0.036792
vn -0.709456 -0.601574 -0.367124
vn -0.430845 -0.601578 -0.672664
vn -0.036792 -0.601577 -0.797967
vn 0.367124 -0.601574 -0.709456
vn 0.672664 -0.601578 -0.430845
vn 0.495806 -0.866814 -0.053014
vn 0.455888 -0.866813 0.201993
vn 0.293812 -0.866813 0.402877
vn 0.053014 -0.866814 0.495806
vn -0.201993 -0.866813 0.455888
vn -0.402877 -0.866813 0.293812
vn -0.495806 -0.866814 0.053014
vn -0.455888 -0.866813 -0.201993
vn -0.293812 -0.866813 -0.402877
vn -0.053014 -0.866814 -0.495806
vn 0.201993 -0.866813 -0.455888
vn 0.402877 -0.866813 -0.293812
vn 0.222131 -0.973199 -0.059518
vn 0.222131 -0.973199 0.059518
vn 0.162610 -0.973199 0.162610
vn 0.059518 -0.973199 0.222131
vn -0.059518 -0.973199 0.222131
vn -0.162610 -0.973199 0.162610
vn -0.222131 -0.973199 0.059518
vn -0.222131 -0.973199 -0.059518
vn -0.162610 -0.973199 -0.162610
vn -0.059518 -0.973199 -0.222131
vn 0.059518 -0.973199 -0.222131
vn 0.162610 -0.973199 -0.162610
vn 0.184507 0.981587 0.049439
vn 0.135068 0.981587 0.135068
vn 0.049439 0.981587 0.184507
vn -0.049439 0.981587 0.184507
vn -0.135068 0.981587 0.135068
vn -0.184507 0.981587 0.049439
vn -0.184507 0.981587 -0.049439
vn -0.135068 0.981587 -0.135068
vn -0.049439 0.981587 -0.184507
vn 0.049439 0.981587 -0.184507
vn 0.135068 0.981587 -0.135068
vn 0.184507 0.981587 -0.049439
vn 0.425696 0.903721 0.045517
vn 0.345906 0.903720 0.252267
vn 0.173431 0.903721 0.391421
vn -0.045517 0.903721 0.425696
vn -0.252267 0.903720 0.345906
vn -0.391421 0.903721 0.173431
vn -0.425696 0.903721 -0.045517
vn -0.345906 0.903720 -0.252267
vn -0.173431 0.903721 -0.391421
vn 0.045517 0.903721 -0.425696
vn 0.252267 0.903720 -0.345906
vn 0.391421 0.903721 -0.173431
vn 0.737182 0.674839 0.033988
vn 0.621422 0.674841 0.398026
vn 0.339157 0.674839 0.655412
vn -0.033988 0.674839 0.737182
vn -0.398026 0.674841 0.621422
vn -0.655412 0.674839 0.339157
vn -0.737182 0.674839 -0.033988
vn -0.621422 0.674841 -0.398026
vn -0.339157 0.674839 -0.655412
vn 0.033988 0.674839 -0.737182
vn 0.398026 0.674841 -0.621422
vn 0.655412 0.674839 -0.339157
vn 0.966021 0.258135 0.013000
vn 0.830098 0.258137 0.494269
vn 0.471750 0.258138 0.843100
vn -0.013000 0.258135 0.966021
vn -0.494269 0.258137 0.830098
vn -0.843100 0.258138 0.471750
vn -0.966021 0.258135 -0.013000
vn -0.830098 0.258137 -0.494269
vn -0.471750 0.258138 -0.843100
vn 0.013000 0.258135 -0.966021
vn 0.494269 0.258137 -0.830098
vn 0.843100 0.258138 -0.471750
vn 0.966021 -0.258135 -0.013000
vn 0.843100 -0.258138 0.471750
vn 0.494269 -0.258137 0.830098
vn 0.013000 -0.258135 0.966021
vn -0.471750 -0.258138 0.843100
vn -0.830098 -0.258137 0.494269
vn -0.966021 -0.258135 0.013000
vn -0.843100 -0.258138 -0.471750
vn -0.494269 -0.258137 -0.830098
vn -0.013000 -0.258135 -0.966021
vn 0.471750 -0.258138 -0.843100
vn 0.830098 -0.258137 -0.494269
vn 0.737182 -0.674839 -0.033988
vn 0.655412 -0.674839 0.339157
vn 0.398026 -0.674841 0.621422
vn 0.033988 -0.674839 0.737182
vn -0.339157 -0.674839 0.655412
vn -0.621422 -0.674841 0.398026
vn -0.737182 -0.674839 0.033988
vn -0.655412 -0.674839 -0.339157
vn -0.398026 -0.674841 -0.621422
vn -0.033988 -0.674839 -0.737182
vn 0.339157 -0.674839 -0.655412
vn 0.621422 -0.674841 -0.398026
vn 0.425696 -0.903721 -0.045517
vn 0.391421 -0.903721 0.173431
vn 0.252267 -0.903720 0.345906
vn 0.045517 -0.903721 0.425696
vn -0.173431 -0.903721 0.391421
vn -0.345906 -0.903720 0.252267
vn -0.425696 -0.903721 0.045517
vn -0.391421 -0.903721 -0.173431
vn -0.252267 -0.903720 -0.345906
vn -0.045517 -0.903721 -0.425696
vn 0.173431 -0.903721 -0.391421
vn 0.345906 -0.903720 -0.252267
vn 0.184507 -0.981587 -0.049439
vn 0.184507 -0.981587 0.049439
vn 0.135068 -0.981587 0.135068
vn 0.049439 -0.981587 0.184507
vn -0.049439 -0.981587 0.184507
vn -0.135068 -0.981587 0.135068
vn -0.184507 -0.981587 0.049439
vn -0.184507 -0.981587 -0.049439
vn -0.135068 -0.981587 -0.135068
vn -0.049439 -0.981587 -0.184507
vn 0.049439 -0.981587 -0.184507
vn 0.135068 -0.981587 -0.135068
vn 0.184507 0.981587 0.049439
vn 0.135068 0.981587 0.135068
vn 0.049439 0.981587 0.184507
vn -0.049439 0.981587 0.184507
vn -0.135068 0.981587 0.135068
vn -0.184507 0.981587 0.049439
vn -0.184507 0.981587 -0.049439
vn -0.135068 0.981587 -0.135068
vn -0.049439 0.981587 -0.184507
vn 0.049439 0.981587 -0.184507
vn 0.135068 0.981587 -0.135068
vn 0.184507 0.981587 -0.049439
vn 0.425696 0.903721 0.045517
vn 0.345906 0.903720 0.252267
vn 0.173431 0.903721 0.391421
vn -0.045517 0.903721 0.425696
vn -0.252267 0.903720 0.345906
vn -0.391421 0.903721 0.173431
vn -0.425696 0.903721 -0.045517
vn -0.345906 0.903720 -0.252267
vn -0.173431 0.903721 -0.391421
vn 0.045517 0.903721 -0.425696
vn 0.252267 0.903720 -0.345906
vn 0.391421 0.903721 -0.173431
vn 0.737182 0.674839 0.033988
vn 0.621422 0.674841 0.398026
vn 0.339157 0.674839 0.655412
vn -0.033988 0.674839 0.737182
vn -0.398026 0.674841 0.621422
vn -0.655412 0.674839 0.339157
vn -0.737182 0.674839 -0.033988
vn -0.621422 0.674841 -0.398026
vn -0.339157 0.674839 -0.655412
vn 0.033988 0.674839 -0.737182
vn 0.398026 0.674841 -0.621422
vn 0.655412 0.674839 -0.339157
vn 0.966021 0.258135 0.013000
vn 0.830098 0.258137 0.494269
vn 0.471750 0.258138 0.843100
vn -0.013000 0.258135 0.966021
vn -0.494269 0.258137 0.830098
vn -0.843100 0.258138 0.471750
vn -0.966021 0.258135 -0.013000
vn -0.830098 0.258137 -0.494269
vn -0.471750 0.258138 -0.843100
vn 0.013000 0.258135 -0.966021
vn 0.494269 0.258137 -0.830098
vn 0.843100 0.258138 -0.471750
vn 0.966021 -0.258135 -0.013000
vn 0.843100 -0.258138 0.471750
vn 0.494269 -0.258137 0.830098
vn 0.013000 -0.258135 0.966021
vn -0.471750 -0.258138 0.843100
vn -0.830098 -0.258137 0.494269
vn -0.966021 -0.258135 0.013000
vn -0.843100 -0.258138 -0.471750
vn -0.494269 -0.258137 -0.830098
vn -0.013000 -0.258135 -0.966021
vn 0.471750 -0.258138 -0.843100
vn 0.830098 -0.258137 -0.494269
vn 0.737182 -0.674839 -0.033988
vn 0.655412 -0.674839 0.339157
vn 0.398026 -0.674841 0.621422
vn 0.033988 -0.674839 0.737182
vn -0.339157 -0.674839 0.655412
vn -0.621422 -0.674841 0.398026
vn -0.737182 -0.674839 0.033988
vn -0.655412 -0.674839 -0.339157
vn -0.398026 -0.674841 -0.621422
vn -0.033988 -0.674839 -0.737182
vn 0.339157 -0.674839 -0.655412
vn 0.621422 -0.674841 -0.398026
vn 0.425696 -0.903721 -0.045517
vn 0.391421 -0.903721 0.173431
vn 0.252267 -0.903720 0.345906
vn 0.045517 -0.903721 0.425696
vn -0.173431 -0.903721 0.391421
vn -0.345906 -0.903720 0.252267
vn -0.425696 -0.903721 0.045517
vn -0.391421 -0.903721 -0.173431
vn -0.252267 -0.903720 -0.345906
vn -0.045517 -0.903721 -0.425696
vn 0.173431 -0.903721 -0.391421
vn 0.345906 -0.903720 -0.252267
vn 0.184507 -0.981587 -0.049439
vn 0.184507 -0.981587 0.049439
vn 0.135068 -0.981587 0.135068
vn 0.049439 -0.981587 0.184507
vn -0.049439 -0.981587 0.184507
vn -0.135068 -0.981587 0.135068
vn -0.184507 -0.981587 0.049439
vn -0.184507 -0.981587 -0.049439
vn -0.135068 -0.981587 -0.135068
vn -0.049439 -0.981587 -0.184507
vn 0.049439 -0.981587 -0.184507
vn 0.135068 -0.981587 -0.135068
vn 0.182121 0.982064 0.048801
vn 0.133322 0.982064 0.133322
vn 0.048801 0.982064 0.182121
vn -0.048801 0.982064 0.182121
vn -0.133322 0.982064 0.133322
vn -0.182121 0.982064 0.048801
vn -0.182121 0.982064 -0.048801
vn -0.133322 0.982064 -0.133322
vn -0.048801 0.982064 -0.182121
vn 0.048801 0.982064 -0.182121
vn 0.133322 0.982064 -0.133322
vn 0.182121 0.982064 -0.048801
vn 0.421024 0.905931 0.045017
vn 0.342109 0.905931 0.249499
vn 0.171529 0.905931 0.387126
vn -0.045017 0.905931 0.421024
vn -0.249499 0.905931 0.342109
vn -0.387126 0.905931 0.171529
vn -0.421024 0.905931 -0.045017
vn -0.342109 0.905931 -0.249499
vn -0.171529 0.905931 -0.387126
vn 0.045017 0.905931 -0.421024
vn 0.249499 0.905931 -0.342109
vn 0.387126 0.905931 -0.171529
vn 0.732637 0.679781 0.033778
vn 0.617593 0.679780 0.395573
vn 0.337066 0.679781 0.651371
vn -0.033778 0.679781 0.732637
vn -0.395573 0.679780 0.617593
vn -0.651371 0.679781 0.337066
vn -0.732637 0.679781 -0.033778
vn -0.617593 0.679780 -0.395573
vn -0.337066 0.679781 -0.651371
vn 0.033778 0.679781 -0.732637
vn 0.395573 0.679780 -0.617593
vn 0.651371 0.679781 -0.337066
vn 0.965142 0.261405 0.012989
vn 0.829342 0.261404 0.493821
vn 0.471323 0.261404 0.842331
vn -0.012989 0.261405 0.965142
vn -0.493821 0.261404 0.829342
vn -0.842331 0.261404 0.471323
vn -0.965142 0.261405 -0.012989
vn -0.829342 0.261404 -0.493821
vn -0.471323 0.261404 -0.842331
vn 0.012989 0.261405 -0.965142
vn 0.493821 0.261404 -0.829342
vn 0.842331 0.261404 -0.471323
vn 0.965142 -0.261405 -0.012989
vn 0.842331 -0.261404 0.471323
vn 0.493821 -0.261404 0.829342
vn 0.012989 -0.261405 0.965142
vn -0.471323 -0.261404 0.842331
vn -0.829342 -0.261404 0.493821
vn -0.965142 -0.261405 0.012989
vn -0.842331 -0.261404 -0.471323
vn -0.493821 -0.261404 -0.829342
vn -0.012989 -0.261405 -0.965142
vn 0.471323 -0.261404 -0.842331
vn 0.829342 -0.261404 -0.493821
vn 0.732637 -0.679781 -0.033778
vn 0.651371 -0.679781 0.337066
vn 0.395573 -0.679780 0.617593
vn 0.033778 -0.679781 0.732637
vn -0.337066 -0.679781 0.651371
vn -0.617593 -0.679780 0.395573
vn -0.732637 -0.679781 0.033778
vn -0.651371 -0.679781 -0.337066
vn -0.395573 -0.679780 -0.617593
vn -0.033778 -0.679781 -0.732637
vn 0.337066 -0.679781 -0.651371
vn 0.617593 -0.679780 -0.395573
vn 0.421024 -0.905931 -0.045017
vn 0.387126 -0.905931 0.171529
vn 0.249499 -0.905931 0.342109
vn 0.045017 -0.905931 0.421024
vn -0.171529 -0.905931 0.387126
vn -0.342109 -0.905931 0.249499
vn -0.421024 -0.905931 0.045017
vn -0.387126 -0.905931 -0.171529
vn -0.249499 -0.905931 -0.342109
vn -0.045017 -0.905931 -0.421024
vn 0.171529 -0.905931 -0.387126
vn 0.342109 -0.905931 -0.249499
vn 0.182121 -0.982064 -0.048801
vn 0.182121 -0.982064 0.048801
vn 0.133322 -0.982064 0.133322
vn 0.048801 -0.982064 0.182121
vn -0.048801 -0.982064 0.182121
vn -0.133322 -0.982064 0.133322
vn -0.182121 -0.982064 0.048801
vn -0.182121 -0.982064 -0.048801
vn -0.133322 -0.982064 -0.133322
vn -0.048801 -0.982064 -0.182121
vn 0.048801 -0.982064 -0.182121
vn 0.133322 -0.982064 -0.133322
vn 0.182121 0.982064 0.048801
vn 0.133322 0.982064 0.133322
vn 0.048801 0.982064 0.182121
vn -0.048801 0.982064 0.182121
vn -0.133322 0.982064 0.133322
vn -0.182121 0.982064 0.048801
vn -0.182121 0.982064 -0.048801
vn -0.133322 0.982064 -0.133322
vn -0.048801 0.982064 -0.182121
vn 0.048801 0.982064 -0.182121
vn 0.133322 0.982064 -0.133322
vn 0.182121 0.982064 -0.048801
vn 0.421024 0.905931 0.045017
vn 0.342109 0.905931 0.249499
vn 0.171529 0.905931 0.387126
vn -0.045017 0.905931 0.421024
vn -0.249499 0.905931 0.342109
vn -0.387126 0.905931 0.171529
vn -0.421024 0.905931 -0.045017
vn -0.342109 0.905931 -0.249499
vn -0.171529 0.905931 -0.387126
vn 0.045017 0.905931 -0.421024
vn 0.249499 0.905931 -0.342109
vn 0.387126 0.905931 -0.171529
vn 0.732637 0.679781 0.033778
vn 0.617593 0.679780 0.395573
vn 0.337066 0.679781 0.651371
vn -0.033778 0.679781 0.732637
vn -0.395573 0.679780 0.617593
vn -0.651371 0.679781 0.337066
vn -0.732637 0.679781 -0.033778
vn -0.617593 0.679780 -0.395573
vn -0.337066 0.679781 -0.651371
vn 0.033778 0.679781 -0.732637
vn 0.395573 0.679780 -0.617593
vn 0.651371 0.679781 -0.337066
vn 0.965142 0.261405 0.012989
vn 0.829342 0.261404 0.493821
vn 0.471323 0.261404 0.842331
vn -0.012989 0.261405 0.965142
vn -0.493821 0.261404 0.829342
vn -0.842331 0.261404 0.471323
vn -0.965142 0.261405 -0.012989
vn -0.829342 0.261404 -0.493821
vn -0.471323 0.261404 -0.842331
vn 0.012989 0.261405 -0.965142
vn 0.493821 0.261404 -0.829342
vn 0.842331 0.261404 -0.471323
vn 0.965142 -0.261405 -0.012989
vn 0.842331 -0.261404 0.471323
vn 0.493821 -0.261404 0.829342
vn 0.012989 -0.261405 0.965142
vn -0.471323 -0.261404 0.842331
vn -0.829342 -0.261404 0.493821
vn -0.965142 -0.261405 0.012989
vn -0.842331 -0.261404 -0.471323
vn -0.493821 -0.261404 -0.829342
vn -0.012989 -0.261405 -0.965142
vn 0.471323 -0.261404 -0.842331
vn 0.829342 -0.261404 -0.493821
vn 0.732637 -0.679781 -0.033778
vn 0.651371 -0.679781 0.337066
vn 0.395573 -0.679780 0.617593
vn 0.033778 -0.679781 0.732637
vn -0.337066 -0.679781 0.651371
vn -0.617593 -0.679780 0.395573
vn -0.732637 -0.679781 0.033778
vn -0.651371 -0.679781 -0.337066
vn -0.395573 -0.679780 -0.617593
vn -0.033778 -0.679781 -0.732637
vn 0.337066 -0.679781 -0.651371
vn 0.617593 -0.679780 -0.395573
vn 0.421024 -0.905931 -0.045017
vn 0.387126 -0.905931 0.171529
vn 0.249499 -0.905931 0.342109
vn 0.045017 -0.905931 0.421024
vn -0.171529 -0.905931 0.387126
vn -0.342109 -0.905931 0.249499
vn -0.421024 -0.905931 0.045017
vn -0.387126 -0.905931 -0.171529
vn -0.249499 -0.905931 -0.342109
vn -0.045017 -0.905931 -0.421024
vn 0.171529 -0.905931 -0.387126
vn 0.342109 -0.905931 -0.249499
vn 0.182121 -0.982064 -0.048801
vn 0.182121 -0.982064 0.048801
vn 0.133322 -0.982064 0.133322
vn 0.048801 -0.982064 0.182121
vn -0.048801 -0.982064 0.182121
vn -0.133322 -0.982064 0.133322
vn -0.182121 -0.982064 0.048801
vn -0.182121 -0.982064 -0.048801
vn -0.133322 -0.982064 -0.133322
vn -0.048801 -0.982064 -0.182121
vn 0.048801 -0.982064 -0.182121
vn 0.133322 -0.982064 -0.133322
vn 0.996035 0.080201 0.038497
vn 0.818111 0.518430 0.248846
vn 0.420972 0.817748 0.392519
vn -0.088960 0.897949 0.431015
vn -0.575061 0.737545 0.354022
vn -0.907073 0.379517 0.182168
vn -0.996035 -0.080201 -0.038497
vn -0.818111 -0.518430 -0.248846
vn -0.420972 -0.817748 -0.392519
vn 0.088960 -0.897949 -0.431015
vn 0.575061 -0.737545 -0.354022
vn 0.907073 -0.379517 -0.182168
vn 0.996035 -0.080201 -0.038497
vn 0.907073 0.379517 0.182168
vn 0.575061 0.737545 0.354022
vn 0.088960 0.897949 0.431015
vn -0.420972 0.817748 0.392519
vn -0.818111 0.518430 0.248846
vn -0.996035 0.080201 0.038497
vn -0.907073 -0.379517 -0.182168
vn -0.575061 -0.737545 -0.354022
vn -0.088960 -0.897949 -0.431015
vn 0.420972 -0.817748 -0.392519
vn 0.818111 -0.518430 -0.248846
vn 0.000000 1.000000 0.000000
vn 0.000000 1.000000 0.000000
vn 0.996035 0.080201 0.038497
vn 0.818111 0.518430 0.248846
vn 0.420972 0.817748 0.392519
vn -0.088960 0.897949 0.431015
vn -0.575061 0.737545 0.354022
vn -0.907073 0.379517 0.182168
vn -0.996035 -0.080201 -0.038497
vn -0.818111 -0.518430 -0.248846
vn -0.420972 -0.817748 -0.392519
vn 0.088960 -0.897949 -0.431015
vn 0.575061 -0.737545 -0.354022
vn 0.907073 -0.379517 -0.182168
vn 0.996035 -0.080201 -0.038497
vn 0.907073 0.379517 0.182168
vn 0.575061 0.737545 0.354022
vn 0.088960 0.897949 0.431015
vn -0.420972 0.817748 0.392519
vn -0.818111 0.518430 0.248846
vn -0.996035 0.080201 0.038497
vn -0.907073 -0.379517 -0.182168
vn -0.575061 -0.737545 -0.354022
vn -0.088960 -0.897949 -0.431015
vn 0.420972 -0.817748 -0.392519
vn 0.818111 -0.518430 -0.248846
vn 0.000000 1.000000 0.000000
vn 0.000000 1.000000 0.000000
vn 0.120308 0.992213 0.032238
vn 0.088072 0.992213 0.088072
vn 0.032238 0.992213 0.120308
vn -0.032238 0.992213 0.120308
vn -0.088072 0.992213 0.088072
vn -0.120308 0.992213 0.032238
vn -0.120308 0.992213 -0.032238
vn -0.088072 0.992213 -0.088072
vn -0.032238 0.992213 -0.120308
vn 0.032238 0.992213 -0.120308
vn 0.088072 0.992213 -0.088072
vn 0.120308 0.992213 -0.032238
vn 0.290603 0.956339 0.031072
vn 0.236134 0.956339 0.172211
vn 0.118394 0.956339 0.267206
vn -0.031072 0.956339 0.290603
vn -0.172211 0.956339 0.236134
vn -0.267206 0.956339 0.118394
vn -0.290603 0.956339 -0.031072
vn -0.236134 0.956339 -0.172211
vn -0.118394 0.956339 -0.267206
vn 0.031072 0.956339 -0.290603
vn 0.172211 0.956339 -0.236134
vn 0.267206 0.956339 -0.118394
vn 0.575825 0.817142 0.026548
vn 0.485405 0.817141 0.310905
vn 0.264921 0.817142 0.511953
vn -0.026548 0.817142 0.575825
vn -0.310905 0.817141 0.485405
vn -0.511953 0.817142 0.264921
vn -0.575825 0.817142 -0.026548
vn -0.485405 0.817141 -0.310905
vn -0.264921 0.817142 -0.511953
vn 0.026548 0.817142 -0.575825
vn 0.310905 0.817141 -0.485405
vn 0.511953 0.817142 -0.264921
vn 0.923802 0.382669 0.012433
vn 0.793818 0.382668 0.472670
vn 0.451134 0.382669 0.806252
vn -0.012433 0.382669 0.923802
vn -0.472670 0.382668 0.793818
vn -0.806252 0.382669 0.451134
vn -0.923802 0.382669 -0.012433
vn -0.793818 0.382668 -0.472670
vn -0.451134 0.382669 -0.806252
vn 0.012433 0.382669 -0.923802
vn 0.472670 0.382668 -0.793818
vn 0.806252 0.382669 -0.451134
vn 0.923802 -0.382669 -0.012433
vn 0.806252 -0.382669 0.451134
vn 0.472670 -0.382668 0.793818
vn 0.012433 -0.382669 0.923802
vn -0.451134 -0.382669 0.806252
vn -0.793818 -0.382668 0.472670
vn -0.923802 -0.382669 0.012433
vn -0.806252 -0.382669 -0.451134
vn -0.472670 -0.382668 -0.793818
vn -0.012433 -0.382669 -0.923802
vn 0.451134 -0.382669 -0.806252
vn 0.793818 -0.382668 -0.472670
vn 0.575825 -0.817142 -0.026548
vn 0.511953 -0.817142 0.264921
vn 0.310905 -0.817141 0.485405
vn 0.026548 -0.817142 0.575825
vn -0.264921 -0.817142 0.511953
vn -0.485405 -0.817141 0.310905
vn -0.575825 -0.817142 0.026548
vn -0.511953 -0.817142 -0.264921
vn -0.310905 -0.817141 -0.485405
vn -0.026548 -0.817142 -0.575825
vn 0.264921 -0.817142 -0.511953
vn 0.485405 -0.817141 -0.310905
vn 0.290603 -0.956339 -0.031072
vn 0.267206 -0.956339 0.118394
vn 0.172211 -0.956339 0.236134
vn 0.031072 -0.956339 0.290603
vn -0.118394 -0.956339 0.267206
vn -0.236134 -0.956339 0.172211
vn -0.290603 -0.956339 0.031072
vn -0.267206 -0.956339 -0.118394
vn -0.172211 -0.956339 -0.236134
vn -0.031072 -0.956339 -0.290603
vn 0.118394 -0.956339 -0.267206
vn 0.236134 -0.956339 -0.172211
vn 0.120308 -0.992213 -0.032238
vn 0.120308 -0.992213 0.032238
vn 0.088072 -0.992213 0.088072
vn 0.032238 -0.992213 0.120308
vn -0.032238 -0.992213 0.120308
vn -0.088072 -0.992213 0.088072
vn -0.120308 -0.992213 0.032238
vn -0.120308 -0.992213 -0.032238
vn -0.088072 -0.992213 -0.088072
vn -0.032238 -0.992213 -0.120308
vn 0.032238 -0.992213 -0.120308
vn 0.088072 -0.992213 -0.088072
vn 0.120308 0.992213 0.032238
vn 0.088072 0.992213 0.088072
vn 0.032238 0.992213 0.120308
vn -0.032238 0.992213 0.120308
vn -0.088072 0.992213 0.088072
vn -0.120308 0.992213 0.032238
vn -0.120308 0.992213 -0.032238
vn -0.088072 0.992213 -0.088072
vn -0.032238 0.992213 -0.120308
vn 0.032238 0.992213 -0.120308
vn 0.088072 0.992213 -0.088072
vn 0.120308 0.992213 -0.032238
vn 0.290603 0.956339 0.031072
vn 0.236134 0.956339 0.172211
vn 0.118394 0.956339 0.267206
vn -0.031072 0.956339 0.290603
vn -0.172211 0.956339 0.236134
vn -0.267206 0.956339 0.118394
vn -0.290603 0.956339 -0.031072
vn -0.236134 0.956339 -0.172211
vn -0.118394 0.956339 -0.267206
vn 0.031072 0.956339 -0.290603
vn 0.172211 0.956339 -0.236134
vn 0.267206 0.956339 -0.118394
vn 0.575825 0.817142 0.026548
vn 0.485405 0.817141 0.310905
vn 0.264921 0.817142 0.511953
vn -0.026548 0.817142 0.575825
vn -0.310905 0.817141 0.485405
vn -0.511953 0.817142 0.264921
vn -0.575825 0.817142 -0.026548
vn -0.485405 0.817141 -0.310905
vn -0.264921 0.817142 -0.511953
vn 0.026548 0.817142 -0.575825
vn 0.310905 0.817141 -0.485405
vn 0.511953 0.817142 -0.264921
vn 0.923802 0.382669 0.012433
vn 0.793818 0.382668 0.472670
vn 0.451134 0.382669 0.806252
vn -0.012433 0.382669 0.923802
vn -0.472670 0.382668 0.793818
vn -0.806252 0.382669 0.451134
vn -0.923802 0.382669 -0.012433
vn -0.793818 0.382668 -0.472670
vn -0.451134 0.382669 -0.806252
vn 0.012433 0.382669 -0.923802
vn 0.472670 0.382668 -0.793818
vn 0.806252 0.382669 -0.451134
vn 0.923802 -0.382669 -0.012433
vn 0.806252 -0.382669 0.451134
vn 0.472670 -0.382668 0.793818
vn 0.012433 -0.382669 0.923802
vn -0.451134 -0.382669 0.806252
vn -0.793818 -0.382668 0.472670
vn -0.923802 -0.382669 0.012433
vn -0.806252 -0.382669 -0.451134
vn -0.472670 -0.382668 -0.793818
vn -0.012433 -0.382669 -0.923802
vn 0.451134 -0.382669 -0.806252
vn 0.793818 -0.382668 -0.472670
vn 0.575825 -0.817142 -0.026548
vn 0.511953 -0.817142 0.264921
vn 0.310905 -0.817141 0.485405
vn 0.026548 -0.817142 0.575825
vn -0.264921 -0.817142 0.511953
vn -0.485405 -0.817141 0.310905
vn -0.575825 -0.817142 0.026548
vn -0.511953 -0.817142 -0.264921
vn -0.310905 -0.817141 -0.485405
vn -0.026548 -0.817142 -0.575825
vn 0.264921 -0.817142 -0.511953
vn 0.485405 -0.817141 -0.310905
vn 0.290603 -0.956339 -0.031072
vn 0.267206 -0.956339 0.118394
vn 0.172211 -0.956339 0.236134
vn 0.031072 -0.956339 0.290603
vn -0.118394 -0.956339 0.267206
vn -0.236134 -0.956339 0.172211
vn -0.290603 -0.956339 0.031072
vn -0.267206 -0.956339 -0.118394
vn -0.172211 -0.956339 -0.236134
vn -0.031072 -0.956339 -0.290603
vn 0.118394 -0.956339 -0.267206
vn 0.236134 -0.956339 -0.172211
vn 0.120308 -0.992213 -0.032238
vn 0.120308 -0.992213 0.032238
vn 0.088072 -0.992213 0.088072
vn 0.032238 -0.992213 0.120308
vn -0.032238 -0.992213 0.120308
vn -0.088072 -0.992213 0.088072
vn -0.120308 -0.992213 0.032238
vn -0.120308 -0.992213 -0.032238
vn -0.088072 -0.992213 -0.088072
vn -0.032238 -0.992213 -0.120308
vn 0.032238 -0.992213 -0.120308
vn 0.088072 -0.992213 -0.088072
vn 0.257909 0.962528 0.083800
vn 0.159396 0.962528 0.219393
vn 0.000000 0.962528 0.271184
vn -0.159396 0.962528 0.219393
vn -0.257909 0.962528 0.083800
vn -0.257909 0.962528 -0.083800
vn -0.159396 0.962528 -0.219393
vn 0.000000 0.962528 -0.271184
vn 0.159396 0.962528 -0.219393
vn 0.257909 0.962528 -0.083800
vn 0.566806 0.820747 0.071454
vn 0.416554 0.820747 0.390970
vn 0.107193 0.820748 0.561144
vn -0.243111 0.820747 0.516983
vn -0.500556 0.820747 0.275351
vn -0.566806 0.820747 -0.071454
vn -0.416554 0.820747 -0.390970
vn -0.107193 0.820748 -0.561144
vn 0.243111 0.820747 -0.516983
vn 0.500556 0.820747 -0.275351
vn 0.878444 0.476044 0.041446
vn 0.686317 0.476043 0.549865
vn 0.232039 0.476047 0.848255
vn -0.310874 0.476048 0.822640
vn -0.735037 0.476045 0.482806
vn -0.878444 0.476044 -0.041446
vn -0.686317 0.476043 -0.549865
vn -0.232039 0.476047 -0.848255
vn 0.310874 0.476048 -0.822640
vn 0.735037 0.476045 -0.482806
vn 1.000000 0.000000 0.000000
vn 0.809018 -0.000000 0.587784
vn 0.309020 0.000000 0.951055
vn -0.309020 -0.000000 0.951055
vn -0.809018 0.000000 0.587784
vn -1.000000 0.000000 -0.000000
vn -0.809018 -0.000000 -0.587784
vn -0.309020 0.000000 -0.951055
vn 0.309020 -0.000000 -0.951055
vn 0.809018 0.000000 -0.587784
vn 0.878444 -0.476044 -0.041446
vn 0.735037 -0.476045 0.482806
vn 0.310874 -0.476048 0.822640
vn -0.232039 -0.476047 0.848255
vn -0.686317 -0.476043 0.549865
vn -0.878444 -0.476044 0.041446
vn -0.735037 -0.476045 -0.482806
vn -0.310874 -0.476048 -0.822640
vn 0.232039 -0.476047 -0.848255
vn 0.686317 -0.476043 -0.549865
vn 0.566806 -0.820747 -0.071454
vn 0.500556 -0.820747 0.275351
vn 0.243111 -0.820747 0.516983
vn -0.107193 -0.820748 0.561144
vn -0.416554 -0.820747 0.390970
vn -0.566806 -0.820747 0.071454
vn -0.500556 -0.820747 -0.275351
vn -0.243111 -0.820747 -0.516983
vn 0.107193 -0.820748 -0.561144
vn 0.416554 -0.820747 -0.390970
vn 0.257909 -0.962528 -0.083800
vn 0.257909 -0.962528 0.083800
vn 0.159396 -0.962528 0.219393
vn 0.000000 -0.962528 0.271184
vn -0.159396 -0.962528 0.219393
vn -0.257909 -0.962528 0.083800
vn -0.257909 -0.962528 -0.083800
vn -0.159396 -0.962528 -0.219393
vn 0.000000 -0.962528 -0.271184
vn 0.159396 -0.962528 -0.219393
vn 0.096919 0.994689 0.034640
vn 0.059864 0.994084 0.090633
vn 0.000000 0.993710 0.111986
vn -0.059864 0.994084 0.090633
vn -0.096919 0.994689 0.034640
vn -0.096919 0.994689 -0.034640
vn -0.059864 0.994084 -0.090633
vn 0.000000 0.993710 -0.111986
vn 0.059864 0.994084 -0.090633
vn 0.096919 0.994689 -0.034640
vn 0.243425 0.969332 0.033758
vn 0.178388 0.966570 0.184173
vn 0.045764 0.963569 0.263517
vn -0.103883 0.964448 0.242999
vn -0.214679 0.968007 0.129902
vn -0.243425 0.969332 -0.033758
vn -0.178388 0.966570 -0.184173
vn -0.045764 0.963569 -0.263517
vn 0.103883 0.964448 -0.242999
vn 0.214679 0.968007 -0.129902
vn 0.556966 0.830032 0.028905
vn 0.429727 0.819698 0.378721
vn 0.142855 0.805973 0.574457
vn -0.191715 0.807349 0.558062
vn -0.461554 0.822043 0.333485
vn -0.556966 0.830032 -0.028905
vn -0.429727 0.819698 -0.378721
vn -0.142855 0.805973 -0.574457
vn 0.191715 0.807349 -0.558062
vn 0.461554 0.822043 -0.333485
vn 1.000000 -0.000000 0.000000
vn 0.781176 -0.000002 0.624311
vn 0.283280 -0.000001 0.959037
vn -0.283280 0.000001 0.959037
vn -0.781176 0.000002 0.624311
vn -1.000000 0.000000 -0.000000
vn -0.781176 -0.000002 -0.624311
vn -0.283280 -0.000001 -0.959037
vn 0.283280 0.000001 -0.959037
vn 0.781176 0.000002 -0.624311
vn 0.556966 -0.830032 -0.028905
vn 0.461554 -0.822043 0.333485
vn 0.191715 -0.807349 0.558062
vn -0.142855 -0.805973 0.574457
vn -0.429727 -0.819698 0.378721
vn -0.556966 -0.830032 0.028905
vn -0.461554 -0.822043 -0.333485
vn -0.191715 -0.807349 -0.558062
vn 0.142855 -0.805973 -0.574457
vn 0.429727 -0.819698 -0.378721
vn 0.243425 -0.969332 -0.033758
vn 0.214679 -0.968007 0.129902
vn 0.103883 -0.964448 0.242999
vn -0.045764 -0.963569 0.263517
vn -0.178388 -0.966570 0.184173
vn -0.243425 -0.969332 0.033758
vn -0.214679 -0.968007 -0.129902
vn -0.103883 -0.964448 -0.242999
vn 0.045764 -0.963569 -0.263517
vn 0.178388 -0.966570 -0.184173
vn 0.096919 -0.994689 -0.034640
vn 0.096919 -0.994689 0.034640
vn 0.059864 -0.994084 0.090633
vn 0.000000 -0.993710 0.111986
vn -0.059864 -0.994084 0.090633
vn -0.096919 -0.994689 0.034640
vn -0.096919 -0.994689 -0.034640
vn -0.059864 -0.994084 -0.090633
vn 0.000000 -0.993710 -0.111986
vn 0.059864 -0.994084 -0.090633
vn 0.158511 0.986013 0.051507
vn 0.097961 0.986013 0.134843
vn 0.000000 0.986012 0.166672
vn -0.097961 0.986013 0.134843
vn -0.158511 0.986013 0.051507
vn -0.158511 0.986013 -0.051507
vn -0.097961 0.986013 -0.134843
vn 0.000000 0.986012 -0.166672
vn 0.097961 0.986013 -0.134843
vn 0.158511 0.986013 -0.051507
vn 0.382357 0.922756 0.048204
vn 0.280996 0.922758 0.263741
vn 0.072305 0.922757 0.378539
vn -0.163997 0.922757 0.348748
vn -0.337666 0.922756 0.185752
vn -0.382357 0.922756 -0.048204
vn -0.280996 0.922758 -0.263741
vn -0.072305 0.922757 -0.378539
vn 0.163997 0.922757 -0.348748
vn 0.337666 0.922756 -0.185752
vn 0.741658 0.669865 0.034988
vn 0.579453 0.669861 0.464242
vn 0.195902 0.669866 0.716171
vn -0.262466 0.669869 0.694541
vn -0.620581 0.669866 0.407625
vn -0.741658 0.669865 -0.034988
vn -0.579453 0.669861 -0.464242
vn -0.195902 0.669866 -0.716171
vn 0.262466 0.669869 -0.694541
vn 0.620581 0.669866 -0.407625
vn 1.000000 -0.000000 0.000000
vn 0.809020 0.000004 0.587781
vn 0.309021 -0.000003 0.951055
vn -0.309021 0.000003 0.951055
vn -0.809020 -0.000004 0.587781
vn -1.000000 0.000000 -0.000000
vn -0.809020 0.000004 -0.587781
vn -0.309021 -0.000003 -0.951055
vn 0.309021 0.000003 -0.951055
vn 0.809020 -0.000004 -0.587781
vn 0.741658 -0.669865 -0.034988
vn 0.620581 -0.669866 0.407625
vn 0.262466 -0.669869 0.694541
vn -0.195902 -0.669866 0.716171
vn -0.579453 -0.669861 0.464242
vn -0.741658 -0.669865 0.034988
vn -0.620581 -0.669866 -0.407625
vn -0.262466 -0.669869 -0.694541
vn 0.195902 -0.669866 -0.716171
vn 0.579453 -0.669861 -0.464242
vn 0.382357 -0.922756 -0.048204
vn 0.337666 -0.922756 0.185752
vn 0.163997 -0.922757 0.348748
vn -0.072305 -0.922757 0.378539
vn -0.280996 -0.922758 0.263741
vn -0.382357 -0.922756 0.048204
vn -0.337666 -0.922756 -0.185752
vn -0.163997 -0.922757 -0.348748
vn 0.072305 -0.922757 -0.378539
vn 0.280996 -0.922758 -0.263741
vn 0.158511 -0.986013 -0.051507
vn 0.158511 -0.986013 0.051507
vn 0.097961 -0.986013 0.134843
vn 0.000000 -0.986012 0.166672
vn -0.097961 -0.986013 0.134843
vn -0.158511 -0.986013 0.051507
vn -0.158511 -0.986013 -0.051507
vn -0.097961 -0.986013 -0.134843
vn 0.000000 -0.986012 -0.166672
vn 0.097961 -0.986013 -0.134843
vn 0.158511 0.986013 0.051507
vn 0.097961 0.986013 0.134843
vn 0.000000 0.986012 0.166672
vn -0.097961 0.986013 0.134843
vn -0.158511 0.986013 0.051507
vn -0.158511 0.986013 -0.051507
vn -0.097961 0.986013 -0.134843
vn 0.000000 0.986012 -0.166672
vn 0.097961 0.986013 -0.134843
vn 0.158511 0.986013 -0.051507
vn 0.382357 0.922756 0.048204
vn 0.280996 0.922758 0.263741
vn 0.072305 0.922757 0.378539
vn -0.163997 0.922757 0.348748
vn -0.337666 0.922756 0.185752
vn -0.382357 0.922756 -0.048204
vn -0.280996 0.922758 -0.263741
vn -0.072305 0.922757 -0.378539
vn 0.163997 0.922757 -0.348748
vn 0.337666 0.922756 -0.185752
vn 0.741658 0.669865 0.034988
vn 0.579453 0.669861 0.464242
vn 0.195902 0.669866 0.716171
vn -0.262466 0.669869 0.694541
vn -0.620581 0.669866 0.407625
vn -0.741658 0.669865 -0.034988
vn -0.579453 0.669861 -0.464242
vn -0.195902 0.669866 -0.716171
vn 0.262466 0.669869 -0.694541
vn 0.620581 0.669866 -0.407625
vn 1.000000 -0.000000 0.000000
vn 0.809020 0.000004 0.587781
vn 0.309021 -0.000003 0.951055
vn -0.309021 0.000003 0.951055
vn -0.809020 -0.000004 0.587781
vn -1.000000 0.000000 -0.000000
vn -0.809020 0.000004 -0.587781
vn -0.309021 -0.000003 -0.951055
vn 0.309021 0.000003 -0.951055
vn 0.809020 -0.000004 -0.587781
vn 0.741658 -0.669865 -0.034988
vn 0.620581 -0.669866 0.407625
vn 0.262466 -0.669869 0.694541
vn -0.195902 -0.669866 0.716171
vn -0.579453 -0.669861 0.464242
vn -0.741658 -0.669865 0.034988
vn -0.620581 -0.669866 -0.407625
vn -0.262466 -0.669869 -0.694541
vn 0.195902 -0.669866 -0.716171
vn 0.579453 -0.669861 -0.464242
vn 0.382357 -0.922756 -0.048204
vn 0.337666 -0.922756 0.185752
vn 0.163997 -0.922757 0.348748
vn -0.072305 -0.922757 0.378539
vn -0.280996 -0.922758 0.263741
vn -0.382357 -0.922756 0.048204
vn -0.337666 -0.922756 -0.185752
vn -0.163997 -0.922757 -0.348748
vn 0.072305 -0.922757 -0.378539
vn 0.280996 -0.922758 -0.263741
vn 0.158511 -0.986013 -0.051507
vn 0.158511 -0.986013 0.051507
vn 0.097961 -0.986013 0.134843
vn 0.000000 -0.986012 0.166672
vn -0.097961 -0.986013 0.134843
vn -0.158511 -0.986013 0.051507
vn -0.158511 -0.986013 -0.051507
vn -0.097961 -0.986013 -0.134843
vn 0.000000 -0.986012 -0.166672
vn 0.097961 -0.986013 -0.134843
vn 0.158511 0.986013 0.051507
vn 0.097961 0.986013 0.134843
vn 0.000000 0.986012 0.166672
vn -0.097961 0.986013 0.134843
vn -0.158511 0.986013 0.051507
vn -0.158511 0.986013 -0.051507
vn -0.097961 0.986013 -0.134843
vn 0.000000 0.986012 -0.166672
vn 0.097961 0.986013 -0.134843
vn 0.158511 0.986013 -0.051507
vn 0.382357 0.922756 0.048204
vn 0.280996 0.922758 0.263741
vn 0.072305 0.922757 0.378539
vn -0.163997 0.922757 0.348748
vn -0.337666 0.922756 0.185752
vn -0.382357 0.922756 -0.048204
vn -0.280996 0.922758 -0.263741
vn -0.072305 0.922757 -0.378539
vn 0.163997 0.922757 -0.348748
vn 0.337666 0.922756 -0.185752
vn 0.741658 0.669865 0.034988
vn 0.579453 0.669861 0.464242
vn 0.195902 0.669866 0.716171
vn -0.262466 0.669869 0.694541
vn -0.620581 0.669866 0.407625
vn -0.741658 0.669865 -0.034988
vn -0.579453 0.669861 -0.464242
vn -0.195902 0.669866 -0.716171
vn 0.262466 0.669869 -0.694541
vn 0.620581 0.669866 -0.407625
vn 1.000000 -0.000000 0.000000
vn 0.809020 0.000004 0.587781
vn 0.309021 -0.000003 0.951055
vn -0.309021 0.000003 0.951055
vn -0.809020 -0.000004 0.587781
vn -1.000000 0.000000 -0.000000
vn -0.809020 0.000004 -0.587781
vn -0.309021 -0.000003 -0.951055
vn 0.309021 0.000003 -0.951055
vn 0.809020 -0.000004 -0.587781
vn 0.741658 -0.669865 -0.034988
vn 0.620581 -0.669866 0.407625
vn 0.262466 -0.669869 0.694541
vn -0.195902 -0.669866 0.716171
vn -0.579453 -0.669861 0.464242
vn -0.741658 -0.669865 0.034988
vn -0.620581 -0.669866 -0.407625
vn -0.262466 -0.669869 -0.694541
vn 0.195902 -0.669866 -0.716171
vn 0.579453 -0.669861 -0.464242
vn 0.382357 -0.922756 -0.048204
vn 0.337666 -0.922756 0.185752
vn 0.163997 -0.922757 0.348748
vn -0.072305 -0.922757 0.378539
vn -0.280996 -0.922758 0.263741
vn -0.382357 -0.922756 0.048204
vn -0.337666 -0.922756 -0.185752
vn -0.163997 -0.922757 -0.348748
vn 0.072305 -0.922757 -0.378539
vn 0.280996 -0.922758 -0.263741
vn 0.158511 -0.986013 -0.051507
vn 0.158511 -0.986013 0.051507
vn 0.097961 -0.986013 0.134843
vn 0.000000 -0.986012 0.166672
vn -0.097961 -0.986013 0.134843
vn -0.158511 -0.986013 0.051507
vn -0.158511 -0.986013 -0.051507
vn -0.097961 -0.986013 -0.134843
vn 0.000000 -0.986012 -0.166672
vn 0.097961 -0.986013 -0.134843
vn 0.096919 0.994689 0.034640
vn 0.059864 0.994084 0.090633
vn 0.000000 0.993710 0.111986
vn -0.059864 0.994084 0.090633
vn -0.096919 0.994689 0.034640
vn -0.096919 0.994689 -0.034640
vn -0.059864 0.994084 -0.090633
vn 0.000000 0.993710 -0.111986
vn 0.059864 0.994084 -0.090633
vn 0.096919 0.994689 -0.034640
vn 0.243425 0.969332 0.033758
vn 0.178388 0.966570 0.184173
vn 0.045764 0.963569 0.263517
vn -0.103883 0.964448 0.242999
vn -0.214679 0.968007 0.129902
vn -0.243425 0.969332 -0.033758
vn -0.178388 0.966570 -0.184173
vn -0.045764 0.963569 -0.263517
vn 0.103883 0.964448 -0.242999
vn 0.214679 0.968007 -0.129902
vn 0.556966 0.830032 0.028905
vn 0.429727 0.819698 0.378721
vn 0.142855 0.805973 0.574457
vn -0.191715 0.807349 0.558062
vn -0.461554 0.822043 0.333485
vn -0.556966 0.830032 -0.028905
vn -0.429727 0.819698 -0.378721
vn -0.142855 0.805973 -0.574457
vn 0.191715 0.807349 -0.558062
vn 0.461554 0.822043 -0.333485
vn 1.000000 -0.000000 0.000000
vn 0.781176 -0.000002 0.624311
vn 0.283280 -0.000001 0.959037
vn -0.283280 0.000001 0.959037
vn -0.781176 0.000002 0.624311
vn -1.000000 0.000000 0.000000
vn -0.781176 -0.000002 -0.624311
vn -0.283280 -0.000001 -0.959037
vn 0.283280 0.000001 -0.959037
vn 0.781176 0.000002 -0.624311
vn 0.556966 -0.830032 -0.028905
vn 0.461554 -0.822043 0.333485
vn 0.191715 -0.807349 0.558062
vn -0.142855 -0.805973 0.574457
vn -0.429727 -0.819698 0.378721
vn -0.556966 -0.830032 0.028905
vn -0.461554 -0.822043 -0.333485
vn -0.191715 -0.807349 -0.558062
vn 0.142855 -0.805973 -0.574457
vn 0.429727 -0.819698 -0.378721
vn 0.243425 -0.969332 -0.033758
vn 0.214679 -0.968007 0.129902
vn 0.103883 -0.964448 0.242999
vn -0.045764 -0.963569 0.263517
vn -0.178388 -0.966570 0.184173
vn -0.243425 -0.969332 0.033758
vn -0.214679 -0.968007 -0.129902
vn -0.103883 -0.964448 -0.242999
vn 0.045764 -0.963569 -0.263517
vn 0.178388 -0.966570 -0.184173
vn 0.096919 -0.994689 -0.034640
vn 0.096919 -0.994689 0.034640
vn 0.059864 -0.994084 0.090633
vn 0.000000 -0.993710 0.111986
vn -0.059864 -0.994084 0.090633
vn -0.096919 -0.994689 0.034640
vn -0.096919 -0.994689 -0.034640
vn -0.059864 -0.994084 -0.090633
vn 0.000000 -0.993710 -0.111986
vn 0.059864 -0.994084 -0.090633
vn 0.158511 0.986013 0.051507
vn 0.097961 0.986013 0.134843
vn 0.000000 0.986012 0.166672
vn -0.097961 0.986013 0.134843
vn -0.158511 0.986013 0.051507
vn -0.158511 0.986013 -0.051507
vn -0.097961 0.986013 -0.134843
vn 0.000000 0.986012 -0.166672
vn 0.097961 0.986013 -0.134843
vn 0.158511 0.986013 -0.051507
vn 0.382357 0.922756 0.048204
vn 0.280996 0.922758 0.263741
vn 0.072305 0.922757 0.378539
vn -0.163997 0.922757 0.348748
vn -0.337666 0.922756 0.185752
vn -0.382357 0.922756 -0.048204
vn -0.280996 0.922758 -0.263741
vn -0.072305 0.922757 -0.378539
vn 0.163997 0.922757 -0.348748
vn 0.337666 0.922756 -0.185752
vn 0.741658 0.669865 0.034988
vn 0.579453 0.669861 0.464242
vn 0.195902 0.669866 0.716171
vn -0.262466 0.669869 0.694541
vn -0.620581 0.669866 0.407625
vn -0.741658 0.669865 -0.034988
vn -0.579453 0.669861 -0.464242
vn -0.195902 0.669866 -0.716171
vn 0.262466 0.669869 -0.694541
vn 0.620581 0.669866 -0.407625
vn 1.000000 -0.000000 0.000000
vn 0.809020 0.000004 0.587781
vn 0.309021 -0.000003 0.951055
vn -0.309021 0.000003 0.951055
vn -0.809020 -0.000004 0.587781
vn -1.000000 0.000000 -0.000000
vn -0.809020 0.000004 -0.587781
vn -0.309021 -0.000003 -0.951055
vn 0.309021 0.000003 -0.951055
vn 0.809020 -0.000004 -0.587781
vn 0.741658 -0.669865 -0.034988
vn 0.620581 -0.669866 0.407625
vn 0.262466 -0.669869 0.694541
vn -0.195902 -0.669866 0.716171
vn -0.579453 -0.669861 0.464242
vn -0.741658 -0.669865 0.034988
vn -0.620581 -0.669866 -0.407625
vn -0.262466 -0.669869 -0.694541
vn 0.195902 -0.669866 -0.716171
vn 0.579453 -0.669861 -0.464242
vn 0.382357 -0.922756 -0.048204
vn 0.337666 -0.922756 0.185752
vn 0.163997 -0.922757 0.348748
vn -0.072305 -0.922757 0.378539
vn -0.280996 -0.922758 0.263741
vn -0.382357 -0.922756 0.048204
vn -0.337666 -0.922756 -0.185752
vn -0.163997 -0.922757 -0.348748
vn 0.072305 -0.922757 -0.378539
vn 0.280996 -0.922758 -0.263741
vn 0.158511 -0.986013 -0.051507
vn 0.158511 -0.986013 0.051507
vn 0.097961 -0.986013 0.134843
vn 0.000000 -0.986012 0.166672
vn -0.097961 -0.986013 0.134843
vn -0.158511 -0.986013 0.051507
vn -0.158511 -0.986013 -0.051507
vn -0.097961 -0.986013 -0.134843
vn 0.000000 -0.986012 -0.166672
vn 0.097961 -0.986013 -0.134843
vn 0.158511 0.986013 0.051507
vn 0.097961 0.986013 0.134843
vn 0.000000 0.986012 0.166672
vn -0.097961 0.986013 0.134843
vn -0.158511 0.986013 0.051507
vn -0.158511 0.986013 -0.051507
vn -0.097961 0.986013 -0.134843
vn 0.000000 0.986012 -0.166672
vn 0.097961 0.986013 -0.134843
vn 0.158511 0.986013 -0.051507
vn 0.382357 0.922756 0.048204
vn 0.280996 0.922758 0.263741
vn 0.072305 0.922757 0.378539
vn -0.163997 0.922757 0.348748
vn -0.337666 0.922756 0.185752
vn -0.382357 0.922756 -0.048204
vn -0.280996 0.922758 -0.263741
vn -0.072305 0.922757 -0.378539
vn 0.163997 0.922757 -0.348748
vn 0.337666 0.922756 -0.185752
vn 0.741658 0.669865 0.034988
vn 0.579453 0.669861 0.464242
vn 0.195902 0.669866 0.716171
vn -0.262466 0.669869 0.694541
vn -0.620581 0.669866 0.407625
vn -0.741658 0.669865 -0.034988
vn -0.579453 0.669861 -0.464242
vn -0.195902 0.669866 -0.716171
vn 0.262466 0.669869 -0.694541
vn 0.620581 0.669866 -0.407625
vn 1.000000 -0.000000 0.000000
vn 0.809020 0.000004 0.587781
vn 0.309021 -0.000003 0.951055
vn -0.309021 0.000003 0.951055
vn -0.809020 -0.000004 0.587781
vn -1.000000 0.000000 -0.000000
vn -0.809020 0.000004 -0.587781
vn -0.309021 -0.000003 -0.951055
vn 0.309021 0.000003 -0.951055
vn 0.809020 -0.000004 -0.587781
vn 0.741658 -0.669865 -0.034988
vn 0.620581 -0.669866 0.407625
vn 0.262466 -0.669869 0.694541
vn -0.195902 -0.669866 0.716171
vn -0.579453 -0.669861 0.464242
vn -0.741658 -0.669865 0.034988
vn -0.620581 -0.669866 -0.407625
vn -0.262466 -0.669869 -0.694541
vn 0.195902 -0.669866 -0.716171
vn 0.579453 -0.669861 -0.464242
vn 0.382357 -0.922756 -0.048204
vn 0.337666 -0.922756 0.185752
vn 0.163997 -0.922757 0.348748
vn -0.072305 -0.922757 0.378539
vn -0.280996 -0.922758 0.263741
vn -0.382357 -0.922756 0.048204
vn -0.337666 -0.922756 -0.185752
vn -0.163997 -0.922757 -0.348748
vn 0.072305 -0.922757 -0.378539
vn 0.280996 -0.922758 -0.263741
vn 0.158511 -0.986013 -0.051507
vn 0.158511 -0.986013 0.051507
vn 0.097961 -0.986013 0.134843
vn 0.000000 -0.986012 0.166672
vn -0.097961 -0.986013 0.134843
vn -0.158511 -0.986013 0.051507
vn -0.158511 -0.986013 -0.051507
vn -0.097961 -0.986013 -0.134843
vn 0.000000 -0.986012 -0.166672
vn 0.097961 -0.986013 -0.134843
vn 0.158511 0.986013 0.051507
vn 0.097961 0.986013 0.134843
vn 0.000000 0.986012 0.166672
vn -0.097961 0.986013 0.134843
vn -0.158511 0.986013 0.051507
vn -0.158511 0.986013 -0.051507
vn -0.097961 0.986013 -0.134843
vn 0.000000 0.986012 -0.166672
vn 0.097961 0.986013 -0.134843
vn 0.158511 0.986013 -0.051507
vn 0.382357 0.922756 0.048204
vn 0.280996 0.922758 0.263741
vn 0.072305 0.922757 0.378539
vn -0.163997 0.922757 0.348748
vn -0.337666 0.922756 0.185752
vn -0.382357 0.922756 -0.048204
vn -0.280996 0.922758 -0.263741
vn -0.072305 0.922757 -0.378539
vn 0.163997 0.922757 -0.348748
vn 0.337666 0.922756 -0.185752
vn 0.741658 0.669865 0.034988
vn 0.579453 0.669861 0.464242
vn 0.195902 0.669866 0.716171
vn -0.262466 0.669869 0.694541
vn -0.620581 0.669866 0.407625
vn -0.741658 0.669865 -0.034988
vn -0.579453 0.669861 -0.464242
vn -0.195902 0.669866 -0.716171
vn 0.262466 0.669869 -0.694541
vn 0.620581 0.669866 -0.407625
vn 1.000000 -0.000000 0.000000
vn 0.809020 0.000004 0.587781
vn 0.309021 -0.000003 0.951055
vn -0.309021 0.000003 0.951055
vn -0.809020 -0.000004 0.587781
vn -1.000000 0.000000 -0.000000
vn -0.809020 0.000004 -0.587781
vn -0.309021 -0.000003 -0.951055
vn 0.309021 0.000003 -0.951055
vn 0.809020 -0.000004 -0.587781
vn 0.741658 -0.669865 -0.034988
vn 0.620581 -0.669866 0.407625
vn 0.262466 -0.669869 0.694541
vn -0.195902 -0.669866 0.716171
vn -0.579453 -0.669861 0.464242
vn -0.741658 -0.669865 0.034988
vn -0.620581 -0.669866 -0.407625
vn -0.262466 -0.669869 -0.694541
vn 0.195902 -0.669866 -0.716171
vn 0.579453 -0.669861 -0.464242
vn 0.382357 -0.922756 -0.048204
vn 0.337666 -0.922756 0.185752
vn 0.163997 -0.922757 0.348748
vn -0.072305 -0.922757 0.378539
vn -0.280996 -0.922758 0.263741
vn -0.382357 -0.922756 0.048204
vn -0.337666 -0.922756 -0.185752
vn -0.163997 -0.922757 -0.348748
vn 0.072305 -0.922757 -0.378539
vn 0.280996 -0.922758 -0.263741
vn 0.158511 -0.986013 -0.051507
vn 0.158511 -0.986013 0.051507
vn 0.097961 -0.986013 0.134843
vn 0.000000 -0.986012 0.166672
vn -0.097961 -0.986013 0.134843
vn -0.158511 -0.986013 0.051507
vn -0.158511 -0.986013 -0.051507
vn -0.097961 -0.986013 -0.134843
vn 0.000000 -0.986012 -0.166672
vn 0.097961 -0.986013 -0.134843
vn 0.096919 0.994689 0.034640
vn 0.059864 0.994084 0.090633
vn 0.000000 0.993710 0.111986
vn -0.059864 0.994084 0.090633
vn -0.096919 0.994689 0.034640
vn -0.096919 0.994689 -0.034640
vn -0.059864 0.994084 -0.090633
vn 0.000000 0.993710 -0.111986
vn 0.059864 0.994084 -0.090633
vn 0.096919 0.994689 -0.034640
vn 0.243425 0.969332 0.033758
vn 0.178388 0.966570 0.184173
vn 0.045764 0.963569 0.263517
vn -0.103883 0.964448 0.242999
vn -0.214679 0.968007 0.129902
vn -0.243425 0.969332 -0.033758
vn -0.178388 0.966570 -0.184173
vn -0.045764 0.963569 -0.263517
vn 0.103883 0.964448 -0.242999
vn 0.214679 0.968007 -0.129902
vn 0.556966 0.830032 0.028905
vn 0.429727 0.819698 0.378721
vn 0.142855 0.805973 0.574457
vn -0.191715 0.807349 0.558062
vn -0.461554 0.822043 0.333485
vn -0.556966 0.830032 -0.028905
vn -0.429727 0.819698 -0.378721
vn -0.142855 0.805973 -0.574457
vn 0.191715 0.807349 -0.558062
vn 0.461554 0.822043 -0.333485
vn 1.000000 -0.000000 -0.000000
vn 0.781176 -0.000002 0.624311
vn 0.283280 -0.000001 0.959037
vn -0.283280 0.000001 0.959037
vn -0.781176 0.000002 0.624311
vn -1.000000 0.000000 0.000000
vn -0.781176 -0.000002 -0.624311
vn -0.283280 -0.000001 -0.959037
vn 0.283280 0.000001 -0.959037
vn 0.781176 0.000002 -0.624311
vn 0.556966 -0.830032 -0.028905
vn 0.461554 -0.822043 0.333485
vn 0.191715 -0.807349 0.558062
vn -0.142855 -0.805973 0.574457
vn -0.429727 -0.819698 0.378721
vn -0.556966 -0.830032 0.028905
vn -0.461554 -0.822043 -0.333485
vn -0.191715 -0.807349 -0.558062
vn 0.142855 -0.805973 -0.574457
vn 0.429727 -0.819698 -0.378721
vn 0.243425 -0.969332 -0.033758
vn 0.214679 -0.968007 0.129902
vn 0.103883 -0.964448 0.242999
vn -0.045764 -0.963569 0.263517
vn -0.178388 -0.966570 0.184173
vn -0.243425 -0.969332 0.033758
vn -0.214679 -0.968007 -0.129902
vn -0.103883 -0.964448 -0.242999
vn 0.045764 -0.963569 -0.263517
vn 0.178388 -0.966570 -0.184173
vn 0.096919 -0.994689 -0.034640
vn 0.096919 -0.994689 0.034640
vn 0.059864 -0.994084 0.090633
vn 0.000000 -0.993710 0.111986
vn -0.059864 -0.994084 0.090633
vn -0.096919 -0.994689 0.034640
vn -0.096919 -0.994689 -0.034640
vn -0.059864 -0.994084 -0.090633
vn 0.000000 -0.993710 -0.111986
vn 0.059864 -0.994084 -0.090633
vn 0.158511 0.986013 0.051507
vn 0.097961 0.986013 0.134843
vn 0.000000 0.986012 0.166672
vn -0.097961 0.986013 0.134843
vn -0.158511 0.986013 0.051507
vn -0.158511 0.986013 -0.051507
vn -0.097961 0.986013 -0.134843
vn 0.000000 0.986012 -0.166672
vn 0.097961 0.986013 -0.134843
vn 0.158511 0.986013 -0.051507
vn 0.382357 0.922756 0.048204
vn 0.280996 0.922758 0.263741
vn 0.072305 0.922757 0.378539
vn -0.163997 0.922757 0.348748
vn -0.337666 0.922756 0.185752
vn -0.382357 0.922756 -0.048204
vn -0.280996 0.922758 -0.263741
vn -0.072305 0.922757 -0.378539
vn 0.163997 0.922757 -0.348748
vn 0.337666 0.922756 -0.185752
vn 0.741658 0.669865 0.034988
vn 0.579453 0.669861 0.464242
vn 0.195902 0.669866 0.716171
vn -0.262466 0.669869 0.694541
vn -0.620581 0.669866 0.407625
vn -0.741658 0.669865 -0.034988
vn -0.579453 0.669861 -0.464242
vn -0.195902 0.669866 -0.716171
vn 0.262466 0.669869 -0.694541
vn 0.620581 0.669866 -0.407625
vn 1.000000 -0.000000 0.000000
vn 0.809020 0.000004 0.587781
vn 0.309021 -0.000003 0.951055
vn -0.309021 0.000003 0.951055
vn -0.809020 -0.000004 0.587781
vn -1.000000 0.000000 0.000000
vn -0.809020 0.000004 -0.587781
vn -0.309021 -0.000003 -0.951055
vn 0.309021 0.000003 -0.951055
vn 0.809020 -0.000004 -0.587781
vn 0.741658 -0.669865 -0.034988
vn 0.620581 -0.669866 0.407625
vn 0.262466 -0.669869 0.694541
vn -0.195902 -0.669866 0.716171
vn -0.579453 -0.669861 0.464242
vn -0.741658 -0.669865 0.034988
vn -0.620581 -0.669866 -0.407625
vn -0.262466 -0.669869 -0.694541
vn 0.195902 -0.669866 -0.716171
vn 0.579453 -0.669861 -0.464242
vn 0.382357 -0.922756 -0.048204
vn 0.337666 -0.922756 0.185752
vn 0.163997 -0.922757 0.348748
vn -0.072305 -0.922757 0.378539
vn -0.280996 -0.922758 0.263741
vn -0.382357 -0.922756 0.048204
vn -0.337666 -0.922756 -0.185752
vn -0.163997 -0.922757 -0.348748
vn 0.072305 -0.922757 -0.378539
vn 0.280996 -0.922758 -0.263741
vn 0.158511 -0.986013 -0.051507
vn 0.158511 -0.986013 0.051507
vn 0.097961 -0.986013 0.134843
vn 0.000000 -0.986012 0.166672
vn -0.097961 -0.986013 0.134843
vn -0.158511 -0.986013 0.051507
vn -0.158511 -0.986013 -0.051507
vn -0.097961 -0.986013 -0.134843
vn 0.000000 -0.986012 -0.166672
vn 0.097961 -0.986013 -0.134843
vn 0.158511 0.986013 0.051507
vn 0.097961 0.986013 0.134843
vn 0.000000 0.986012 0.166672
vn -0.097961 0.986013 0.134843
vn -0.158511 0.986013 0.051507
vn -0.158511 0.986013 -0.051507
vn -0.097961 0.986013 -0.134843
vn 0.000000 0.986012 -0.166672
vn 0.097961 0.986013 -0.134843
vn 0.158511 0.986013 -0.051507
vn 0.382357 0.922756 0.048204
vn 0.280996 0.922758 0.263741
vn 0.072305 0.922757 0.378539
vn -0.163997 0.922757 0.348748
vn -0.337666 0.922756 0.185752
vn -0.382357 0.922756 -0.048204
vn -0.280996 0.922758 -0.263741
vn -0.072305 0.922757 -0.378539
vn 0.163997 0.922757 -0.348748
vn 0.337666 0.922756 -0.185752
vn 0.741658 0.669865 0.034988
vn 0.579453 0.669861 0.464242
vn 0.195902 0.669866 0.716171
vn -0.262466 0.669869 0.694541
vn -0.620581 0.669866 0.407625
vn -0.741658 0.669865 -0.034988
vn -0.579453 0.669861 -0.464242
vn -0.195902 0.669866 -0.716171
vn 0.262466 0.669869 -0.694541
vn 0.620581 0.669866 -0.407625
vn 1.000000 -0.000000 0.000000
vn 0.809020 0.000004 0.587781
vn 0.309021 -0.000003 0.951055
vn -0.309021 0.000003 0.951055
vn -0.809020 -0.000004 0.587781
vn -1.000000 0.000000 0.000000
vn -0.809020 0.000004 -0.587781
vn -0.309021 -0.000003 -0.951055
vn 0.309021 0.000003 -0.951055
vn 0.809020 -0.000004 -0.587781
vn 0.741658 -0.669865 -0.034988
vn 0.620581 -0.669866 0.407625
vn 0.262466 -0.669869 0.694541
vn -0.195902 -0.669866 0.716171
vn -0.579453 -0.669861 0.464242
vn -0.741658 -0.669865 0.034988
vn -0.620581 -0.669866 -0.407625
vn -0.262466 -0.669869 -0.694541
vn 0.195902 -0.669866 -0.716171
vn 0.579453 -0.669861 -0.464242
vn 0.382357 -0.922756 -0.048204
vn 0.337666 -0.922756 0.185752
vn 0.163997 -0.922757 0.348748
vn -0.072305 -0.922757 0.378539
vn -0.280996 -0.922758 0.263741
vn -0.382357 -0.922756 0.048204
vn -0.337666 -0.922756 -0.185752
vn -0.163997 -0.922757 -0.348748
vn 0.072305 -0.922757 -0.378539
vn 0.280996 -0.922758 -0.263741
vn 0.158511 -0.986013 -0.051507
vn 0.158511 -0.986013 0.051507
vn 0.097961 -0.986013 0.134843
vn 0.000000 -0.986012 0.166672
vn -0.097961 -0.986013 0.134843
vn -0.158511 -0.986013 0.051507
vn -0.158511 -0.986013 -0.051507
vn -0.097961 -0.986013 -0.134843
vn 0.000000 -0.986012 -0.166672
vn 0.097961 -0.986013 -0.134843
vn 0.158511 0.986013 0.051507
vn 0.097961 0.986013 0.134843
vn 0.000000 0.986012 0.166672
vn -0.097961 0.986013 0.134843
vn -0.158511 0.986013 0.051507
vn -0.158511 0.986013 -0.051507
vn -0.097961 0.986013 -0.134843
vn 0.000000 0.986012 -0.166672
vn 0.097961 0.986013 -0.134843
vn 0.158511 0.986013 -0.051507
vn 0.382357 0.922756 0.048204
vn 0.280996 0.922758 0.263741
vn 0.072305 0.922757 0.378539
vn -0.163997 0.922757 0.348748
vn -0.337666 0.922756 0.185752
vn -0.382357 0.922756 -0.048204
vn -0.280996 0.922758 -0.263741
vn -0.072305 0.922757 -0.378539
vn 0.163997 0.922757 -0.348748
vn 0.337666 0.922756 -0.185752
vn 0.741658 0.669865 0.034988
vn 0.579453 0.669861 0.464242
vn 0.195902 0.669866 0.716171
vn -0.262466 0.669869 0.694541
vn -0.620581 0.669866 0.407625
vn -0.741658 0.669865 -0.034988
vn -0.579453 0.669861 -0.464242
vn -0.195902 0.669866 -0.716171
vn 0.262466 0.669869 -0.694541
vn 0.620581 0.669866 -0.407625
vn 1.000000 -0.000000 0.000000
vn 0.809020 0.000004 0.587781
vn 0.309021 -0.000003 0.951055
vn -0.309021 0.000003 0.951055
vn -0.809020 -0.000004 0.587781
vn -1.000000 0.000000 -0.000000
vn -0.809020 0.000004 -0.587781
vn -0.309021 -0.000003 -0.951055
vn 0.309021 0.000003 -0.951055
vn 0.809020 -0.000004 -0.587781
vn 0.741658 -0.669865 -0.034988
vn 0.620581 -0.669866 0.407625
vn 0.262466 -0.669869 0.694541
vn -0.195902 -0.669866 0.716171
vn -0.579453 -0.669861 0.464242
vn -0.741658 -0.669865 0.034988
vn -0.620581 -0.669866 -0.407625
vn -0.262466 -0.669869 -0.694541
vn 0.195902 -0.669866 -0.716171
vn 0.579453 -0.669861 -0.464242
vn 0.382357 -0.922756 -0.048204
vn 0.337666 -0.922756 0.185752
vn 0.163997 -0.922757 0.348748
vn -0.072305 -0.922757 0.378539
vn -0.280996 -0.922758 0.263741
vn -0.382357 -0.922756 0.048204
vn -0.337666 -0.922756 -0.185752
vn -0.163997 -0.922757 -0.348748
vn 0.072305 -0.922757 -0.378539
vn 0.280996 -0.922758 -0.263741
vn 0.158511 -0.986013 -0.051507
vn 0.158511 -0.986013 0.051507
vn 0.097961 -0.986013 0.134843
vn 0.000000 -0.986012 0.166672
vn -0.097961 -0.986013 0.134843
vn -0.158511 -0.986013 0.051507
vn -0.158511 -0.986013 -0.051507
vn -0.097961 -0.986013 -0.134843
vn 0.000000 -0.986012 -0.166672
vn 0.097961 -0.986013 -0.134843
vn 0.096919 0.994689 0.034640
vn 0.059864 0.994084 0.090633
vn 0.000000 0.993710 0.111986
vn -0.059864 0.994084 0.090633
vn -0.096919 0.994689 0.034640
vn -0.096919 0.994689 -0.034640
vn -0.059864 0.994084 -0.090633
vn 0.000000 0.993710 -0.111986
vn 0.059864 0.994084 -0.090633
vn 0.096919 0.994689 -0.034640
vn 0.243425 0.969332 0.033758
vn 0.178388 0.966570 0.184173
vn 0.045764 0.963569 0.263517
vn -0.103883 0.964448 0.242999
vn -0.214679 0.968007 0.129902
vn -0.243425 0.969332 -0.033758
vn -0.178388 0.966570 -0.184173
vn -0.045764 0.963569 -0.263517
vn 0.103883 0.964448 -0.242999
vn 0.214679 0.968007 -0.129902
vn 0.556966 0.830032 0.028905
vn 0.429727 0.819698 0.378721
vn 0.142855 0.805973 0.574457
vn -0.191715 0.807349 0.558062
vn -0.461554 0.822043 0.333485
vn -0.556966 0.830032 -0.028905
vn -0.429727 0.819698 -0.378721
vn -0.142855 0.805973 -0.574457
vn 0.191715 0.807349 -0.558062
vn 0.461554 0.822043 -0.333485
vn 1.000000 -0.000000 -0.000000
vn 0.781176 -0.000002 0.624311
vn 0.283280 -0.000001 0.959037
vn -0.283280 0.000001 0.959037
vn -0.781176 0.000002 0.624311
vn -1.000000 0.000000 0.000000
vn -0.781176 -0.000002 -0.624311
vn -0.283280 -0.000001 -0.959037
vn 0.283280 0.000001 -0.959037
vn 0.781176 0.000002 -0.624311
vn 0.556966 -0.830032 -0.028905
vn 0.461554 -0.822043 0.333485
vn 0.191715 -0.807349 0.558062
vn -0.142855 -0.805973 0.574457
vn -0.429727 -0.819698 0.378721
vn -0.556966 -0.830032 0.028905
vn -0.461554 -0.822043 -0.333485
vn -0.191715 -0.807349 -0.558062
vn 0.142855 -0.805973 -0.574457
vn 0.429727 -0.819698 -0.378721
vn 0.243425 -0.969332 -0.033758
vn 0.214679 -0.968007 0.129902
vn 0.103883 -0.964448 0.242999
vn -0.045764 -0.963569 0.263517
vn -0.178388 -0.966570 0.184173
vn -0.243425 -0.969332 0.033758
vn -0.214679 -0.968007 -0.129902
vn -0.103883 -0.964448 -0.242999
vn 0.045764 -0.963569 -0.263517
vn 0.178388 -0.966570 -0.184173
vn 0.096919 -0.994689 -0.034640
vn 0.096919 -0.994689 0.034640
vn 0.059864 -0.994084 0.090633
vn 0.000000 -0.993710 0.111986
vn -0.059864 -0.994084 0.090633
vn -0.096919 -0.994689 0.034640
vn -0.096919 -0.994689 -0.034640
vn -0.059864 -0.994084 -0.090633
vn 0.000000 -0.993710 -0.111986
vn 0.059864 -0.994084 -0.090633
vn 0.158511 0.986013 0.051507
vn 0.097961 0.986013 0.134843
vn 0.000000 0.986012 0.166672
vn -0.097961 0.986013 0.134843
vn -0.158511 0.986013 0.051507
vn -0.158511 0.986013 -0.051507
vn -0.097961 0.986013 -0.134843
vn 0.000000 0.986012 -0.166672
vn 0.097961 0.986013 -0.134843
vn 0.158511 0.986013 -0.051507
vn 0.382357 0.922756 0.048204
vn 0.280996 0.922758 0.263741
vn 0.072305 0.922757 0.378539
vn -0.163997 0.922757 0.348748
vn -0.337666 0.922756 0.185752
vn -0.382357 0.922756 -0.048204
vn -0.280996 0.922758 -0.263741
vn -0.072305 0.922757 -0.378539
vn 0.163997 0.922757 -0.348748
vn 0.337666 0.922756 -0.185752
vn 0.741658 0.669865 0.034988
vn 0.579453 0.669861 0.464242
vn 0.195902 0.669866 0.716171
vn -0.262466 0.669869 0.694541
vn -0.620581 0.669866 0.407625
vn -0.741658 0.669865 -0.034988
vn -0.579453 0.669861 -0.464242
vn -0.195902 0.669866 -0.716171
vn 0.262466 0.669869 -0.694541
vn 0.620581 0.669866 -0.407625
vn 1.000000 -0.000000 0.000000
vn 0.809020 0.000004 0.587781
vn 0.309021 -0.000003 0.951055
vn -0.309021 0.000003 0.951055
vn -0.809020 -0.000004 0.587781
vn -1.000000 0.000000 0.000000
vn -0.809020 0.000004 -0.587781
vn -0.309021 -0.000003 -0.951055
vn 0.309021 0.000003 -0.951055
vn 0.809020 -0.000004 -0.587781
vn 0.741658 -0.669865 -0.034988
vn 0.620581 -0.669866 0.407625
vn 0.262466 -0.669869 0.694541
vn -0.195902 -0.669866 0.716171
vn -0.579453 -0.669861 0.464242
vn -0.741658 -0.669865 0.034988
vn -0.620581 -0.669866 -0.407625
vn -0.262466 -0.669869 -0.694541
vn 0.195902 -0.669866 -0.716171
vn 0.579453 -0.669861 -0.464242
vn 0.382357 -0.922756 -0.048204
vn 0.337666 -0.922756 0.185752
vn 0.163997 -0.922757 0.348748
vn -0.072305 -0.922757 0.378539
vn -0.280996 -0.922758 0.263741
vn -0.382357 -0.922756 0.048204
vn -0.337666 -0.922756 -0.185752
vn -0.163997 -0.922757 -0.348748
vn 0.072305 -0.922757 -0.378539
vn 0.280996 -0.922758 -0.263741
vn 0.158511 -0.986013 -0.051507
vn 0.158511 -0.986013 0.051507
vn 0.097961 -0.986013 0.134843
vn 0.000000 -0.986012 0.166672
vn -0.097961 -0.986013 0.134843
vn -0.158511 -0.986013 0.051507
vn -0.158511 -0.986013 -0.051507
vn -0.097961 -0.986013 -0.134843
vn 0.000000 -0.986012 -0.166672
vn 0.097961 -0.986013 -0.134843
vn 0.158511 0.986013 0.051507
vn 0.097961 0.986013 0.134843
vn 0.000000 0.986012 0.166672
vn -0.097961 0.986013 0.134843
vn -0.158511 0.986013 0.051507
vn -0.158511 0.986013 -0.051507
vn -0.097961 0.986013 -0.134843
vn 0.000000 0.986012 -0.166672
vn 0.097961 0.986013 -0.134843
vn 0.158511 0.986013 -0.051507
vn 0.382357 0.922756 0.048204
vn 0.280996 0.922758 0.263741
vn 0.072305 0.922757 0.378539
vn -0.163997 0.922757 0.348748
vn -0.337666 0.922756 0.185752
vn -0.382357 0.922756 -0.048204
vn -0.280996 0.922758 -0.263741
vn -0.072305 0.922757 -0.378539
vn 0.163997 0.922757 -0.348748
vn 0.337666 0.922756 -0.185752
vn 0.741658 0.669865 0.034988
vn 0.579453 0.669861 0.464242
vn 0.195902 0.669866 0.716171
vn -0.262466 0.669869 0.694541
vn -0.620581 0.669866 0.407625
vn -0.741658 0.669865 -0.034988
vn -0.579453 0.669861 -0.464242
vn -0.195902 0.669866 -0.716171
vn 0.262466 0.669869 -0.694541
vn 0.620581 0.669866 -0.407625
vn 1.000000 -0.000000 0.000000
vn 0.809020 0.000004 0.587781
vn 0.309021 -0.000003 0.951055
vn -0.309021 0.000003 0.951055
vn -0.809020 -0.000004 0.587781
vn -1.000000 0.000000 -0.000000
vn -0.809020 0.000004 -0.587781
vn -0.309021 -0.000003 -0.951055
vn 0.309021 0.000003 -0.951055
vn 0.809020 -0.000004 -0.587781
vn 0.741658 -0.669865 -0.034988
vn 0.620581 -0.669866 0.407625
vn 0.262466 -0.669869 0.694541
vn -0.195902 -0.669866 0.716171
vn -0.579453 -0.669861 0.464242
vn -0.741658 -0.669865 0.034988
vn -0.620581 -0.669866 -0.407625
vn -0.262466 -0.669869 -0.694541
vn 0.195902 -0.669866 -0.716171
vn 0.579453 -0.669861 -0.464242
vn 0.382357 -0.922756 -0.048204
vn 0.337666 -0.922756 0.185752
vn 0.163997 -0.922757 0.348748
vn -0.072305 -0.922757 0.378539
vn -0.280996 -0.922758 0.263741
vn -0.382357 -0.922756 0.048204
vn -0.337666 -0.922756 -0.185752
vn -0.163997 -0.922757 -0.348748
vn 0.072305 -0.922757 -0.378539
vn 0.280996 -0.922758 -0.263741
vn 0.158511 -0.986013 -0.051507
vn 0.158511 -0.986013 0.051507
vn 0.097961 -0.986013 0.134843
vn 0.000000 -0.986012 0.166672
vn -0.097961 -0.986013 0.134843
vn -0.158511 -0.986013 0.051507
vn -0.158511 -0.986013 -0.051507
vn -0.097961 -0.986013 -0.134843
vn 0.000000 -0.986012 -0.166672
vn 0.097961 -0.986013 -0.134843
vn 0.158511 0.986013 0.051507
vn 0.097961 0.986013 0.134843
vn 0.000000 0.986012 0.166672
vn -0.097961 0.986013 0.134843
vn -0.158511 0.986013 0.051507
vn -0.158511 0.986013 -0.051507
vn -0.097961 0.986013 -0.134843
vn 0.000000 0.986012 -0.166672
vn 0.097961 0.986013 -0.134843
vn 0.158511 0.986013 -0.051507
vn 0.382357 0.922756 0.048204
vn 0.280996 0.922758 0.263741
vn 0.072305 0.922757 0.378539
vn -0.163997 0.922757 0.348748
vn -0.337666 0.922756 0.185752
vn -0.382357 0.922756 -0.048204
vn -0.280996 0.922758 -0.263741
vn -0.072305 0.922757 -0.378539
vn 0.163997 0.922757 -0.348748
vn 0.337666 0.922756 -0.185752
vn 0.741658 0.669865 0.034988
vn 0.579453 0.669861 0.464242
vn 0.195902 0.669866 0.716171
vn -0.262466 0.669869 0.694541
vn -0.620581 0.669866 0.407625
vn -0.741658 0.669865 -0.034988
vn -0.579453 0.669861 -0.464242
vn -0.195902 0.669866 -0.716171
vn 0.262466 0.669869 -0.694541
vn 0.620581 0.669866 -0.407625
vn 1.000000 -0.000000 0.000000
vn 0.809020 0.000004 0.587781
vn 0.309021 -0.000003 0.951055
vn -0.309021 0.000003 0.951055
vn -0.809020 -0.000004 0.587781
vn -1.000000 0.000000 0.000000
vn -0.809020 0.000004 -0.587781
vn -0.309021 -0.000003 -0.951055
vn 0.309021 0.000003 -0.951055
vn 0.809020 -0.000004 -0.587781
vn 0.741658 -0.669865 -0.034988
vn 0.620581 -0.669866 0.407625
vn 0.262466 -0.669869 0.694541
vn -0.195902 -0.669866 0.716171
vn -0.579453 -0.669861 0.464242
vn -0.741658 -0.669865 0.034988
vn -0.620581 -0.669866 -0.407625
vn -0.262466 -0.669869 -0.694541
vn 0.195902 -0.669866 -0.716171
vn 0.579453 -0.669861 -0.464242
vn 0.382357 -0.922756 -0.048204
vn 0.337666 -0.922756 0.185752
vn 0.163997 -0.922757 0.348748
vn -0.072305 -0.922757 0.378539
vn -0.280996 -0.922758 0.263741
vn -0.382357 -0.922756 0.048204
vn -0.337666 -0.922756 -0.185752
vn -0.163997 -0.922757 -0.348748
vn 0.072305 -0.922757 -0.378539
vn 0.280996 -0.922758 -0.263741
vn 0.158511 -0.986013 -0.051507
vn 0.158511 -0.986013 0.051507
vn 0.097961 -0.986013 0.134843
vn 0.000000 -0.986012 0.166672
vn -0.097961 -0.986013 0.134843
vn -0.158511 -0.986013 0.051507
vn -0.158511 -0.986013 -0.051507
vn -0.097961 -0.986013 -0.134843
vn 0.000000 -0.986012 -0.166672
vn 0.097961 -0.986013 -0.134843

# Procedural low-poly sitting panda v5 (capped cylinders -> no hollow legs)


g torso
usemtl panda_white
f 1/1/1 2/2/2 16/16/16
f 1/1/1 16/16/16 15/15/15
f 2/2/2 3/3/3 17/17/17
f 2/2/2 17/17/17 16/16/16
f 3/3/3 4/4/4 18/18/18
f 3/3/3 18/18/18 17/17/17
f 4/4/4 5/5/5 19/19/19
f 4/4/4 19/19/19 18/18/18
f 5/5/5 6/6/6 20/20/20
f 5/5/5 20/20/20 19/19/19
f 6/6/6 7/7/7 21/21/21
f 6/6/6 21/21/21 20/20/20
f 7/7/7 8/8/8 22/22/22
f 7/7/7 22/22/22 21/21/21
f 8/8/8 9/9/9 23/23/23
f 8/8/8 23/23/23 22/22/22
f 9/9/9 10/10/10 24/24/24
f 9/9/9 24/24/24 23/23/23
f 10/10/10 11/11/11 25/25/25
f 10/10/10 25/25/25 24/24/24
f 11/11/11 12/12/12 26/26/26
f 11/11/11 26/26/26 25/25/25
f 12/12/12 13/13/13 27/27/27
f 12/12/12 27/27/27 26/26/26
f 13/13/13 14/14/14 28/28/28
f 13/13/13 28/28/28 27/27/27
f 14/14/14 1/1/1 15/15/15
f 14/14/14 15/15/15 28/28/28
f 15/15/15 16/16/16 30/30/30
f 15/15/15 30/30/30 29/29/29
f 16/16/16 17/17/17 31/31/31
f 16/16/16 31/31/31 30/30/30
f 17/17/17 18/18/18 32/32/32
f 17/17/17 32/32/32 31/31/31
f 18/18/18 19/19/19 33/33/33
f 18/18/18 33/33/33 32/32/32
f 19/19/19 20/20/20 34/34/34
f 19/19/19 34/34/34 33/33/33
f 20/20/20 21/21/21 35/35/35
f 20/20/20 35/35/35 34/34/34
f 21/21/21 22/22/22 36/36/36
f 21/21/21 36/36/36 35/35/35
f 22/22/22 23/23/23 37/37/37
f 22/22/22 37/37/37 36/36/36
f 23/23/23 24/24/24 38/38/38
f 23/23/23 38/38/38 37/37/37
f 24/24/24 25/25/25 39/39/39
f 24/24/24 39/39/39 38/38/38
f 25/25/25 26/26/26 40/40/40
f 25/25/25 40/40/40 39/39/39
f 26/26/26 27/27/27 41/41/41
f 26/26/26 41/41/41 40/40/40
f 27/27/27 28/28/28 42/42/42
f 27/27/27 42/42/42 41/41/41
f 28/28/28 15/15/15 29/29/29
f 28/28/28 29/29/29 42/42/42
f 29/29/29 30/30/30 44/44/44
f 29/29/29 44/44/44 43/43/43
f 30/30/30 31/31/31 45/45/45
f 30/30/30 45/45/45 44/44/44
f 31/31/31 32/32/32 46/46/46
f 31/31/31 46/46/46 45/45/45
f 32/32/32 33/33/33 47/47/47
f 32/32/32 47/47/47 46/46/46
f 33/33/33 34/34/34 48/48/48
f 33/33/33 48/48/48 47/47/47
f 34/34/34 35/35/35 49/49/49
f 34/34/34 49/49/49 48/48/48
f 35/35/35 36/36/36 50/50/50
f 35/35/35 50/50/50 49/49/49
f 36/36/36 37/37/37 51/51/51
f 36/36/36 51/51/51 50/50/50
f 37/37/37 38/38/38 52/52/52
f 37/37/37 52/52/52 51/51/51
f 38/38/38 39/39/39 53/53/53
f 38/38/38 53/53/53 52/52/52
f 39/39/39 40/40/40 54/54/54
f 39/39/39 54/54/54 53/53/53
f 40/40/40 41/41/41 55/55/55
f 40/40/40 55/55/55 54/54/54
f 41/41/41 42/42/42 56/56/56
f 41/41/41 56/56/56 55/55/55
f 42/42/42 29/29/29 43/43/43
f 42/42/42 43/43/43 56/56/56
f 43/43/43 44/44/44 58/58/58
f 43/43/43 58/58/58 57/57/57
f 44/44/44 45/45/45 59/59/59
f 44/44/44 59/59/59 58/58/58
f 45/45/45 46/46/46 60/60/60
f 45/45/45 60/60/60 59/59/59
f 46/46/46 47/47/47 61/61/61
f 46/46/46 61/61/61 60/60/60
f 47/47/47 48/48/48 62/62/62
f 47/47/47 62/62/62 61/61/61
f 48/48/48 49/49/49 63/63/63
f 48/48/48 63/63/63 62/62/62
f 49/49/49 50/50/50 64/64/64
f 49/49/49 64/64/64 63/63/63
f 50/50/50 51/51/51 65/65/65
f 50/50/50 65/65/65 64/64/64
f 51/51/51 52/52/52 66/66/66
f 51/51/51 66/66/66 65/65/65
f 52/52/52 53/53/53 67/67/67
f 52/52/52 67/67/67 66/66/66
f 53/53/53 54/54/54 68/68/68
f 53/53/53 68/68/68 67/67/67
f 54/54/54 55/55/55 69/69/69
f 54/54/54 69/69/69 68/68/68
f 55/55/55 56/56/56 70/70/70
f 55/55/55 70/70/70 69/69/69
f 56/56/56 43/43/43 57/57/57
f 56/56/56 57/57/57 70/70/70
f 57/57/57 58/58/58 72/72/72
f 57/57/57 72/72/72 71/71/71
f 58/58/58 59/59/59 73/73/73
f 58/58/58 73/73/73 72/72/72
f 59/59/59 60/60/60 74/74/74
f 59/59/59 74/74/74 73/73/73
f 60/60/60 61/61/61 75/75/75
f 60/60/60 75/75/75 74/74/74
f 61/61/61 62/62/62 76/76/76
f 61/61/61 76/76/76 75/75/75
f 62/62/62 63/63/63 77/77/77
f 62/62/62 77/77/77 76/76/76
f 63/63/63 64/64/64 78/78/78
f 63/63/63 78/78/78 77/77/77
f 64/64/64 65/65/65 79/79/79
f 64/64/64 79/79/79 78/78/78
f 65/65/65 66/66/66 80/80/80
f 65/65/65 80/80/80 79/79/79
f 66/66/66 67/67/67 81/81/81
f 66/66/66 81/81/81 80/80/80
f 67/67/67 68/68/68 82/82/82
f 67/67/67 82/82/82 81/81/81
f 68/68/68 69/69/69 83/83/83
f 68/68/68 83/83/83 82/82/82
f 69/69/69 70/70/70 84/84/84
f 69/69/69 84/84/84 83/83/83
f 70/70/70 57/57/57 71/71/71
f 70/70/70 71/71/71 84/84/84
f 71/71/71 72/72/72 86/86/86
f 71/71/71 86/86/86 85/85/85
f 72/72/72 73/73/73 87/87/87
f 72/72/72 87/87/87 86/86/86
f 73/73/73 74/74/74 88/88/88
f 73/73/73 88/88/88 87/87/87
f 74/74/74 75/75/75 89/89/89
f 74/74/74 89/89/89 88/88/88
f 75/75/75 76/76/76 90/90/90
f 75/75/75 90/90/90 89/89/89
f 76/76/76 77/77/77 91/91/91
f 76/76/76 91/91/91 90/90/90
f 77/77/77 78/78/78 92/92/92
f 77/77/77 92/92/92 91/91/91
f 78/78/78 79/79/79 93/93/93
f 78/78/78 93/93/93 92/92/92
f 79/79/79 80/80/80 94/94/94
f 79/79/79 94/94/94 93/93/93
f 80/80/80 81/81/81 95/95/95
f 80/80/80 95/95/95 94/94/94
f 81/81/81 82/82/82 96/96/96
f 81/81/81 96/96/96 95/95/95
f 82/82/82 83/83/83 97/97/97
f 82/82/82 97/97/97 96/96/96
f 83/83/83 84/84/84 98/98/98
f 83/83/83 98/98/98 97/97/97
f 84/84/84 71/71/71 85/85/85
f 84/84/84 85/85/85 98/98/98
f 85/85/85 86/86/86 100/100/100
f 85/85/85 100/100/100 99/99/99
f 86/86/86 87/87/87 101/101/101
f 86/86/86 101/101/101 100/100/100
f 87/87/87 88/88/88 102/102/102
f 87/87/87 102/102/102 101/101/101
f 88/88/88 89/89/89 103/103/103
f 88/88/88 103/103/103 102/102/102
f 89/89/89 90/90/90 104/104/104
f 89/89/89 104/104/104 103/103/103
f 90/90/90 91/91/91 105/105/105
f 90/90/90 105/105/105 104/104/104
f 91/91/91 92/92/92 106/106/106
f 91/91/91 106/106/106 105/105/105
f 92/92/92 93/93/93 107/107/107
f 92/92/92 107/107/107 106/106/106
f 93/93/93 94/94/94 108/108/108
f 93/93/93 108/108/108 107/107/107
f 94/94/94 95/95/95 109/109/109
f 94/94/94 109/109/109 108/108/108
f 95/95/95 96/96/96 110/110/110
f 95/95/95 110/110/110 109/109/109
f 96/96/96 97/97/97 111/111/111
f 96/96/96 111/111/111 110/110/110
f 97/97/97 98/98/98 112/112/112
f 97/97/97 112/112/112 111/111/111
f 98/98/98 85/85/85 99/99/99
f 98/98/98 99/99/99 112/112/112
f 99/99/99 100/100/100 114/114/114
f 99/99/99 114/114/114 113/113/113
f 100/100/100 101/101/101 115/115/115
f 100/100/100 115/115/115 114/114/114
f 101/101/101 102/102/102 116/116/116
f 101/101/101 116/116/116 115/115/115
f 102/102/102 103/103/103 117/117/117
f 102/102/102 117/117/117 116/116/116
f 103/103/103 104/104/104 118/118/118
f 103/103/103 118/118/118 117/117/117
f 104/104/104 105/105/105 119/119/119
f 104/104/104 119/119/119 118/118/118
f 105/105/105 106/106/106 120/120/120
f 105/105/105 120/120/120 119/119/119
f 106/106/106 107/107/107 121/121/121
f 106/106/106 121/121/121 120/120/120
f 107/107/107 108/108/108 122/122/122
f 107/107/107 122/122/122 121/121/121
f 108/108/108 109/109/109 123/123/123
f 108/108/108 123/123/123 122/122/122
f 109/109/109 110/110/110 124/124/124
f 109/109/109 124/124/124 123/123/123
f 110/110/110 111/111/111 125/125/125
f 110/110/110 125/125/125 124/124/124
f 111/111/111 112/112/112 126/126/126
f 111/111/111 126/126/126 125/125/125
f 112/112/112 99/99/99 113/113/113
f 112/112/112 113/113/113 126/126/126
f 113/113/113 114/114/114 128/128/128
f 113/113/113 128/128/128 127/127/127
f 114/114/114 115/115/115 129/129/129
f 114/114/114 129/129/129 128/128/128
f 115/115/115 116/116/116 130/130/130
f 115/115/115 130/130/130 129/129/129
f 116/116/116 117/117/117 131/131/131
f 116/116/116 131/131/131 130/130/130
f 117/117/117 118/118/118 132/132/132
f 117/117/117 132/132/132 131/131/131
f 118/118/118 119/119/119 133/133/133
f 118/118/118 133/133/133 132/132/132
f 119/119/119 120/120/120 134/134/134
f 119/119/119 134/134/134 133/133/133
f 120/120/120 121/121/121 135/135/135
f 120/120/120 135/135/135 134/134/134
f 121/121/121 122/122/122 136/136/136
f 121/121/121 136/136/136 135/135/135
f 122/122/122 123/123/123 137/137/137
f 122/122/122 137/137/137 136/136/136
f 123/123/123 124/124/124 138/138/138
f 123/123/123 138/138/138 137/137/137
f 124/124/124 125/125/125 139/139/139
f 124/124/124 139/139/139 138/138/138
f 125/125/125 126/126/126 140/140/140
f 125/125/125 140/140/140 139/139/139
f 126/126/126 113/113/113 127/127/127
f 126/126/126 127/127/127 140/140/140
g head
f 141/141/141 142/142/142 156/156/156
f 141/141/141 156/156/156 155/155/155
f 142/142/142 143/143/143 157/157/157
f 142/142/142 157/157/157 156/156/156
f 143/143/143 144/144/144 158/158/158
f 143/143/143 158/158/158 157/157/157
f 144/144/144 145/145/145 159/159/159
f 144/144/144 159/159/159 158/158/158
f 145/145/145 146/146/146 160/160/160
f 145/145/145 160/160/160 159/159/159
f 146/146/146 147/147/147 161/161/161
f 146/146/146 161/161/161 160/160/160
f 147/147/147 148/148/148 162/162/162
f 147/147/147 162/162/162 161/161/161
f 148/148/148 149/149/149 163/163/163
f 148/148/148 163/163/163 162/162/162
f 149/149/149 150/150/150 164/164/164
f 149/149/149 164/164/164 163/163/163
f 150/150/150 151/151/151 165/165/165
f 150/150/150 165/165/165 164/164/164
f 151/151/151 152/152/152 166/166/166
f 151/151/151 166/166/166 165/165/165
f 152/152/152 153/153/153 167/167/167
f 152/152/152 167/167/167 166/166/166
f 153/153/153 154/154/154 168/168/168
f 153/153/153 168/168/168 167/167/167
f 154/154/154 141/141/141 155/155/155
f 154/154/154 155/155/155 168/168/168
f 155/155/155 156/156/156 170/170/170
f 155/155/155 170/170/170 169/169/169
f 156/156/156 157/157/157 171/171/171
f 156/156/156 171/171/171 170/170/170
f 157/157/157 158/158/158 172/172/172
f 157/157/157 172/172/172 171/171/171
f 158/158/158 159/159/159 173/173/173
f 158/158/158 173/173/173 172/172/172
f 159/159/159 160/160/160 174/174/174
f 159/159/159 174/174/174 173/173/173
f 160/160/160 161/161/161 175/175/175
f 160/160/160 175/175/175 174/174/174
f 161/161/161 162/162/162 176/176/176
f 161/161/161 176/176/176 175/175/175
f 162/162/162 163/163/163 177/177/177
f 162/162/162 177/177/177 176/176/176
f 163/163/163 164/164/164 178/178/178
f 163/163/163 178/178/178 177/177/177
f 164/164/164 165/165/165 179/179/179
f 164/164/164 179/179/179 178/178/178
f 165/165/165 166/166/166 180/180/180
f 165/165/165 180/180/180 179/179/179
f 166/166/166 167/167/167 181/181/181
f 166/166/166 181/181/181 180/180/180
f 167/167/167 168/168/168 182/182/182
f 167/167/167 182/182/182 181/181/181
f 168/168/168 155/155/155 169/169/169
f 168/168/168 169/169/169 182/182/182
f 169/169/169 170/170/170 184/184/184
f 169/169/169 184/184/184 183/183/183
f 170/170/170 171/171/171 185/185/185
f 170/170/170 185/185/185 184/184/184
f 171/171/171 172/172/172 186/186/186
f 171/171/171 186/186/186 185/185/185
f 172/172/172 173/173/173 187/187/187
f 172/172/172 187/187/187 186/186/186
f 173/173/173 174/174/174 188/188/188
f 173/173/173 188/188/188 187/187/187
f 174/174/174 175/175/175 189/189/189
f 174/174/174 189/189/189 188/188/188
f 175/175/175 176/176/176 190/190/190
f 175/175/175 190/190/190 189/189/189
f 176/176/176 177/177/177 191/191/191
f 176/176/176 191/191/191 190/190/190
f 177/177/177 178/178/178 192/192/192
f 177/177/177 192/192/192 191/191/191
f 178/178/178 179/179/179 193/193/193
f 178/178/178 193/193/193 192/192/192
f 179/179/179 180/180/180 194/194/194
f 179/179/179 194/194/194 193/193/193
f 180/180/180 181/181/181 195/195/195
f 180/180/180 195/195/195 194/194/194
f 181/181/181 182/182/182 196/196/196
f 181/181/181 196/196/196 195/195/195
f 182/182/182 169/169/169 183/183/183
f 182/182/182 183/183/183 196/196/196
f 183/183/183 184/184/184 198/198/198
f 183/183/183 198/198/198 197/197/197
f 184/184/184 185/185/185 199/199/199
f 184/184/184 199/199/199 198/198/198
f 185/185/185 186/186/186 200/200/200
f 185/185/185 200/200/200 199/199/199
f 186/186/186 187/187/187 201/201/201
f 186/186/186 201/201/201 200/200/200
f 187/187/187 188/188/188 202/202/202
f 187/187/187 202/202/202 201/201/201
f 188/188/188 189/189/189 203/203/203
f 188/188/188 203/203/203 202/202/202
f 189/189/189 190/190/190 204/204/204
f 189/189/189 204/204/204 203/203/203
f 190/190/190 191/191/191 205/205/205
f 190/190/190 205/205/205 204/204/204
f 191/191/191 192/192/192 206/206/206
f 191/191/191 206/206/206 205/205/205
f 192/192/192 193/193/193 207/207/207
f 192/192/192 207/207/207 206/206/206
f 193/193/193 194/194/194 208/208/208
f 193/193/193 208/208/208 207/207/207
f 194/194/194 195/195/195 209/209/209
f 194/194/194 209/209/209 208/208/208
f 195/195/195 196/196/196 210/210/210
f 195/195/195 210/210/210 209/209/209
f 196/196/196 183/183/183 197/197/197
f 196/196/196 197/197/197 210/210/210
f 197/197/197 198/198/198 212/212/212
f 197/197/197 212/212/212 211/211/211
f 198/198/198 199/199/199 213/213/213
f 198/198/198 213/213/213 212/212/212
f 199/199/199 200/200/200 214/214/214
f 199/199/199 214/214/214 213/213/213
f 200/200/200 201/201/201 215/215/215
f 200/200/200 215/215/215 214/214/214
f 201/201/201 202/202/202 216/216/216
f 201/201/201 216/216/216 215/215/215
f 202/202/202 203/203/203 217/217/217
f 202/202/202 217/217/217 216/216/216
f 203/203/203 204/204/204 218/218/218
f 203/203/203 218/218/218 217/217/217
f 204/204/204 205/205/205 219/219/219
f 204/204/204 219/219/219 218/218/218
f 205/205/205 206/206/206 220/220/220
f 205/205/205 220/220/220 219/219/219
f 206/206/206 207/207/207 221/221/221
f 206/206/206 221/221/221 220/220/220
f 207/207/207 208/208/208 222/222/222
f 207/207/207 222/222/222 221/221/221
f 208/208/208 209/209/209 223/223/223
f 208/208/208 223/223/223 222/222/222
f 209/209/209 210/210/210 224/224/224
f 209/209/209 224/224/224 223/223/223
f 210/210/210 197/197/197 211/211/211
f 210/210/210 211/211/211 224/224/224
f 211/211/211 212/212/212 226/226/226
f 211/211/211 226/226/226 225/225/225
f 212/212/212 213/213/213 227/227/227
f 212/212/212 227/227/227 226/226/226
f 213/213/213 214/214/214 228/228/228
f 213/213/213 228/228/228 227/227/227
f 214/214/214 215/215/215 229/229/229
f 214/214/214 229/229/229 228/228/228
f 215/215/215 216/216/216 230/230/230
f 215/215/215 230/230/230 229/229/229
f 216/216/216 217/217/217 231/231/231
f 216/216/216 231/231/231 230/230/230
f 217/217/217 218/218/218 232/232/232
f 217/217/217 232/232/232 231/231/231
f 218/218/218 219/219/219 233/233/233
f 218/218/218 233/233/233 232/232/232
f 219/219/219 220/220/220 234/234/234
f 219/219/219 234/234/234 233/233/233
f 220/220/220 221/221/221 235/235/235
f 220/220/220 235/235/235 234/234/234
f 221/221/221 222/222/222 236/236/236
f 221/221/221 236/236/236 235/235/235
f 222/222/222 223/223/223 237/237/237
f 222/222/222 237/237/237 236/236/236
f 223/223/223 224/224/224 238/238/238
f 223/223/223 238/238/238 237/237/237
f 224/224/224 211/211/211 225/225/225
f 224/224/224 225/225/225 238/238/238
f 225/225/225 226/226/226 240/240/240
f 225/225/225 240/240/240 239/239/239
f 226/226/226 227/227/227 241/241/241
f 226/226/226 241/241/241 240/240/240
f 227/227/227 228/228/228 242/242/242
f 227/227/227 242/242/242 241/241/241
f 228/228/228 229/229/229 243/243/243
f 228/228/228 243/243/243 242/242/242
f 229/229/229 230/230/230 244/244/244
f 229/229/229 244/244/244 243/243/243
f 230/230/230 231/231/231 245/245/245
f 230/230/230 245/245/245 244/244/244
f 231/231/231 232/232/232 246/246/246
f 231/231/231 246/246/246 245/245/245
f 232/232/232 233/233/233 247/247/247
f 232/232/232 247/247/247 246/246/246
f 233/233/233 234/234/234 248/248/248
f 233/233/233 248/248/248 247/247/247
f 234/234/234 235/235/235 249/249/249
f 234/234/234 249/249/249 248/248/248
f 235/235/235 236/236/236 250/250/250
f 235/235/235 250/250/250 249/249/249
f 236/236/236 237/237/237 251/251/251
f 236/236/236 251/251/251 250/250/250
f 237/237/237 238/238/238 252/252/252
f 237/237/237 252/252/252 251/251/251
f 238/238/238 225/225/225 239/239/239
f 238/238/238 239/239/239 252/252/252
f 239/239/239 240/240/240 254/254/254
f 239/239/239 254/254/254 253/253/253
f 240/240/240 241/241/241 255/255/255
f 240/240/240 255/255/255 254/254/254
f 241/241/241 242/242/242 256/256/256
f 241/241/241 256/256/256 255/255/255
f 242/242/242 243/243/243 257/257/257
f 242/242/242 257/257/257 256/256/256
f 243/243/243 244/244/244 258/258/258
f 243/243/243 258/258/258 257/257/257
f 244/244/244 245/245/245 259/259/259
f 244/244/244 259/259/259 258/258/258
f 245/245/245 246/246/246 260/260/260
f 245/245/245 260/260/260 259/259/259
f 246/246/246 247/247/247 261/261/261
f 246/246/246 261/261/261 260/260/260
f 247/247/247 248/248/248 262/262/262
f 247/247/247 262/262/262 261/261/261
f 248/248/248 249/249/249 263/263/263
f 248/248/248 263/263/263 262/262/262
f 249/249/249 250/250/250 264/264/264
f 249/249/249 264/264/264 263/263/263
f 250/250/250 251/251/251 265/265/265
f 250/250/250 265/265/265 264/264/264
f 251/251/251 252/252/252 266/266/266
f 251/251/251 266/266/266 265/265/265
f 252/252/252 239/239/239 253/253/253
f 252/252/252 253/253/253 266/266/266
f 253/253/253 254/254/254 268/268/268
f 253/253/253 268/268/268 267/267/267
f 254/254/254 255/255/255 269/269/269
f 254/254/254 269/269/269 268/268/268
f 255/255/255 256/256/256 270/270/270
f 255/255/255 270/270/270 269/269/269
f 256/256/256 257/257/257 271/271/271
f 256/256/256 271/271/271 270/270/270
f 257/257/257 258/258/258 272/272/272
f 257/257/257 272/272/272 271/271/271
f 258/258/258 259/259/259 273/273/273
f 258/258/258 273/273/273 272/272/272
f 259/259/259 260/260/260 274/274/274
f 259/259/259 274/274/274 273/273/273
f 260/260/260 261/261/261 275/275/275
f 260/260/260 275/275/275 274/274/274
f 261/261/261 262/262/262 276/276/276
f 261/261/261 276/276/276 275/275/275
f 262/262/262 263/263/263 277/277/277
f 262/262/262 277/277/277 276/276/276
f 263/263/263 264/264/264 278/278/278
f 263/263/263 278/278/278 277/277/277
f 264/264/264 265/265/265 279/279/279
f 264/264/264 279/279/279 278/278/278
f 265/265/265 266/266/266 280/280/280
f 265/265/265 280/280/280 279/279/279
f 266/266/266 253/253/253 267/267/267
f 266/266/266 267/267/267 280/280/280
g ear_L
usemtl panda_black
f 281/281/281 282/282/282 294/294/294
f 281/281/281 294/294/294 293/293/293
f 282/282/282 283/283/283 295/295/295
f 282/282/282 295/295/295 294/294/294
f 283/283/283 284/284/284 296/296/296
f 283/283/283 296/296/296 295/295/295
f 284/284/284 285/285/285 297/297/297
f 284/284/284 297/297/297 296/296/296
f 285/285/285 286/286/286 298/298/298
f 285/285/285 298/298/298 297/297/297
f 286/286/286 287/287/287 299/299/299
f 286/286/286 299/299/299 298/298/298
f 287/287/287 288/288/288 300/300/300
f 287/287/287 300/300/300 299/299/299
f 288/288/288 289/289/289 301/301/301
f 288/288/288 301/301/301 300/300/300
f 289/289/289 290/290/290 302/302/302
f 289/289/289 302/302/302 301/301/301
f 290/290/290 291/291/291 303/303/303
f 290/290/290 303/303/303 302/302/302
f 291/291/291 292/292/292 304/304/304
f 291/291/291 304/304/304 303/303/303
f 292/292/292 281/281/281 293/293/293
f 292/292/292 293/293/293 304/304/304
f 293/293/293 294/294/294 306/306/306
f 293/293/293 306/306/306 305/305/305
f 294/294/294 295/295/295 307/307/307
f 294/294/294 307/307/307 306/306/306
f 295/295/295 296/296/296 308/308/308
f 295/295/295 308/308/308 307/307/307
f 296/296/296 297/297/297 309/309/309
f 296/296/296 309/309/309 308/308/308
f 297/297/297 298/298/298 310/310/310
f 297/297/297 310/310/310 309/309/309
f 298/298/298 299/299/299 311/311/311
f 298/298/298 311/311/311 310/310/310
f 299/299/299 300/300/300 312/312/312
f 299/299/299 312/312/312 311/311/311
f 300/300/300 301/301/301 313/313/313
f 300/300/300 313/313/313 312/312/312
f 301/301/301 302/302/302 314/314/314
f 301/301/301 314/314/314 313/313/313
f 302/302/302 303/303/303 315/315/315
f 302/302/302 315/315/315 314/314/314
f 303/303/303 304/304/304 316/316/316
f 303/303/303 316/316/316 315/315/315
f 304/304/304 293/293/293 305/305/305
f 304/304/304 305/305/305 316/316/316
f 305/305/305 306/306/306 318/318/318
f 305/305/305 318/318/318 317/317/317
f 306/306/306 307/307/307 319/319/319
f 306/306/306 319/319/319 318/318/318
f 307/307/307 308/308/308 320/320/320
f 307/307/307 320/320/320 319/319/319
f 308/308/308 309/309/309 321/321/321
f 308/308/308 321/321/321 320/320/320
f 309/309/309 310/310/310 322/322/322
f 309/309/309 322/322/322 321/321/321
f 310/310/310 311/311/311 323/323/323
f 310/310/310 323/323/323 322/322/322
f 311/311/311 312/312/312 324/324/324
f 311/311/311 324/324/324 323/323/323
f 312/312/312 313/313/313 325/325/325
f 312/312/312 325/325/325 324/324/324
f 313/313/313 314/314/314 326/326/326
f 313/313/313 326/326/326 325/325/325
f 314/314/314 315/315/315 327/327/327
f 314/314/314 327/327/327 326/326/326
f 315/315/315 316/316/316 328/328/328
f 315/315/315 328/328/328 327/327/327
f 316/316/316 305/305/305 317/317/317
f 316/316/316 317/317/317 328/328/328
f 317/317/317 318/318/318 330/330/330
f 317/317/317 330/330/330 329/329/329
f 318/318/318 319/319/319 331/331/331
f 318/318/318 331/331/331 330/330/330
f 319/319/319 320/320/320 332/332/332
f 319/319/319 332/332/332 331/331/331
f 320/320/320 321/321/321 333/333/333
f 320/320/320 333/333/333 332/332/332
f 321/321/321 322/322/322 334/334/334
f 321/321/321 334/334/334 333/333/333
f 322/322/322 323/323/323 335/335/335
f 322/322/322 335/335/335 334/334/334
f 323/323/323 324/324/324 336/336/336
f 323/323/323 336/336/336 335/335/335
f 324/324/324 325/325/325 337/337/337
f 324/324/324 337/337/337 336/336/336
f 325/325/325 326/326/326 338/338/338
f 325/325/325 338/338/338 337/337/337
f 326/326/326 327/327/327 339/339/339
f 326/326/326 339/339/339 338/338/338
f 327/327/327 328/328/328 340/340/340
f 327/327/327 340/340/340 339/339/339
f 328/328/328 317/317/317 329/329/329
f 328/328/328 329/329/329 340/340/340
f 329/329/329 330/330/330 342/342/342
f 329/329/329 342/342/342 341/341/341
f 330/330/330 331/331/331 343/343/343
f 330/330/330 343/343/343 342/342/342
f 331/331/331 332/332/332 344/344/344
f 331/331/331 344/344/344 343/343/343
f 332/332/332 333/333/333 345/345/345
f 332/332/332 345/345/345 344/344/344
f 333/333/333 334/334/334 346/346/346
f 333/333/333 346/346/346 345/345/345
f 334/334/334 335/335/335 347/347/347
f 334/334/334 347/347/347 346/346/346
f 335/335/335 336/336/336 348/348/348
f 335/335/335 348/348/348 347/347/347
f 336/336/336 337/337/337 349/349/349
f 336/336/336 349/349/349 348/348/348
f 337/337/337 338/338/338 350/350/350
f 337/337/337 350/350/350 349/349/349
f 338/338/338 339/339/339 351/351/351
f 338/338/338 351/351/351 350/350/350
f 339/339/339 340/340/340 352/352/352
f 339/339/339 352/352/352 351/351/351
f 340/340/340 329/329/329 341/341/341
f 340/340/340 341/341/341 352/352/352
f 341/341/341 342/342/342 354/354/354
f 341/341/341 354/354/354 353/353/353
f 342/342/342 343/343/343 355/355/355
f 342/342/342 355/355/355 354/354/354
f 343/343/343 344/344/344 356/356/356
f 343/343/343 356/356/356 355/355/355
f 344/344/344 345/345/345 357/357/357
f 344/344/344 357/357/357 356/356/356
f 345/345/345 346/346/346 358/358/358
f 345/345/345 358/358/358 357/357/357
f 346/346/346 347/347/347 359/359/359
f 346/346/346 359/359/359 358/358/358
f 347/347/347 348/348/348 360/360/360
f 347/347/347 360/360/360 359/359/359
f 348/348/348 349/349/349 361/361/361
f 348/348/348 361/361/361 360/360/360
f 349/349/349 350/350/350 362/362/362
f 349/349/349 362/362/362 361/361/361
f 350/350/350 351/351/351 363/363/363
f 350/350/350 363/363/363 362/362/362
f 351/351/351 352/352/352 364/364/364
f 351/351/351 364/364/364 363/363/363
f 352/352/352 341/341/341 353/353/353
f 352/352/352 353/353/353 364/364/364
f 353/353/353 354/354/354 366/366/366
f 353/353/353 366/366/366 365/365/365
f 354/354/354 355/355/355 367/367/367
f 354/354/354 367/367/367 366/366/366
f 355/355/355 356/356/356 368/368/368
f 355/355/355 368/368/368 367/367/367
f 356/356/356 357/357/357 369/369/369
f 356/356/356 369/369/369 368/368/368
f 357/357/357 358/358/358 370/370/370
f 357/357/357 370/370/370 369/369/369
f 358/358/358 359/359/359 371/371/371
f 358/358/358 371/371/371 370/370/370
f 359/359/359 360/360/360 372/372/372
f 359/359/359 372/372/372 371/371/371
f 360/360/360 361/361/361 373/373/373
f 360/360/360 373/373/373 372/372/372
f 361/361/361 362/362/362 374/374/374
f 361/361/361 374/374/374 373/373/373
f 362/362/362 363/363/363 375/375/375
f 362/362/362 375/375/375 374/374/374
f 363/363/363 364/364/364 376/376/376
f 363/363/363 376/376/376 375/375/375
f 364/364/364 353/353/353 365/365/365
f 364/364/364 365/365/365 376/376/376
g ear_R
f 377/377/377 378/378/378 390/390/390
f 377/377/377 390/390/390 389/389/389
f 378/378/378 379/379/379 391/391/391
f 378/378/378 391/391/391 390/390/390
f 379/379/379 380/380/380 392/392/392
f 379/379/379 392/392/392 391/391/391
f 380/380/380 381/381/381 393/393/393
f 380/380/380 393/393/393 392/392/392
f 381/381/381 382/382/382 394/394/394
f 381/381/381 394/394/394 393/393/393
f 382/382/382 383/383/383 395/395/395
f 382/382/382 395/395/395 394/394/394
f 383/383/383 384/384/384 396/396/396
f 383/383/383 396/396/396 395/395/395
f 384/384/384 385/385/385 397/397/397
f 384/384/384 397/397/397 396/396/396
f 385/385/385 386/386/386 398/398/398
f 385/385/385 398/398/398 397/397/397
f 386/386/386 387/387/387 399/399/399
f 386/386/386 399/399/399 398/398/398
f 387/387/387 388/388/388 400/400/400
f 387/387/387 400/400/400 399/399/399
f 388/388/388 377/377/377 389/389/389
f 388/388/388 389/389/389 400/400/400
f 389/389/389 390/390/390 402/402/402
f 389/389/389 402/402/402 401/401/401
f 390/390/390 391/391/391 403/403/403
f 390/390/390 403/403/403 402/402/402
f 391/391/391 392/392/392 404/404/404
f 391/391/391 404/404/404 403/403/403
f 392/392/392 393/393/393 405/405/405
f 392/392/392 405/405/405 404/404/404
f 393/393/393 394/394/394 406/406/406
f 393/393/393 406/406/406 405/405/405
f 394/394/394 395/395/395 407/407/407
f 394/394/394 407/407/407 406/406/406
f 395/395/395 396/396/396 408/408/408
f 395/395/395 408/408/408 407/407/407
f 396/396/396 397/397/397 409/409/409
f 396/396/396 409/409/409 408/408/408
f 397/397/397 398/398/398 410/410/410
f 397/397/397 410/410/410 409/409/409
f 398/398/398 399/399/399 411/411/411
f 398/398/398 411/411/411 410/410/410
f 399/399/399 400/400/400 412/412/412
f 399/399/399 412/412/412 411/411/411
f 400/400/400 389/389/389 401/401/401
f 400/400/400 401/401/401 412/412/412
f 401/401/401 402/402/402 414/414/414
f 401/401/401 414/414/414 413/413/413
f 402/402/402 403/403/403 415/415/415
f 402/402/402 415/415/415 414/414/414
f 403/403/403 404/404/404 416/416/416
f 403/403/403 416/416/416 415/415/415
f 404/404/404 405/405/405 417/417/417
f 404/404/404 417/417/417 416/416/416
f 405/405/405 406/406/406 418/418/418
f 405/405/405 418/418/418 417/417/417
f 406/406/406 407/407/407 419/419/419
f 406/406/406 419/419/419 418/418/418
f 407/407/407 408/408/408 420/420/420
f 407/407/407 420/420/420 419/419/419
f 408/408/408 409/409/409 421/421/421
f 408/408/408 421/421/421 420/420/420
f 409/409/409 410/410/410 422/422/422
f 409/409/409 422/422/422 421/421/421
f 410/410/410 411/411/411 423/423/423
f 410/410/410 423/423/423 422/422/422
f 411/411/411 412/412/412 424/424/424
f 411/411/411 424/424/424 423/423/423
f 412/412/412 401/401/401 413/413/413
f 412/412/412 413/413/413 424/424/424
f 413/413/413 414/414/414 426/426/426
f 413/413/413 426/426/426 425/425/425
f 414/414/414 415/415/415 427/427/427
f 414/414/414 427/427/427 426/426/426
f 415/415/415 416/416/416 428/428/428
f 415/415/415 428/428/428 427/427/427
f 416/416/416 417/417/417 429/429/429
f 416/416/416 429/429/429 428/428/428
f 417/417/417 418/418/418 430/430/430
f 417/417/417 430/430/430 429/429/429
f 418/418/418 419/419/419 431/431/431
f 418/418/418 431/431/431 430/430/430
f 419/419/419 420/420/420 432/432/432
f 419/419/419 432/432/432 431/431/431
f 420/420/420 421/421/421 433/433/433
f 420/420/420 433/433/433 432/432/432
f 421/421/421 422/422/422 434/434/434
f 421/421/421 434/434/434 433/433/433
f 422/422/422 423/423/423 435/435/435
f 422/422/422 435/435/435 434/434/434
f 423/423/423 424/424/424 436/436/436
f 423/423/423 436/436/436 435/435/435
f 424/424/424 413/413/413 425/425/425
f 424/424/424 425/425/425 436/436/436
f 425/425/425 426/426/426 438/438/438
f 425/425/425 438/438/438 437/437/437
f 426/426/426 427/427/427 439/439/439
f 426/426/426 439/439/439 438/438/438
f 427/427/427 428/428/428 440/440/440
f 427/427/427 440/440/440 439/439/439
f 428/428/428 429/429/429 441/441/441
f 428/428/428 441/441/441 440/440/440
f 429/429/429 430/430/430 442/442/442
f 429/429/429 442/442/442 441/441/441
f 430/430/430 431/431/431 443/443/443
f 430/430/430 443/443/443 442/442/442
f 431/431/431 432/432/432 444/444/444
f 431/431/431 444/444/444 443/443/443
f 432/432/432 433/433/433 445/445/445
f 432/432/432 445/445/445 444/444/444
f 433/433/433 434/434/434 446/446/446
f 433/433/433 446/446/446 445/445/445
f 434/434/434 435/435/435 447/447/447
f 434/434/434 447/447/447 446/446/446
f 435/435/435 436/436/436 448/448/448
f 435/435/435 448/448/448 447/447/447
f 436/436/436 425/425/425 437/437/437
f 436/436/436 437/437/437 448/448/448
f 437/437/437 438/438/438 450/450/450
f 437/437/437 450/450/450 449/449/449
f 438/438/438 439/439/439 451/451/451
f 438/438/438 451/451/451 450/450/450
f 439/439/439 440/440/440 452/452/452
f 439/439/439 452/452/452 451/451/451
f 440/440/440 441/441/441 453/453/453
f 440/440/440 453/453/453 452/452/452
f 441/441/441 442/442/442 454/454/454
f 441/441/441 454/454/454 453/453/453
f 442/442/442 443/443/443 455/455/455
f 442/442/442 455/455/455 454/454/454
f 443/443/443 444/444/444 456/456/456
f 443/443/443 456/456/456 455/455/455
f 444/444/444 445/445/445 457/457/457
f 444/444/444 457/457/457 456/456/456
f 445/445/445 446/446/446 458/458/458
f 445/445/445 458/458/458 457/457/457
f 446/446/446 447/447/447 459/459/459
f 446/446/446 459/459/459 458/458/458
f 447/447/447 448/448/448 460/460/460
f 447/447/447 460/460/460 459/459/459
f 448/448/448 437/437/437 449/449/449
f 448/448/448 449/449/449 460/460/460
f 449/449/449 450/450/450 462/462/462
f 449/449/449 462/462/462 461/461/461
f 450/450/450 451/451/451 463/463/463
f 450/450/450 463/463/463 462/462/462
f 451/451/451 452/452/452 464/464/464
f 451/451/451 464/464/464 463/463/463
f 452/452/452 453/453/453 465/465/465
f 452/452/452 465/465/465 464/464/464
f 453/453/453 454/454/454 466/466/466
f 453/453/453 466/466/466 465/465/465
f 454/454/454 455/455/455 467/467/467
f 454/454/454 467/467/467 466/466/466
f 455/455/455 456/456/456 468/468/468
f 455/455/455 468/468/468 467/467/467
f 456/456/456 457/457/457 469/469/469
f 456/456/456 469/469/469 468/468/468
f 457/457/457 458/458/458 470/470/470
f 457/457/457 470/470/470 469/469/469
f 458/458/458 459/459/459 471/471/471
f 458/458/458 471/471/471 470/470/470
f 459/459/459 460/460/460 472/472/472
f 459/459/459 472/472/472 471/471/471
f 460/460/460 449/449/449 461/461/461
f 460/460/460 461/461/461 472/472/472
g eyePatch_L
f 473/473/473 474/474/474 486/486/486
f 473/473/473 486/486/486 485/485/485
f 474/474/474 475/475/475 487/487/487
f 474/474/474 487/487/487 486/486/486
f 475/475/475 476/476/476 488/488/488
f 475/475/475 488/488/488 487/487/487
f 476/476/476 477/477/477 489/489/489
f 476/476/476 489/489/489 488/488/488
f 477/477/477 478/478/478 490/490/490
f 477/477/477 490/490/490 489/489/489
f 478/478/478 479/479/479 491/491/491
f 478/478/478 491/491/491 490/490/490
f 479/479/479 480/480/480 492/492/492
f 479/479/479 492/492/492 491/491/491
f 480/480/480 481/481/481 493/493/493
f 480/480/480 493/493/493 492/492/492
f 481/481/481 482/482/482 494/494/494
f 481/481/481 494/494/494 493/493/493
f 482/482/482 483/483/483 495/495/495
f 482/482/482 495/495/495 494/494/494
f 483/483/483 484/484/484 496/496/496
f 483/483/483 496/496/496 495/495/495
f 484/484/484 473/473/473 485/485/485
f 484/484/484 485/485/485 496/496/496
f 485/485/485 486/486/486 498/498/498
f 485/485/485 498/498/498 497/497/497
f 486/486/486 487/487/487 499/499/499
f 486/486/486 499/499/499 498/498/498
f 487/487/487 488/488/488 500/500/500
f 487/487/487 500/500/500 499/499/499
f 488/488/488 489/489/489 501/501/501
f 488/488/488 501/501/501 500/500/500
f 489/489/489 490/490/490 502/502/502
f 489/489/489 502/502/502 501/501/501
f 490/490/490 491/491/491 503/503/503
f 490/490/490 503/503/503 502/502/502
f 491/491/491 492/492/492 504/504/504
f 491/491/491 504/504/504 503/503/503
f 492/492/492 493/493/493 505/505/505
f 492/492/492 505/505/505 504/504/504
f 493/493/493 494/494/494 506/506/506
f 493/493/493 506/506/506 505/505/505
f 494/494/494 495/495/495 507/507/507
f 494/494/494 507/507/507 506/506/506
f 495/495/495 496/496/496 508/508/508
f 495/495/495 508/508/508 507/507/507
f 496/496/496 485/485/485 497/497/497
f 496/496/496 497/497/497 508/508/508
f 497/497/497 498/498/498 510/510/510
f 497/497/497 510/510/510 509/509/509
f 498/498/498 499/499/499 511/511/511
f 498/498/498 511/511/511 510/510/510
f 499/499/499 500/500/500 512/512/512
f 499/499/499 512/512/512 511/511/511
f 500/500/500 501/501/501 513/513/513
f 500/500/500 513/513/513 512/512/512
f 501/501/501 502/502/502 514/514/514
f 501/501/501 514/514/514 513/513/513
f 502/502/502 503/503/503 515/515/515
f 502/502/502 515/515/515 514/514/514
f 503/503/503 504/504/504 516/516/516
f 503/503/503 516/516/516 515/515/515
f 504/504/504 505/505/505 517/517/517
f 504/504/504 517/517/517 516/516/516
f 505/505/505 506/506/506 518/518/518
f 505/505/505 518/518/518 517/517/517
f 506/506/506 507/507/507 519/519/519
f 506/506/506 519/519/519 518/518/518
f 507/507/507 508/508/508 520/520/520
f 507/507/507 520/520/520 519/519/519
f 508/508/508 497/497/497 509/509/509
f 508/508/508 509/509/509 520/520/520
f 509/509/509 510/510/510 522/522/522
f 509/509/509 522/522/522 521/521/521
f 510/510/510 511/511/511 523/523/523
f 510/510/510 523/523/523 522/522/522
f 511/511/511 512/512/512 524/524/524
f 511/511/511 524/524/524 523/523/523
f 512/512/512 513/513/513 525/525/525
f 512/512/512 525/525/525 524/524/524
f 513/513/513 514/514/514 526/526/526
f 513/513/513 526/526/526 525/525/525
f 514/514/514 515/515/515 527/527/527
f 514/514/514 527/527/527 526/526/526
f 515/515/515 516/516/516 528/528/528
f 515/515/515 528/528/528 527/527/527
f 516/516/516 517/517/517 529/529/529
f 516/516/516 529/529/529 528/528/528
f 517/517/517 518/518/518 530/530/530
f 517/517/517 530/530/530 529/529/529
f 518/518/518 519/519/519 531/531/531
f 518/518/518 531/531/531 530/530/530
f 519/519/519 520/520/520 532/532/532
f 519/519/519 532/532/532 531/531/531
f 520/520/520 509/509/509 521/521/521
f 520/520/520 521/521/521 532/532/532
f 521/521/521 522/522/522 534/534/534
f 521/521/521 534/534/534 533/533/533
f 522/522/522 523/523/523 535/535/535
f 522/522/522 535/535/535 534/534/534
f 523/523/523 524/524/524 536/536/536
f 523/523/523 536/536/536 535/535/535
f 524/524/524 525/525/525 537/537/537
f 524/524/524 537/537/537 536/536/536
f 525/525/525 526/526/526 538/538/538
f 525/525/525 538/538/538 537/537/537
f 526/526/526 527/527/527 539/539/539
f 526/526/526 539/539/539 538/538/538
f 527/527/527 528/528/528 540/540/540
f 527/527/527 540/540/540 539/539/539
f 528/528/528 529/529/529 541/541/541
f 528/528/528 541/541/541 540/540/540
f 529/529/529 530/530/530 542/542/542
f 529/529/529 542/542/542 541/541/541
f 530/530/530 531/531/531 543/543/543
f 530/530/530 543/543/543 542/542/542
f 531/531/531 532/532/532 544/544/544
f 531/531/531 544/544/544 543/543/543
f 532/532/532 521/521/521 533/533/533
f 532/532/532 533/533/533 544/544/544
f 533/533/533 534/534/534 546/546/546
f 533/533/533 546/546/546 545/545/545
f 534/534/534 535/535/535 547/547/547
f 534/534/534 547/547/547 546/546/546
f 535/535/535 536/536/536 548/548/548
f 535/535/535 548/548/548 547/547/547
f 536/536/536 537/537/537 549/549/549
f 536/536/536 549/549/549 548/548/548
f 537/537/537 538/538/538 550/550/550
f 537/537/537 550/550/550 549/549/549
f 538/538/538 539/539/539 551/551/551
f 538/538/538 551/551/551 550/550/550
f 539/539/539 540/540/540 552/552/552
f 539/539/539 552/552/552 551/551/551
f 540/540/540 541/541/541 553/553/553
f 540/540/540 553/553/553 552/552/552
f 541/541/541 542/542/542 554/554/554
f 541/541/541 554/554/554 553/553/553
f 542/542/542 543/543/543 555/555/555
f 542/542/542 555/555/555 554/554/554
f 543/543/543 544/544/544 556/556/556
f 543/543/543 556/556/556 555/555/555
f 544/544/544 533/533/533 545/545/545
f 544/544/544 545/545/545 556/556/556
f 545/545/545 546/546/546 558/558/558
f 545/545/545 558/558/558 557/557/557
f 546/546/546 547/547/547 559/559/559
f 546/546/546 559/559/559 558/558/558
f 547/547/547 548/548/548 560/560/560
f 547/547/547 560/560/560 559/559/559
f 548/548/548 549/549/549 561/561/561
f 548/548/548 561/561/561 560/560/560
f 549/549/549 550/550/550 562/562/562
f 549/549/549 562/562/562 561/561/561
f 550/550/550 551/551/551 563/563/563
f 550/550/550 563/563/563 562/562/562
f 551/551/551 552/552/552 564/564/564
f 551/551/551 564/564/564 563/563/563
f 552/552/552 553/553/553 565/565/565
f 552/552/552 565/565/565 564/564/564
f 553/553/553 554/554/554 566/566/566
f 553/553/553 566/566/566 565/565/565
f 554/554/554 555/555/555 567/567/567
f 554/554/554 567/567/567 566/566/566
f 555/555/555 556/556/556 568/568/568
f 555/555/555 568/568/568 567/567/567
f 556/556/556 545/545/545 557/557/557
f 556/556/556 557/557/557 568/568/568
g eyePatch_R
f 569/569/569 570/570/570 582/582/582
f 569/569/569 582/582/582 581/581/581
f 570/570/570 571/571/571 583/583/583
f 570/570/570 583/583/583 582/582/582
f 571/571/571 572/572/572 584/584/584
f 571/571/571 584/584/584 583/583/583
f 572/572/572 573/573/573 585/585/585
f 572/572/572 585/585/585 584/584/584
f 573/573/573 574/574/574 586/586/586
f 573/573/573 586/586/586 585/585/585
f 574/574/574 575/575/575 587/587/587
f 574/574/574 587/587/587 586/586/586
f 575/575/575 576/576/576 588/588/588
f 575/575/575 588/588/588 587/587/587
f 576/576/576 577/577/577 589/589/589
f 576/576/576 589/589/589 588/588/588
f 577/577/577 578/578/578 590/590/590
f 577/577/577 590/590/590 589/589/589
f 578/578/578 579/579/579 591/591/591
f 578/578/578 591/591/591 590/590/590
f 579/579/579 580/580/580 592/592/592
f 579/579/579 592/592/592 591/591/591
f 580/580/580 569/569/569 581/581/581
f 580/580/580 581/581/581 592/592/592
f 581/581/581 582/582/582 594/594/594
f 581/581/581 594/594/594 593/593/593
f 582/582/582 583/583/583 595/595/595
f 582/582/582 595/595/595 594/594/594
f 583/583/583 584/584/584 596/596/596
f 583/583/583 596/596/596 595/595/595
f 584/584/584 585/585/585 597/597/597
f 584/584/584 597/597/597 596/596/596
f 585/585/585 586/586/586 598/598/598
f 585/585/585 598/598/598 597/597/597
f 586/586/586 587/587/587 599/599/599
f 586/586/586 599/599/599 598/598/598
f 587/587/587 588/588/588 600/600/600
f 587/587/587 600/600/600 599/599/599
f 588/588/588 589/589/589 601/601/601
f 588/588/588 601/601/601 600/600/600
f 589/589/589 590/590/590 602/602/602
f 589/589/589 602/602/602 601/601/601
f 590/590/590 591/591/591 603/603/603
f 590/590/590 603/603/603 602/602/602
f 591/591/591 592/592/592 604/604/604
f 591/591/591 604/604/604 603/603/603
f 592/592/592 581/581/581 593/593/593
f 592/592/592 593/593/593 604/604/604
f 593/593/593 594/594/594 606/606/606
f 593/593/593 606/606/606 605/605/605
f 594/594/594 595/595/595 607/607/607
f 594/594/594 607/607/607 606/606/606
f 595/595/595 596/596/596 608/608/608
f 595/595/595 608/608/608 607/607/607
f 596/596/596 597/597/597 609/609/609
f 596/596/596 609/609/609 608/608/608
f 597/597/597 598/598/598 610/610/610
f 597/597/597 610/610/610 609/609/609
f 598/598/598 599/599/599 611/611/611
f 598/598/598 611/611/611 610/610/610
f 599/599/599 600/600/600 612/612/612
f 599/599/599 612/612/612 611/611/611
f 600/600/600 601/601/601 613/613/613
f 600/600/600 613/613/613 612/612/612
f 601/601/601 602/602/602 614/614/614
f 601/601/601 614/614/614 613/613/613
f 602/602/602 603/603/603 615/615/615
f 602/602/602 615/615/615 614/614/614
f 603/603/603 604/604/604 616/616/616
f 603/603/603 616/616/616 615/615/615
f 604/604/604 593/593/593 605/605/605
f 604/604/604 605/605/605 616/616/616
f 605/605/605 606/606/606 618/618/618
f 605/605/605 618/618/618 617/617/617
f 606/606/606 607/607/607 619/619/619
f 606/606/606 619/619/619 618/618/618
f 607/607/607 608/608/608 620/620/620
f 607/607/607 620/620/620 619/619/619
f 608/608/608 609/609/609 621/621/621
f 608/608/608 621/621/621 620/620/620
f 609/609/609 610/610/610 622/622/622
f 609/609/609 622/622/622 621/621/621
f 610/610/610 611/611/611 623/623/623
f 610/610/610 623/623/623 622/622/622
f 611/611/611 612/612/612 624/624/624
f 611/611/611 624/624/624 623/623/623
f 612/612/612 613/613/613 625/625/625
f 612/612/612 625/625/625 624/624/624
f 613/613/613 614/614/614 626/626/626
f 613/613/613 626/626/626 625/625/625
f 614/614/614 615/615/615 627/627/627
f 614/614/614 627/627/627 626/626/626
f 615/615/615 616/616/616 628/628/628
f 615/615/615 628/628/628 627/627/627
f 616/616/616 605/605/605 617/617/617
f 616/616/616 617/617/617 628/628/628
f 617/617/617 618/618/618 630/630/630
f 617/617/617 630/630/630 629/629/629
f 618/618/618 619/619/619 631/631/631
f 618/618/618 631/631/631 630/630/630
f 619/619/619 620/620/620 632/632/632
f 619/619/619 632/632/632 631/631/631
f 620/620/620 621/621/621 633/633/633
f 620/620/620 633/633/633 632/632/632
f 621/621/621 622/622/622 634/634/634
f 621/621/621 634/634/634 633/633/633
f 622/622/622 623/623/623 635/635/635
f 622/622/622 635/635/635 634/634/634
f 623/623/623 624/624/624 636/636/636
f 623/623/623 636/636/636 635/635/635
f 624/624/624 625/625/625 637/637/637
f 624/624/624 637/637/637 636/636/636
f 625/625/625 626/626/626 638/638/638
f 625/625/625 638/638/638 637/637/637
f 626/626/626 627/627/627 639/639/639
f 626/626/626 639/639/639 638/638/638
f 627/627/627 628/628/628 640/640/640
f 627/627/627 640/640/640 639/639/639
f 628/628/628 617/617/617 629/629/629
f 628/628/628 629/629/629 640/640/640
f 629/629/629 630/630/630 642/642/642
f 629/629/629 642/642/642 641/641/641
f 630/630/630 631/631/631 643/643/643
f 630/630/630 643/643/643 642/642/642
f 631/631/631 632/632/632 644/644/644
f 631/631/631 644/644/644 643/643/643
f 632/632/632 633/633/633 645/645/645
f 632/632/632 645/645/645 644/644/644
f 633/633/633 634/634/634 646/646/646
f 633/633/633 646/646/646 645/645/645
f 634/634/634 635/635/635 647/647/647
f 634/634/634 647/647/647 646/646/646
f 635/635/635 636/636/636 648/648/648
f 635/635/635 648/648/648 647/647/647
f 636/636/636 637/637/637 649/649/649
f 636/636/636 649/649/649 648/648/648
f 637/637/637 638/638/638 650/650/650
f 637/637/637 650/650/650 649/649/649
f 638/638/638 639/639/639 651/651/651
f 638/638/638 651/651/651 650/650/650
f 639/639/639 640/640/640 652/652/652
f 639/639/639 652/652/652 651/651/651
f 640/640/640 629/629/629 641/641/641
f 640/640/640 641/641/641 652/652/652
f 641/641/641 642/642/642 654/654/654
f 641/641/641 654/654/654 653/653/653
f 642/642/642 643/643/643 655/655/655
f 642/642/642 655/655/655 654/654/654
f 643/643/643 644/644/644 656/656/656
f 643/643/643 656/656/656 655/655/655
f 644/644/644 645/645/645 657/657/657
f 644/644/644 657/657/657 656/656/656
f 645/645/645 646/646/646 658/658/658
f 645/645/645 658/658/658 657/657/657
f 646/646/646 647/647/647 659/659/659
f 646/646/646 659/659/659 658/658/658
f 647/647/647 648/648/648 660/660/660
f 647/647/647 660/660/660 659/659/659
f 648/648/648 649/649/649 661/661/661
f 648/648/648 661/661/661 660/660/660
f 649/649/649 650/650/650 662/662/662
f 649/649/649 662/662/662 661/661/661
f 650/650/650 651/651/651 663/663/663
f 650/650/650 663/663/663 662/662/662
f 651/651/651 652/652/652 664/664/664
f 651/651/651 664/664/664 663/663/663
f 652/652/652 641/641/641 653/653/653
f 652/652/652 653/653/653 664/664/664
g nose
f 665/665/665 666/666/666 676/676/676
f 665/665/665 676/676/676 675/675/675
f 666/666/666 667/667/667 677/677/677
f 666/666/666 677/677/677 676/676/676
f 667/667/667 668/668/668 678/678/678
f 667/667/667 678/678/678 677/677/677
f 668/668/668 669/669/669 679/679/679
f 668/668/668 679/679/679 678/678/678
f 669/669/669 670/670/670 680/680/680
f 669/669/669 680/680/680 679/679/679
f 670/670/670 671/671/671 681/681/681
f 670/670/670 681/681/681 680/680/680
f 671/671/671 672/672/672 682/682/682
f 671/671/671 682/682/682 681/681/681
f 672/672/672 673/673/673 683/683/683
f 672/672/672 683/683/683 682/682/682
f 673/673/673 674/674/674 684/684/684
f 673/673/673 684/684/684 683/683/683
f 674/674/674 665/665/665 675/675/675
f 674/674/674 675/675/675 684/684/684
f 675/675/675 676/676/676 686/686/686
f 675/675/675 686/686/686 685/685/685
f 676/676/676 677/677/677 687/687/687
f 676/676/676 687/687/687 686/686/686
f 677/677/677 678/678/678 688/688/688
f 677/677/677 688/688/688 687/687/687
f 678/678/678 679/679/679 689/689/689
f 678/678/678 689/689/689 688/688/688
f 679/679/679 680/680/680 690/690/690
f 679/679/679 690/690/690 689/689/689
f 680/680/680 681/681/681 691/691/691
f 680/680/680 691/691/691 690/690/690
f 681/681/681 682/682/682 692/692/692
f 681/681/681 692/692/692 691/691/691
f 682/682/682 683/683/683 693/693/693
f 682/682/682 693/693/693 692/692/692
f 683/683/683 684/684/684 694/694/694
f 683/683/683 694/694/694 693/693/693
f 684/684/684 675/675/675 685/685/685
f 684/684/684 685/685/685 694/694/694
f 685/685/685 686/686/686 696/696/696
f 685/685/685 696/696/696 695/695/695
f 686/686/686 687/687/687 697/697/697
f 686/686/686 697/697/697 696/696/696
f 687/687/687 688/688/688 698/698/698
f 687/687/687 698/698/698 697/697/697
f 688/688/688 689/689/689 699/699/699
f 688/688/688 699/699/699 698/698/698
f 689/689/689 690/690/690 700/700/700
f 689/689/689 700/700/700 699/699/699
f 690/690/690 691/691/691 701/701/701
f 690/690/690 701/701/701 700/700/700
f 691/691/691 692/692/692 702/702/702
f 691/691/691 702/702/702 701/701/701
f 692/692/692 693/693/693 703/703/703
f 692/692/692 703/703/703 702/702/702
f 693/693/693 694/694/694 704/704/704
f 693/693/693 704/704/704 703/703/703
f 694/694/694 685/685/685 695/695/695
f 694/694/694 695/695/695 704/704/704
f 695/695/695 696/696/696 706/706/706
f 695/695/695 706/706/706 705/705/705
f 696/696/696 697/697/697 707/707/707
f 696/696/696 707/707/707 706/706/706
f 697/697/697 698/698/698 708/708/708
f 697/697/697 708/708/708 707/707/707
f 698/698/698 699/699/699 709/709/709
f 698/698/698 709/709/709 708/708/708
f 699/699/699 700/700/700 710/710/710
f 699/699/699 710/710/710 709/709/709
f 700/700/700 701/701/701 711/711/711
f 700/700/700 711/711/711 710/710/710
f 701/701/701 702/702/702 712/712/712
f 701/701/701 712/712/712 711/711/711
f 702/702/702 703/703/703 713/713/713
f 702/702/702 713/713/713 712/712/712
f 703/703/703 704/704/704 714/714/714
f 703/703/703 714/714/714 713/713/713
f 704/704/704 695/695/695 705/705/705
f 704/704/704 705/705/705 714/714/714
f 705/705/705 706/706/706 716/716/716
f 705/705/705 716/716/716 715/715/715
f 706/706/706 707/707/707 717/717/717
f 706/706/706 717/717/717 716/716/716
f 707/707/707 708/708/708 718/718/718
f 707/707/707 718/718/718 717/717/717
f 708/708/708 709/709/709 719/719/719
f 708/708/708 719/719/719 718/718/718
f 709/709/709 710/710/710 720/720/720
f 709/709/709 720/720/720 719/719/719
f 710/710/710 711/711/711 721/721/721
f 710/710/710 721/721/721 720/720/720
f 711/711/711 712/712/712 722/722/722
f 711/711/711 722/722/722 721/721/721
f 712/712/712 713/713/713 723/723/723
f 712/712/712 723/723/723 722/722/722
f 713/713/713 714/714/714 724/724/724
f 713/713/713 724/724/724 723/723/723
f 714/714/714 705/705/705 715/715/715
f 714/714/714 715/715/715 724/724/724
f 715/715/715 716/716/716 726/726/726
f 715/715/715 726/726/726 725/725/725
f 716/716/716 717/717/717 727/727/727
f 716/716/716 727/727/727 726/726/726
f 717/717/717 718/718/718 728/728/728
f 717/717/717 728/728/728 727/727/727
f 718/718/718 719/719/719 729/729/729
f 718/718/718 729/729/729 728/728/728
f 719/719/719 720/720/720 730/730/730
f 719/719/719 730/730/730 729/729/729
f 720/720/720 721/721/721 731/731/731
f 720/720/720 731/731/731 730/730/730
f 721/721/721 722/722/722 732/732/732
f 721/721/721 732/732/732 731/731/731
f 722/722/722 723/723/723 733/733/733
f 722/722/722 733/733/733 732/732/732
f 723/723/723 724/724/724 734/734/734
f 723/723/723 734/734/734 733/733/733
f 724/724/724 715/715/715 725/725/725
f 724/724/724 725/725/725 734/734/734
g arm_L
f 735/735/735 736/736/736 748/748/748
f 735/735/735 748/748/748 747/747/747
f 736/736/736 737/737/737 749/749/749
f 736/736/736 749/749/749 748/748/748
f 737/737/737 738/738/738 750/750/750
f 737/737/737 750/750/750 749/749/749
f 738/738/738 739/739/739 751/751/751
f 738/738/738 751/751/751 750/750/750
f 739/739/739 740/740/740 752/752/752
f 739/739/739 752/752/752 751/751/751
f 740/740/740 741/741/741 753/753/753
f 740/740/740 753/753/753 752/752/752
f 741/741/741 742/742/742 754/754/754
f 741/741/741 754/754/754 753/753/753
f 742/742/742 743/743/743 755/755/755
f 742/742/742 755/755/755 754/754/754
f 743/743/743 744/744/744 756/756/756
f 743/743/743 756/756/756 755/755/755
f 744/744/744 745/745/745 757/757/757
f 744/744/744 757/757/757 756/756/756
f 745/745/745 746/746/746 758/758/758
f 745/745/745 758/758/758 757/757/757
f 746/746/746 735/735/735 747/747/747
f 746/746/746 747/747/747 758/758/758
f 759/759/759 736/736/736 735/735/735
f 759/759/759 735/735/735 736/736/736
f 759/759/759 737/737/737 736/736/736
f 759/759/759 736/736/736 737/737/737
f 759/759/759 738/738/738 737/737/737
f 759/759/759 737/737/737 738/738/738
f 759/759/759 739/739/739 738/738/738
f 759/759/759 738/738/738 739/739/739
f 759/759/759 740/740/740 739/739/739
f 759/759/759 739/739/739 740/740/740
f 759/759/759 741/741/741 740/740/740
f 759/759/759 740/740/740 741/741/741
f 759/759/759 742/742/742 741/741/741
f 759/759/759 741/741/741 742/742/742
f 759/759/759 743/743/743 742/742/742
f 759/759/759 742/742/742 743/743/743
f 759/759/759 744/744/744 743/743/743
f 759/759/759 743/743/743 744/744/744
f 759/759/759 745/745/745 744/744/744
f 759/759/759 744/744/744 745/745/745
f 759/759/759 746/746/746 745/745/745
f 759/759/759 745/745/745 746/746/746
f 759/759/759 735/735/735 746/746/746
f 759/759/759 746/746/746 735/735/735
f 760/760/760 747/747/747 748/748/748
f 760/760/760 748/748/748 747/747/747
f 760/760/760 748/748/748 749/749/749
f 760/760/760 749/749/749 748/748/748
f 760/760/760 749/749/749 750/750/750
f 760/760/760 750/750/750 749/749/749
f 760/760/760 750/750/750 751/751/751
f 760/760/760 751/751/751 750/750/750
f 760/760/760 751/751/751 752/752/752
f 760/760/760 752/752/752 751/751/751
f 760/760/760 752/752/752 753/753/753
f 760/760/760 753/753/753 752/752/752
f 760/760/760 753/753/753 754/754/754
f 760/760/760 754/754/754 753/753/753
f 760/760/760 754/754/754 755/755/755
f 760/760/760 755/755/755 754/754/754
f 760/760/760 755/755/755 756/756/756
f 760/760/760 756/756/756 755/755/755
f 760/760/760 756/756/756 757/757/757
f 760/760/760 757/757/757 756/756/756
f 760/760/760 757/757/757 758/758/758
f 760/760/760 758/758/758 757/757/757
f 760/760/760 758/758/758 747/747/747
f 760/760/760 747/747/747 758/758/758
g arm_R
f 761/761/761 762/762/762 774/774/774
f 761/761/761 774/774/774 773/773/773
f 762/762/762 763/763/763 775/775/775
f 762/762/762 775/775/775 774/774/774
f 763/763/763 764/764/764 776/776/776
f 763/763/763 776/776/776 775/775/775
f 764/764/764 765/765/765 777/777/777
f 764/764/764 777/777/777 776/776/776
f 765/765/765 766/766/766 778/778/778
f 765/765/765 778/778/778 777/777/777
f 766/766/766 767/767/767 779/779/779
f 766/766/766 779/779/779 778/778/778
f 767/767/767 768/768/768 780/780/780
f 767/767/767 780/780/780 779/779/779
f 768/768/768 769/769/769 781/781/781
f 768/768/768 781/781/781 780/780/780
f 769/769/769 770/770/770 782/782/782
f 769/769/769 782/782/782 781/781/781
f 770/770/770 771/771/771 783/783/783
f 770/770/770 783/783/783 782/782/782
f 771/771/771 772/772/772 784/784/784
f 771/771/771 784/784/784 783/783/783
f 772/772/772 761/761/761 773/773/773
f 772/772/772 773/773/773 784/784/784
f 785/785/785 762/762/762 761/761/761
f 785/785/785 761/761/761 762/762/762
f 785/785/785 763/763/763 762/762/762
f 785/785/785 762/762/762 763/763/763
f 785/785/785 764/764/764 763/763/763
f 785/785/785 763/763/763 764/764/764
f 785/785/785 765/765/765 764/764/764
f 785/785/785 764/764/764 765/765/765
f 785/785/785 766/766/766 765/765/765
f 785/785/785 765/765/765 766/766/766
f 785/785/785 767/767/767 766/766/766
f 785/785/785 766/766/766 767/767/767
f 785/785/785 768/768/768 767/767/767
f 785/785/785 767/767/767 768/768/768
f 785/785/785 769/769/769 768/768/768
f 785/785/785 768/768/768 769/769/769
f 785/785/785 770/770/770 769/769/769
f 785/785/785 769/769/769 770/770/770
f 785/785/785 771/771/771 770/770/770
f 785/785/785 770/770/770 771/771/771
f 785/785/785 772/772/772 771/771/771
f 785/785/785 771/771/771 772/772/772
f 785/785/785 761/761/761 772/772/772
f 785/785/785 772/772/772 761/761/761
f 786/786/786 773/773/773 774/774/774
f 786/786/786 774/774/774 773/773/773
f 786/786/786 774/774/774 775/775/775
f 786/786/786 775/775/775 774/774/774
f 786/786/786 775/775/775 776/776/776
f 786/786/786 776/776/776 775/775/775
f 786/786/786 776/776/776 777/777/777
f 786/786/786 777/777/777 776/776/776
f 786/786/786 777/777/777 778/778/778
f 786/786/786 778/778/778 777/777/777
f 786/786/786 778/778/778 779/779/779
f 786/786/786 779/779/779 778/778/778
f 786/786/786 779/779/779 780/780/780
f 786/786/786 780/780/780 779/779/779
f 786/786/786 780/780/780 781/781/781
f 786/786/786 781/781/781 780/780/780
f 786/786/786 781/781/781 782/782/782
f 786/786/786 782/782/782 781/781/781
f 786/786/786 782/782/782 783/783/783
f 786/786/786 783/783/783 782/782/782
f 786/786/786 783/783/783 784/784/784
f 786/786/786 784/784/784 783/783/783
f 786/786/786 784/784/784 773/773/773
f 786/786/786 773/773/773 784/784/784
g hand_L
f 787/787/787 788/788/788 800/800/800
f 787/787/787 800/800/800 799/799/799
f 788/788/788 789/789/789 801/801/801
f 788/788/788 801/801/801 800/800/800
f 789/789/789 790/790/790 802/802/802
f 789/789/789 802/802/802 801/801/801
f 790/790/790 791/791/791 803/803/803
f 790/790/790 803/803/803 802/802/802
f 791/791/791 792/792/792 804/804/804
f 791/791/791 804/804/804 803/803/803
f 792/792/792 793/793/793 805/805/805
f 792/792/792 805/805/805 804/804/804
f 793/793/793 794/794/794 806/806/806
f 793/793/793 806/806/806 805/805/805
f 794/794/794 795/795/795 807/807/807
f 794/794/794 807/807/807 806/806/806
f 795/795/795 796/796/796 808/808/808
f 795/795/795 808/808/808 807/807/807
f 796/796/796 797/797/797 809/809/809
f 796/796/796 809/809/809 808/808/808
f 797/797/797 798/798/798 810/810/810
f 797/797/797 810/810/810 809/809/809
f 798/798/798 787/787/787 799/799/799
f 798/798/798 799/799/799 810/810/810
f 799/799/799 800/800/800 812/812/812
f 799/799/799 812/812/812 811/811/811
f 800/800/800 801/801/801 813/813/813
f 800/800/800 813/813/813 812/812/812
f 801/801/801 802/802/802 814/814/814
f 801/801/801 814/814/814 813/813/813
f 802/802/802 803/803/803 815/815/815
f 802/802/802 815/815/815 814/814/814
f 803/803/803 804/804/804 816/816/816
f 803/803/803 816/816/816 815/815/815
f 804/804/804 805/805/805 817/817/817
f 804/804/804 817/817/817 816/816/816
f 805/805/805 806/806/806 818/818/818
f 805/805/805 818/818/818 817/817/817
f 806/806/806 807/807/807 819/819/819
f 806/806/806 819/819/819 818/818/818
f 807/807/807 808/808/808 820/820/820
f 807/807/807 820/820/820 819/819/819
f 808/808/808 809/809/809 821/821/821
f 808/808/808 821/821/821 820/820/820
f 809/809/809 810/810/810 822/822/822
f 809/809/809 822/822/822 821/821/821
f 810/810/810 799/799/799 811/811/811
f 810/810/810 811/811/811 822/822/822
f 811/811/811 812/812/812 824/824/824
f 811/811/811 824/824/824 823/823/823
f 812/812/812 813/813/813 825/825/825
f 812/812/812 825/825/825 824/824/824
f 813/813/813 814/814/814 826/826/826
f 813/813/813 826/826/826 825/825/825
f 814/814/814 815/815/815 827/827/827
f 814/814/814 827/827/827 826/826/826
f 815/815/815 816/816/816 828/828/828
f 815/815/815 828/828/828 827/827/827
f 816/816/816 817/817/817 829/829/829
f 816/816/816 829/829/829 828/828/828
f 817/817/817 818/818/818 830/830/830
f 817/817/817 830/830/830 829/829/829
f 818/818/818 819/819/819 831/831/831
f 818/818/818 831/831/831 830/830/830
f 819/819/819 820/820/820 832/832/832
f 819/819/819 832/832/832 831/831/831
f 820/820/820 821/821/821 833/833/833
f 820/820/820 833/833/833 832/832/832
f 821/821/821 822/822/822 834/834/834
f 821/821/821 834/834/834 833/833/833
f 822/822/822 811/811/811 823/823/823
f 822/822/822 823/823/823 834/834/834
f 823/823/823 824/824/824 836/836/836
f 823/823/823 836/836/836 835/835/835
f 824/824/824 825/825/825 837/837/837
f 824/824/824 837/837/837 836/836/836
f 825/825/825 826/826/826 838/838/838
f 825/825/825 838/838/838 837/837/837
f 826/826/826 827/827/827 839/839/839
f 826/826/826 839/839/839 838/838/838
f 827/827/827 828/828/828 840/840/840
f 827/827/827 840/840/840 839/839/839
f 828/828/828 829/829/829 841/841/841
f 828/828/828 841/841/841 840/840/840
f 829/829/829 830/830/830 842/842/842
f 829/829/829 842/842/842 841/841/841
f 830/830/830 831/831/831 843/843/843
f 830/830/830 843/843/843 842/842/842
f 831/831/831 832/832/832 844/844/844
f 831/831/831 844/844/844 843/843/843
f 832/832/832 833/833/833 845/845/845
f 832/832/832 845/845/845 844/844/844
f 833/833/833 834/834/834 846/846/846
f 833/833/833 846/846/846 845/845/845
f 834/834/834 823/823/823 835/835/835
f 834/834/834 835/835/835 846/846/846
f 835/835/835 836/836/836 848/848/848
f 835/835/835 848/848/848 847/847/847
f 836/836/836 837/837/837 849/849/849
f 836/836/836 849/849/849 848/848/848
f 837/837/837 838/838/838 850/850/850
f 837/837/837 850/850/850 849/849/849
f 838/838/838 839/839/839 851/851/851
f 838/838/838 851/851/851 850/850/850
f 839/839/839 840/840/840 852/852/852
f 839/839/839 852/852/852 851/851/851
f 840/840/840 841/841/841 853/853/853
f 840/840/840 853/853/853 852/852/852
f 841/841/841 842/842/842 854/854/854
f 841/841/841 854/854/854 853/853/853
f 842/842/842 843/843/843 855/855/855
f 842/842/842 855/855/855 854/854/854
f 843/843/843 844/844/844 856/856/856
f 843/843/843 856/856/856 855/855/855
f 844/844/844 845/845/845 857/857/857
f 844/844/844 857/857/857 856/856/856
f 845/845/845 846/846/846 858/858/858
f 845/845/845 858/858/858 857/857/857
f 846/846/846 835/835/835 847/847/847
f 846/846/846 847/847/847 858/858/858
f 847/847/847 848/848/848 860/860/860
f 847/847/847 860/860/860 859/859/859
f 848/848/848 849/849/849 861/861/861
f 848/848/848 861/861/861 860/860/860
f 849/849/849 850/850/850 862/862/862
f 849/849/849 862/862/862 861/861/861
f 850/850/850 851/851/851 863/863/863
f 850/850/850 863/863/863 862/862/862
f 851/851/851 852/852/852 864/864/864
f 851/851/851 864/864/864 863/863/863
f 852/852/852 853/853/853 865/865/865
f 852/852/852 865/865/865 864/864/864
f 853/853/853 854/854/854 866/866/866
f 853/853/853 866/866/866 865/865/865
f 854/854/854 855/855/855 867/867/867
f 854/854/854 867/867/867 866/866/866
f 855/855/855 856/856/856 868/868/868
f 855/855/855 868/868/868 867/867/867
f 856/856/856 857/857/857 869/869/869
f 856/856/856 869/869/869 868/868/868
f 857/857/857 858/858/858 870/870/870
f 857/857/857 870/870/870 869/869/869
f 858/858/858 847/847/847 859/859/859
f 858/858/858 859/859/859 870/870/870
f 859/859/859 860/860/860 872/872/872
f 859/859/859 872/872/872 871/871/871
f 860/860/860 861/861/861 873/873/873
f 860/860/860 873/873/873 872/872/872
f 861/861/861 862/862/862 874/874/874
f 861/861/861 874/874/874 873/873/873
f 862/862/862 863/863/863 875/875/875
f 862/862/862 875/875/875 874/874/874
f 863/863/863 864/864/864 876/876/876
f 863/863/863 876/876/876 875/875/875
f 864/864/864 865/865/865 877/877/877
f 864/864/864 877/877/877 876/876/876
f 865/865/865 866/866/866 878/878/878
f 865/865/865 878/878/878 877/877/877
f 866/866/866 867/867/867 879/879/879
f 866/866/866 879/879/879 878/878/878
f 867/867/867 868/868/868 880/880/880
f 867/867/867 880/880/880 879/879/879
f 868/868/868 869/869/869 881/881/881
f 868/868/868 881/881/881 880/880/880
f 869/869/869 870/870/870 882/882/882
f 869/869/869 882/882/882 881/881/881
f 870/870/870 859/859/859 871/871/871
f 870/870/870 871/871/871 882/882/882
g hand_R
f 883/883/883 884/884/884 896/896/896
f 883/883/883 896/896/896 895/895/895
f 884/884/884 885/885/885 897/897/897
f 884/884/884 897/897/897 896/896/896
f 885/885/885 886/886/886 898/898/898
f 885/885/885 898/898/898 897/897/897
f 886/886/886 887/887/887 899/899/899
f 886/886/886 899/899/899 898/898/898
f 887/887/887 888/888/888 900/900/900
f 887/887/887 900/900/900 899/899/899
f 888/888/888 889/889/889 901/901/901
f 888/888/888 901/901/901 900/900/900
f 889/889/889 890/890/890 902/902/902
f 889/889/889 902/902/902 901/901/901
f 890/890/890 891/891/891 903/903/903
f 890/890/890 903/903/903 902/902/902
f 891/891/891 892/892/892 904/904/904
f 891/891/891 904/904/904 903/903/903
f 892/892/892 893/893/893 905/905/905
f 892/892/892 905/905/905 904/904/904
f 893/893/893 894/894/894 906/906/906
f 893/893/893 906/906/906 905/905/905
f 894/894/894 883/883/883 895/895/895
f 894/894/894 895/895/895 906/906/906
f 895/895/895 896/896/896 908/908/908
f 895/895/895 908/908/908 907/907/907
f 896/896/896 897/897/897 909/909/909
f 896/896/896 909/909/909 908/908/908
f 897/897/897 898/898/898 910/910/910
f 897/897/897 910/910/910 909/909/909
f 898/898/898 899/899/899 911/911/911
f 898/898/898 911/911/911 910/910/910
f 899/899/899 900/900/900 912/912/912
f 899/899/899 912/912/912 911/911/911
f 900/900/900 901/901/901 913/913/913
f 900/900/900 913/913/913 912/912/912
f 901/901/901 902/902/902 914/914/914
f 901/901/901 914/914/914 913/913/913
f 902/902/902 903/903/903 915/915/915
f 902/902/902 915/915/915 914/914/914
f 903/903/903 904/904/904 916/916/916
f 903/903/903 916/916/916 915/915/915
f 904/904/904 905/905/905 917/917/917
f 904/904/904 917/917/917 916/916/916
f 905/905/905 906/906/906 918/918/918
f 905/905/905 918/918/918 917/917/917
f 906/906/906 895/895/895 907/907/907
f 906/906/906 907/907/907 918/918/918
f 907/907/907 908/908/908 920/920/920
f 907/907/907 920/920/920 919/919/919
f 908/908/908 909/909/909 921/921/921
f 908/908/908 921/921/921 920/920/920
f 909/909/909 910/910/910 922/922/922
f 909/909/909 922/922/922 921/921/921
f 910/910/910 911/911/911 923/923/923
f 910/910/910 923/923/923 922/922/922
f 911/911/911 912/912/912 924/924/924
f 911/911/911 924/924/924 923/923/923
f 912/912/912 913/913/913 925/925/925
f 912/912/912 925/925/925 924/924/924
f 913/913/913 914/914/914 926/926/926
f 913/913/913 926/926/926 925/925/925
f 914/914/914 915/915/915 927/927/927
f 914/914/914 927/927/927 926/926/926
f 915/915/915 916/916/916 928/928/928
f 915/915/915 928/928/928 927/927/927
f 916/916/916 917/917/917 929/929/929
f 916/916/916 929/929/929 928/928/928
f 917/917/917 918/918/918 930/930/930
f 917/917/917 930/930/930 929/929/929
f 918/918/918 907/907/907 919/919/919
f 918/918/918 919/919/919 930/930/930
f 919/919/919 920/920/920 932/932/932
f 919/919/919 932/932/932 931/931/931
f 920/920/920 921/921/921 933/933/933
f 920/920/920 933/933/933 932/932/932
f 921/921/921 922/922/922 934/934/934
f 921/921/921 934/934/934 933/933/933
f 922/922/922 923/923/923 935/935/935
f 922/922/922 935/935/935 934/934/934
f 923/923/923 924/924/924 936/936/936
f 923/923/923 936/936/936 935/935/935
f 924/924/924 925/925/925 937/937/937
f 924/924/924 937/937/937 936/936/936
f 925/925/925 926/926/926 938/938/938
f 925/925/925 938/938/938 937/937/937
f 926/926/926 927/927/927 939/939/939
f 926/926/926 939/939/939 938/938/938
f 927/927/927 928/928/928 940/940/940
f 927/927/927 940/940/940 939/939/939
f 928/928/928 929/929/929 941/941/941
f 928/928/928 941/941/941 940/940/940
f 929/929/929 930/930/930 942/942/942
f 929/929/929 942/942/942 941/941/941
f 930/930/930 919/919/919 931/931/931
f 930/930/930 931/931/931 942/942/942
f 931/931/931 932/932/932 944/944/944
f 931/931/931 944/944/944 943/943/943
f 932/932/932 933/933/933 945/945/945
f 932/932/932 945/945/945 944/944/944
f 933/933/933 934/934/934 946/946/946
f 933/933/933 946/946/946 945/945/945
f 934/934/934 935/935/935 947/947/947
f 934/934/934 947/947/947 946/946/946
f 935/935/935 936/936/936 948/948/948
f 935/935/935 948/948/948 947/947/947
f 936/936/936 937/937/937 949/949/949
f 936/936/936 949/949/949 948/948/948
f 937/937/937 938/938/938 950/950/950
f 937/937/937 950/950/950 949/949/949
f 938/938/938 939/939/939 951/951/951
f 938/938/938 951/951/951 950/950/950
f 939/939/939 940/940/940 952/952/952
f 939/939/939 952/952/952 951/951/951
f 940/940/940 941/941/941 953/953/953
f 940/940/940 953/953/953 952/952/952
f 941/941/941 942/942/942 954/954/954
f 941/941/941 954/954/954 953/953/953
f 942/942/942 931/931/931 943/943/943
f 942/942/942 943/943/943 954/954/954
f 943/943/943 944/944/944 956/956/956
f 943/943/943 956/956/956 955/955/955
f 944/944/944 945/945/945 957/957/957
f 944/944/944 957/957/957 956/956/956
f 945/945/945 946/946/946 958/958/958
f 945/945/945 958/958/958 957/957/957
f 946/946/946 947/947/947 959/959/959
f 946/946/946 959/959/959 958/958/958
f 947/947/947 948/948/948 960/960/960
f 947/947/947 960/960/960 959/959/959
f 948/948/948 949/949/949 961/961/961
f 948/948/948 961/961/961 960/960/960
f 949/949/949 950/950/950 962/962/962
f 949/949/949 962/962/962 961/961/961
f 950/950/950 951/951/951 963/963/963
f 950/950/950 963/963/963 962/962/962
f 951/951/951 952/952/952 964/964/964
f 951/951/951 964/964/964 963/963/963
f 952/952/952 953/953/953 965/965/965
f 952/952/952 965/965/965 964/964/964
f 953/953/953 954/954/954 966/966/966
f 953/953/953 966/966/966 965/965/965
f 954/954/954 943/943/943 955/955/955
f 954/954/954 955/955/955 966/966/966
f 955/955/955 956/956/956 968/968/968
f 955/955/955 968/968/968 967/967/967
f 956/956/956 957/957/957 969/969/969
f 956/956/956 969/969/969 968/968/968
f 957/957/957 958/958/958 970/970/970
f 957/957/957 970/970/970 969/969/969
f 958/958/958 959/959/959 971/971/971
f 958/958/958 971/971/971 970/970/970
f 959/959/959 960/960/960 972/972/972
f 959/959/959 972/972/972 971/971/971
f 960/960/960 961/961/961 973/973/973
f 960/960/960 973/973/973 972/972/972
f 961/961/961 962/962/962 974/974/974
f 961/961/961 974/974/974 973/973/973
f 962/962/962 963/963/963 975/975/975
f 962/962/962 975/975/975 974/974/974
f 963/963/963 964/964/964 976/976/976
f 963/963/963 976/976/976 975/975/975
f 964/964/964 965/965/965 977/977/977
f 964/964/964 977/977/977 976/976/976
f 965/965/965 966/966/966 978/978/978
f 965/965/965 978/978/978 977/977/977
f 966/966/966 955/955/955 967/967/967
f 966/966/966 967/967/967 978/978/978
g haunch_L
f 979/979/979 980/980/980 992/992/992
f 979/979/979 992/992/992 991/991/991
f 980/980/980 981/981/981 993/993/993
f 980/980/980 993/993/993 992/992/992
f 981/981/981 982/982/982 994/994/994
f 981/981/981 994/994/994 993/993/993
f 982/982/982 983/983/983 995/995/995
f 982/982/982 995/995/995 994/994/994
f 983/983/983 984/984/984 996/996/996
f 983/983/983 996/996/996 995/995/995
f 984/984/984 985/985/985 997/997/997
f 984/984/984 997/997/997 996/996/996
f 985/985/985 986/986/986 998/998/998
f 985/985/985 998/998/998 997/997/997
f 986/986/986 987/987/987 999/999/999
f 986/986/986 999/999/999 998/998/998
f 987/987/987 988/988/988 1000/1000/1000
f 987/987/987 1000/1000/1000 999/999/999
f 988/988/988 989/989/989 1001/1001/1001
f 988/988/988 1001/1001/1001 1000/1000/1000
f 989/989/989 990/990/990 1002/1002/1002
f 989/989/989 1002/1002/1002 1001/1001/1001
f 990/990/990 979/979/979 991/991/991
f 990/990/990 991/991/991 1002/1002/1002
f 991/991/991 992/992/992 1004/1004/1004
f 991/991/991 1004/1004/1004 1003/1003/1003
f 992/992/992 993/993/993 1005/1005/1005
f 992/992/992 1005/1005/1005 1004/1004/1004
f 993/993/993 994/994/994 1006/1006/1006
f 993/993/993 1006/1006/1006 1005/1005/1005
f 994/994/994 995/995/995 1007/1007/1007
f 994/994/994 1007/1007/1007 1006/1006/1006
f 995/995/995 996/996/996 1008/1008/1008
f 995/995/995 1008/1008/1008 1007/1007/1007
f 996/996/996 997/997/997 1009/1009/1009
f 996/996/996 1009/1009/1009 1008/1008/1008
f 997/997/997 998/998/998 1010/1010/1010
f 997/997/997 1010/1010/1010 1009/1009/1009
f 998/998/998 999/999/999 1011/1011/1011
f 998/998/998 1011/1011/1011 1010/1010/1010
f 999/999/999 1000/1000/1000 1012/1012/1012
f 999/999/999 1012/1012/1012 1011/1011/1011
f 1000/1000/1000 1001/1001/1001 1013/1013/1013
f 1000/1000/1000 1013/1013/1013 1012/1012/1012
f 1001/1001/1001 1002/1002/1002 1014/1014/1014
f 1001/1001/1001 1014/1014/1014 1013/1013/1013
f 1002/1002/1002 991/991/991 1003/1003/1003
f 1002/1002/1002 1003/1003/1003 1014/1014/1014
f 1003/1003/1003 1004/1004/1004 1016/1016/1016
f 1003/1003/1003 1016/1016/1016 1015/1015/1015
f 1004/1004/1004 1005/1005/1005 1017/1017/1017
f 1004/1004/1004 1017/1017/1017 1016/1016/1016
f 1005/1005/1005 1006/1006/1006 1018/1018/1018
f 1005/1005/1005 1018/1018/1018 1017/1017/1017
f 1006/1006/1006 1007/1007/1007 1019/1019/1019
f 1006/1006/1006 1019/1019/1019 1018/1018/1018
f 1007/1007/1007 1008/1008/1008 1020/1020/1020
f 1007/1007/1007 1020/1020/1020 1019/1019/1019
f 1008/1008/1008 1009/1009/1009 1021/1021/1021
f 1008/1008/1008 1021/1021/1021 1020/1020/1020
f 1009/1009/1009 1010/1010/1010 1022/1022/1022
f 1009/1009/1009 1022/1022/1022 1021/1021/1021
f 1010/1010/1010 1011/1011/1011 1023/1023/1023
f 1010/1010/1010 1023/1023/1023 1022/1022/1022
f 1011/1011/1011 1012/1012/1012 1024/1024/1024
f 1011/1011/1011 1024/1024/1024 1023/1023/1023
f 1012/1012/1012 1013/1013/1013 1025/1025/1025
f 1012/1012/1012 1025/1025/1025 1024/1024/1024
f 1013/1013/1013 1014/1014/1014 1026/1026/1026
f 1013/1013/1013 1026/1026/1026 1025/1025/1025
f 1014/1014/1014 1003/1003/1003 1015/1015/1015
f 1014/1014/1014 1015/1015/1015 1026/1026/1026
f 1015/1015/1015 1016/1016/1016 1028/1028/1028
f 1015/1015/1015 1028/1028/1028 1027/1027/1027
f 1016/1016/1016 1017/1017/1017 1029/1029/1029
f 1016/1016/1016 1029/1029/1029 1028/1028/1028
f 1017/1017/1017 1018/1018/1018 1030/1030/1030
f 1017/1017/1017 1030/1030/1030 1029/1029/1029
f 1018/1018/1018 1019/1019/1019 1031/1031/1031
f 1018/1018/1018 1031/1031/1031 1030/1030/1030
f 1019/1019/1019 1020/1020/1020 1032/1032/1032
f 1019/1019/1019 1032/1032/1032 1031/1031/1031
f 1020/1020/1020 1021/1021/1021 1033/1033/1033
f 1020/1020/1020 1033/1033/1033 1032/1032/1032
f 1021/1021/1021 1022/1022/1022 1034/1034/1034
f 1021/1021/1021 1034/1034/1034 1033/1033/1033
f 1022/1022/1022 1023/1023/1023 1035/1035/1035
f 1022/1022/1022 1035/1035/1035 1034/1034/1034
f 1023/1023/1023 1024/1024/1024 1036/1036/1036
f 1023/1023/1023 1036/1036/1036 1035/1035/1035
f 1024/1024/1024 1025/1025/1025 1037/1037/1037
f 1024/1024/1024 1037/1037/1037 1036/1036/1036
f 1025/1025/1025 1026/1026/1026 1038/1038/1038
f 1025/1025/1025 1038/1038/1038 1037/1037/1037
f 1026/1026/1026 1015/1015/1015 1027/1027/1027
f 1026/1026/1026 1027/1027/1027 1038/1038/1038
f 1027/1027/1027 1028/1028/1028 1040/1040/1040
f 1027/1027/1027 1040/1040/1040 1039/1039/1039
f 1028/1028/1028 1029/1029/1029 1041/1041/1041
f 1028/1028/1028 1041/1041/1041 1040/1040/1040
f 1029/1029/1029 1030/1030/1030 1042/1042/1042
f 1029/1029/1029 1042/1042/1042 1041/1041/1041
f 1030/1030/1030 1031/1031/1031 1043/1043/1043
f 1030/1030/1030 1043/1043/1043 1042/1042/1042
f 1031/1031/1031 1032/1032/1032 1044/1044/1044
f 1031/1031/1031 1044/1044/1044 1043/1043/1043
f 1032/1032/1032 1033/1033/1033 1045/1045/1045
f 1032/1032/1032 1045/1045/1045 1044/1044/1044
f 1033/1033/1033 1034/1034/1034 1046/1046/1046
f 1033/1033/1033 1046/1046/1046 1045/1045/1045
f 1034/1034/1034 1035/1035/1035 1047/1047/1047
f 1034/1034/1034 1047/1047/1047 1046/1046/1046
f 1035/1035/1035 1036/1036/1036 1048/1048/1048
f 1035/1035/1035 1048/1048/1048 1047/1047/1047
f 1036/1036/1036 1037/1037/1037 1049/1049/1049
f 1036/1036/1036 1049/1049/1049 1048/1048/1048
f 1037/1037/1037 1038/1038/1038 1050/1050/1050
f 1037/1037/1037 1050/1050/1050 1049/1049/1049
f 1038/1038/1038 1027/1027/1027 1039/1039/1039
f 1038/1038/1038 1039/1039/1039 1050/1050/1050
f 1039/1039/1039 1040/1040/1040 1052/1052/1052
f 1039/1039/1039 1052/1052/1052 1051/1051/1051
f 1040/1040/1040 1041/1041/1041 1053/1053/1053
f 1040/1040/1040 1053/1053/1053 1052/1052/1052
f 1041/1041/1041 1042/1042/1042 1054/1054/1054
f 1041/1041/1041 1054/1054/1054 1053/1053/1053
f 1042/1042/1042 1043/1043/1043 1055/1055/1055
f 1042/1042/1042 1055/1055/1055 1054/1054/1054
f 1043/1043/1043 1044/1044/1044 1056/1056/1056
f 1043/1043/1043 1056/1056/1056 1055/1055/1055
f 1044/1044/1044 1045/1045/1045 1057/1057/1057
f 1044/1044/1044 1057/1057/1057 1056/1056/1056
f 1045/1045/1045 1046/1046/1046 1058/1058/1058
f 1045/1045/1045 1058/1058/1058 1057/1057/1057
f 1046/1046/1046 1047/1047/1047 1059/1059/1059
f 1046/1046/1046 1059/1059/1059 1058/1058/1058
f 1047/1047/1047 1048/1048/1048 1060/1060/1060
f 1047/1047/1047 1060/1060/1060 1059/1059/1059
f 1048/1048/1048 1049/1049/1049 1061/1061/1061
f 1048/1048/1048 1061/1061/1061 1060/1060/1060
f 1049/1049/1049 1050/1050/1050 1062/1062/1062
f 1049/1049/1049 1062/1062/1062 1061/1061/1061
f 1050/1050/1050 1039/1039/1039 1051/1051/1051
f 1050/1050/1050 1051/1051/1051 1062/1062/1062
f 1051/1051/1051 1052/1052/1052 1064/1064/1064
f 1051/1051/1051 1064/1064/1064 1063/1063/1063
f 1052/1052/1052 1053/1053/1053 1065/1065/1065
f 1052/1052/1052 1065/1065/1065 1064/1064/1064
f 1053/1053/1053 1054/1054/1054 1066/1066/1066
f 1053/1053/1053 1066/1066/1066 1065/1065/1065
f 1054/1054/1054 1055/1055/1055 1067/1067/1067
f 1054/1054/1054 1067/1067/1067 1066/1066/1066
f 1055/1055/1055 1056/1056/1056 1068/1068/1068
f 1055/1055/1055 1068/1068/1068 1067/1067/1067
f 1056/1056/1056 1057/1057/1057 1069/1069/1069
f 1056/1056/1056 1069/1069/1069 1068/1068/1068
f 1057/1057/1057 1058/1058/1058 1070/1070/1070
f 1057/1057/1057 1070/1070/1070 1069/1069/1069
f 1058/1058/1058 1059/1059/1059 1071/1071/1071
f 1058/1058/1058 1071/1071/1071 1070/1070/1070
f 1059/1059/1059 1060/1060/1060 1072/1072/1072
f 1059/1059/1059 1072/1072/1072 1071/1071/1071
f 1060/1060/1060 1061/1061/1061 1073/1073/1073
f 1060/1060/1060 1073/1073/1073 1072/1072/1072
f 1061/1061/1061 1062/1062/1062 1074/1074/1074
f 1061/1061/1061 1074/1074/1074 1073/1073/1073
f 1062/1062/1062 1051/1051/1051 1063/1063/1063
f 1062/1062/1062 1063/1063/1063 1074/1074/1074
g haunch_R
f 1075/1075/1075 1076/1076/1076 1088/1088/1088
f 1075/1075/1075 1088/1088/1088 1087/1087/1087
f 1076/1076/1076 1077/1077/1077 1089/1089/1089
f 1076/1076/1076 1089/1089/1089 1088/1088/1088
f 1077/1077/1077 1078/1078/1078 1090/1090/1090
f 1077/1077/1077 1090/1090/1090 1089/1089/1089
f 1078/1078/1078 1079/1079/1079 1091/1091/1091
f 1078/1078/1078 1091/1091/1091 1090/1090/1090
f 1079/1079/1079 1080/1080/1080 1092/1092/1092
f 1079/1079/1079 1092/1092/1092 1091/1091/1091
f 1080/1080/1080 1081/1081/1081 1093/1093/1093
f 1080/1080/1080 1093/1093/1093 1092/1092/1092
f 1081/1081/1081 1082/1082/1082 1094/1094/1094
f 1081/1081/1081 1094/1094/1094 1093/1093/1093
f 1082/1082/1082 1083/1083/1083 1095/1095/1095
f 1082/1082/1082 1095/1095/1095 1094/1094/1094
f 1083/1083/1083 1084/1084/1084 1096/1096/1096
f 1083/1083/1083 1096/1096/1096 1095/1095/1095
f 1084/1084/1084 1085/1085/1085 1097/1097/1097
f 1084/1084/1084 1097/1097/1097 1096/1096/1096
f 1085/1085/1085 1086/1086/1086 1098/1098/1098
f 1085/1085/1085 1098/1098/1098 1097/1097/1097
f 1086/1086/1086 1075/1075/1075 1087/1087/1087
f 1086/1086/1086 1087/1087/1087 1098/1098/1098
f 1087/1087/1087 1088/1088/1088 1100/1100/1100
f 1087/1087/1087 1100/1100/1100 1099/1099/1099
f 1088/1088/1088 1089/1089/1089 1101/1101/1101
f 1088/1088/1088 1101/1101/1101 1100/1100/1100
f 1089/1089/1089 1090/1090/1090 1102/1102/1102
f 1089/1089/1089 1102/1102/1102 1101/1101/1101
f 1090/1090/1090 1091/1091/1091 1103/1103/1103
f 1090/1090/1090 1103/1103/1103 1102/1102/1102
f 1091/1091/1091 1092/1092/1092 1104/1104/1104
f 1091/1091/1091 1104/1104/1104 1103/1103/1103
f 1092/1092/1092 1093/1093/1093 1105/1105/1105
f 1092/1092/1092 1105/1105/1105 1104/1104/1104
f 1093/1093/1093 1094/1094/1094 1106/1106/1106
f 1093/1093/1093 1106/1106/1106 1105/1105/1105
f 1094/1094/1094 1095/1095/1095 1107/1107/1107
f 1094/1094/1094 1107/1107/1107 1106/1106/1106
f 1095/1095/1095 1096/1096/1096 1108/1108/1108
f 1095/1095/1095 1108/1108/1108 1107/1107/1107
f 1096/1096/1096 1097/1097/1097 1109/1109/1109
f 1096/1096/1096 1109/1109/1109 1108/1108/1108
f 1097/1097/1097 1098/1098/1098 1110/1110/1110
f 1097/1097/1097 1110/1110/1110 1109/1109/1109
f 1098/1098/1098 1087/1087/1087 1099/1099/1099
f 1098/1098/1098 1099/1099/1099 1110/1110/1110
f 1099/1099/1099 1100/1100/1100 1112/1112/1112
f 1099/1099/1099 1112/1112/1112 1111/1111/1111
f 1100/1100/1100 1101/1101/1101 1113/1113/1113
f 1100/1100/1100 1113/1113/1113 1112/1112/1112
f 1101/1101/1101 1102/1102/1102 1114/1114/1114
f 1101/1101/1101 1114/1114/1114 1113/1113/1113
f 1102/1102/1102 1103/1103/1103 1115/1115/1115
f 1102/1102/1102 1115/1115/1115 1114/1114/1114
f 1103/1103/1103 1104/1104/1104 1116/1116/1116
f 1103/1103/1103 1116/1116/1116 1115/1115/1115
f 1104/1104/1104 1105/1105/1105 1117/1117/1117
f 1104/1104/1104 1117/1117/1117 1116/1116/1116
f 1105/1105/1105 1106/1106/1106 1118/1118/1118
f 1105/1105/1105 1118/1118/1118 1117/1117/1117
f 1106/1106/1106 1107/1107/1107 1119/1119/1119
f 1106/1106/1106 1119/1119/1119 1118/1118/1118
f 1107/1107/1107 1108/1108/1108 1120/1120/1120
f 1107/1107/1107 1120/1120/1120 1119/1119/1119
f 1108/1108/1108 1109/1109/1109 1121/1121/1121
f 1108/1108/1108 1121/1121/1121 1120/1120/1120
f 1109/1109/1109 1110/1110/1110 1122/1122/1122
f 1109/1109/1109 1122/1122/1122 1121/1121/1121
f 1110/1110/1110 1099/1099/1099 1111/1111/1111
f 1110/1110/1110 1111/1111/1111 1122/1122/1122
f 1111/1111/1111 1112/1112/1112 1124/1124/1124
f 1111/1111/1111 1124/1124/1124 1123/1123/1123
f 1112/1112/1112 1113/1113/1113 1125/1125/1125
f 1112/1112/1112 1125/1125/1125 1124/1124/1124
f 1113/1113/1113 1114/1114/1114 1126/1126/1126
f 1113/1113/1113 1126/1126/1126 1125/1125/1125
f 1114/1114/1114 1115/1115/1115 1127/1127/1127
f 1114/1114/1114 1127/1127/1127 1126/1126/1126
f 1115/1115/1115 1116/1116/1116 1128/1128/1128
f 1115/1115/1115 1128/1128/1128 1127/1127/1127
f 1116/1116/1116 1117/1117/1117 1129/1129/1129
f 1116/1116/1116 1129/1129/1129 1128/1128/1128
f 1117/1117/1117 1118/1118/1118 1130/1130/1130
f 1117/1117/1117 1130/1130/1130 1129/1129/1129
f 1118/1118/1118 1119/1119/1119 1131/1131/1131
f 1118/1118/1118 1131/1131/1131 1130/1130/1130
f 1119/1119/1119 1120/1120/1120 1132/1132/1132
f 1119/1119/1119 1132/1132/1132 1131/1131/1131
f 1120/1120/1120 1121/1121/1121 1133/1133/1133
f 1120/1120/1120 1133/1133/1133 1132/1132/1132
f 1121/1121/1121 1122/1122/1122 1134/1134/1134
f 1121/1121/1121 1134/1134/1134 1133/1133/1133
f 1122/1122/1122 1111/1111/1111 1123/1123/1123
f 1122/1122/1122 1123/1123/1123 1134/1134/1134
f 1123/1123/1123 1124/1124/1124 1136/1136/1136
f 1123/1123/1123 1136/1136/1136 1135/1135/1135
f 1124/1124/1124 1125/1125/1125 1137/1137/1137
f 1124/1124/1124 1137/1137/1137 1136/1136/1136
f 1125/1125/1125 1126/1126/1126 1138/1138/1138
f 1125/1125/1125 1138/1138/1138 1137/1137/1137
f 1126/1126/1126 1127/1127/1127 1139/1139/1139
f 1126/1126/1126 1139/1139/1139 1138/1138/1138
f 1127/1127/1127 1128/1128/1128 1140/1140/1140
f 1127/1127/1127 1140/1140/1140 1139/1139/1139
f 1128/1128/1128 1129/1129/1129 1141/1141/1141
f 1128/1128/1128 1141/1141/1141 1140/1140/1140
f 1129/1129/1129 1130/1130/1130 1142/1142/1142
f 1129/1129/1129 1142/1142/1142 1141/1141/1141
f 1130/1130/1130 1131/1131/1131 1143/1143/1143
f 1130/1130/1130 1143/1143/1143 1142/1142/1142
f 1131/1131/1131 1132/1132/1132 1144/1144/1144
f 1131/1131/1131 1144/1144/1144 1143/1143/1143
f 1132/1132/1132 1133/1133/1133 1145/1145/1145
f 1132/1132/1132 1145/1145/1145 1144/1144/1144
f 1133/1133/1133 1134/1134/1134 1146/1146/1146
f 1133/1133/1133 1146/1146/1146 1145/1145/1145
f 1134/1134/1134 1123/1123/1123 1135/1135/1135
f 1134/1134/1134 1135/1135/1135 1146/1146/1146
f 1135/1135/1135 1136/1136/1136 1148/1148/1148
f 1135/1135/1135 1148/1148/1148 1147/1147/1147
f 1136/1136/1136 1137/1137/1137 1149/1149/1149
f 1136/1136/1136 1149/1149/1149 1148/1148/1148
f 1137/1137/1137 1138/1138/1138 1150/1150/1150
f 1137/1137/1137 1150/1150/1150 1149/1149/1149
f 1138/1138/1138 1139/1139/1139 1151/1151/1151
f 1138/1138/1138 1151/1151/1151 1150/1150/1150
f 1139/1139/1139 1140/1140/1140 1152/1152/1152
f 1139/1139/1139 1152/1152/1152 1151/1151/1151
f 1140/1140/1140 1141/1141/1141 1153/1153/1153
f 1140/1140/1140 1153/1153/1153 1152/1152/1152
f 1141/1141/1141 1142/1142/1142 1154/1154/1154
f 1141/1141/1141 1154/1154/1154 1153/1153/1153
f 1142/1142/1142 1143/1143/1143 1155/1155/1155
f 1142/1142/1142 1155/1155/1155 1154/1154/1154
f 1143/1143/1143 1144/1144/1144 1156/1156/1156
f 1143/1143/1143 1156/1156/1156 1155/1155/1155
f 1144/1144/1144 1145/1145/1145 1157/1157/1157
f 1144/1144/1144 1157/1157/1157 1156/1156/1156
f 1145/1145/1145 1146/1146/1146 1158/1158/1158
f 1145/1145/1145 1158/1158/1158 1157/1157/1157
f 1146/1146/1146 1135/1135/1135 1147/1147/1147
f 1146/1146/1146 1147/1147/1147 1158/1158/1158
f 1147/1147/1147 1148/1148/1148 1160/1160/1160
f 1147/1147/1147 1160/1160/1160 1159/1159/1159
f 1148/1148/1148 1149/1149/1149 1161/1161/1161
f 1148/1148/1148 1161/1161/1161 1160/1160/1160
f 1149/1149/1149 1150/1150/1150 1162/1162/1162
f 1149/1149/1149 1162/1162/1162 1161/1161/1161
f 1150/1150/1150 1151/1151/1151 1163/1163/1163
f 1150/1150/1150 1163/1163/1163 1162/1162/1162
f 1151/1151/1151 1152/1152/1152 1164/1164/1164
f 1151/1151/1151 1164/1164/1164 1163/1163/1163
f 1152/1152/1152 1153/1153/1153 1165/1165/1165
f 1152/1152/1152 1165/1165/1165 1164/1164/1164
f 1153/1153/1153 1154/1154/1154 1166/1166/1166
f 1153/1153/1153 1166/1166/1166 1165/1165/1165
f 1154/1154/1154 1155/1155/1155 1167/1167/1167
f 1154/1154/1154 1167/1167/1167 1166/1166/1166
f 1155/1155/1155 1156/1156/1156 1168/1168/1168
f 1155/1155/1155 1168/1168/1168 1167/1167/1167
f 1156/1156/1156 1157/1157/1157 1169/1169/1169
f 1156/1156/1156 1169/1169/1169 1168/1168/1168
f 1157/1157/1157 1158/1158/1158 1170/1170/1170
f 1157/1157/1157 1170/1170/1170 1169/1169/1169
f 1158/1158/1158 1147/1147/1147 1159/1159/1159
f 1158/1158/1158 1159/1159/1159 1170/1170/1170
g thigh_L
f 1171/1171/1171 1172/1172/1172 1184/1184/1184
f 1171/1171/1171 1184/1184/1184 1183/1183/1183
f 1172/1172/1172 1173/1173/1173 1185/1185/1185
f 1172/1172/1172 1185/1185/1185 1184/1184/1184
f 1173/1173/1173 1174/1174/1174 1186/1186/1186
f 1173/1173/1173 1186/1186/1186 1185/1185/1185
f 1174/1174/1174 1175/1175/1175 1187/1187/1187
f 1174/1174/1174 1187/1187/1187 1186/1186/1186
f 1175/1175/1175 1176/1176/1176 1188/1188/1188
f 1175/1175/1175 1188/1188/1188 1187/1187/1187
f 1176/1176/1176 1177/1177/1177 1189/1189/1189
f 1176/1176/1176 1189/1189/1189 1188/1188/1188
f 1177/1177/1177 1178/1178/1178 1190/1190/1190
f 1177/1177/1177 1190/1190/1190 1189/1189/1189
f 1178/1178/1178 1179/1179/1179 1191/1191/1191
f 1178/1178/1178 1191/1191/1191 1190/1190/1190
f 1179/1179/1179 1180/1180/1180 1192/1192/1192
f 1179/1179/1179 1192/1192/1192 1191/1191/1191
f 1180/1180/1180 1181/1181/1181 1193/1193/1193
f 1180/1180/1180 1193/1193/1193 1192/1192/1192
f 1181/1181/1181 1182/1182/1182 1194/1194/1194
f 1181/1181/1181 1194/1194/1194 1193/1193/1193
f 1182/1182/1182 1171/1171/1171 1183/1183/1183
f 1182/1182/1182 1183/1183/1183 1194/1194/1194
f 1183/1183/1183 1184/1184/1184 1196/1196/1196
f 1183/1183/1183 1196/1196/1196 1195/1195/1195
f 1184/1184/1184 1185/1185/1185 1197/1197/1197
f 1184/1184/1184 1197/1197/1197 1196/1196/1196
f 1185/1185/1185 1186/1186/1186 1198/1198/1198
f 1185/1185/1185 1198/1198/1198 1197/1197/1197
f 1186/1186/1186 1187/1187/1187 1199/1199/1199
f 1186/1186/1186 1199/1199/1199 1198/1198/1198
f 1187/1187/1187 1188/1188/1188 1200/1200/1200
f 1187/1187/1187 1200/1200/1200 1199/1199/1199
f 1188/1188/1188 1189/1189/1189 1201/1201/1201
f 1188/1188/1188 1201/1201/1201 1200/1200/1200
f 1189/1189/1189 1190/1190/1190 1202/1202/1202
f 1189/1189/1189 1202/1202/1202 1201/1201/1201
f 1190/1190/1190 1191/1191/1191 1203/1203/1203
f 1190/1190/1190 1203/1203/1203 1202/1202/1202
f 1191/1191/1191 1192/1192/1192 1204/1204/1204
f 1191/1191/1191 1204/1204/1204 1203/1203/1203
f 1192/1192/1192 1193/1193/1193 1205/1205/1205
f 1192/1192/1192 1205/1205/1205 1204/1204/1204
f 1193/1193/1193 1194/1194/1194 1206/1206/1206
f 1193/1193/1193 1206/1206/1206 1205/1205/1205
f 1194/1194/1194 1183/1183/1183 1195/1195/1195
f 1194/1194/1194 1195/1195/1195 1206/1206/1206
f 1195/1195/1195 1196/1196/1196 1208/1208/1208
f 1195/1195/1195 1208/1208/1208 1207/1207/1207
f 1196/1196/1196 1197/1197/1197 1209/1209/1209
f 1196/1196/1196 1209/1209/1209 1208/1208/1208
f 1197/1197/1197 1198/1198/1198 1210/1210/1210
f 1197/1197/1197 1210/1210/1210 1209/1209/1209
f 1198/1198/1198 1199/1199/1199 1211/1211/1211
f 1198/1198/1198 1211/1211/1211 1210/1210/1210
f 1199/1199/1199 1200/1200/1200 1212/1212/1212
f 1199/1199/1199 1212/1212/1212 1211/1211/1211
f 1200/1200/1200 1201/1201/1201 1213/1213/1213
f 1200/1200/1200 1213/1213/1213 1212/1212/1212
f 1201/1201/1201 1202/1202/1202 1214/1214/1214
f 1201/1201/1201 1214/1214/1214 1213/1213/1213
f 1202/1202/1202 1203/1203/1203 1215/1215/1215
f 1202/1202/1202 1215/1215/1215 1214/1214/1214
f 1203/1203/1203 1204/1204/1204 1216/1216/1216
f 1203/1203/1203 1216/1216/1216 1215/1215/1215
f 1204/1204/1204 1205/1205/1205 1217/1217/1217
f 1204/1204/1204 1217/1217/1217 1216/1216/1216
f 1205/1205/1205 1206/1206/1206 1218/1218/1218
f 1205/1205/1205 1218/1218/1218 1217/1217/1217
f 1206/1206/1206 1195/1195/1195 1207/1207/1207
f 1206/1206/1206 1207/1207/1207 1218/1218/1218
f 1207/1207/1207 1208/1208/1208 1220/1220/1220
f 1207/1207/1207 1220/1220/1220 1219/1219/1219
f 1208/1208/1208 1209/1209/1209 1221/1221/1221
f 1208/1208/1208 1221/1221/1221 1220/1220/1220
f 1209/1209/1209 1210/1210/1210 1222/1222/1222
f 1209/1209/1209 1222/1222/1222 1221/1221/1221
f 1210/1210/1210 1211/1211/1211 1223/1223/1223
f 1210/1210/1210 1223/1223/1223 1222/1222/1222
f 1211/1211/1211 1212/1212/1212 1224/1224/1224
f 1211/1211/1211 1224/1224/1224 1223/1223/1223
f 1212/1212/1212 1213/1213/1213 1225/1225/1225
f 1212/1212/1212 1225/1225/1225 1224/1224/1224
f 1213/1213/1213 1214/1214/1214 1226/1226/1226
f 1213/1213/1213 1226/1226/1226 1225/1225/1225
f 1214/1214/1214 1215/1215/1215 1227/1227/1227
f 1214/1214/1214 1227/1227/1227 1226/1226/1226
f 1215/1215/1215 1216/1216/1216 1228/1228/1228
f 1215/1215/1215 1228/1228/1228 1227/1227/1227
f 1216/1216/1216 1217/1217/1217 1229/1229/1229
f 1216/1216/1216 1229/1229/1229 1228/1228/1228
f 1217/1217/1217 1218/1218/1218 1230/1230/1230
f 1217/1217/1217 1230/1230/1230 1229/1229/1229
f 1218/1218/1218 1207/1207/1207 1219/1219/1219
f 1218/1218/1218 1219/1219/1219 1230/1230/1230
f 1219/1219/1219 1220/1220/1220 1232/1232/1232
f 1219/1219/1219 1232/1232/1232 1231/1231/1231
f 1220/1220/1220 1221/1221/1221 1233/1233/1233
f 1220/1220/1220 1233/1233/1233 1232/1232/1232
f 1221/1221/1221 1222/1222/1222 1234/1234/1234
f 1221/1221/1221 1234/1234/1234 1233/1233/1233
f 1222/1222/1222 1223/1223/1223 1235/1235/1235
f 1222/1222/1222 1235/1235/1235 1234/1234/1234
f 1223/1223/1223 1224/1224/1224 1236/1236/1236
f 1223/1223/1223 1236/1236/1236 1235/1235/1235
f 1224/1224/1224 1225/1225/1225 1237/1237/1237
f 1224/1224/1224 1237/1237/1237 1236/1236/1236
f 1225/1225/1225 1226/1226/1226 1238/1238/1238
f 1225/1225/1225 1238/1238/1238 1237/1237/1237
f 1226/1226/1226 1227/1227/1227 1239/1239/1239
f 1226/1226/1226 1239/1239/1239 1238/1238/1238
f 1227/1227/1227 1228/1228/1228 1240/1240/1240
f 1227/1227/1227 1240/1240/1240 1239/1239/1239
f 1228/1228/1228 1229/1229/1229 1241/1241/1241
f 1228/1228/1228 1241/1241/1241 1240/1240/1240
f 1229/1229/1229 1230/1230/1230 1242/1242/1242
f 1229/1229/1229 1242/1242/1242 1241/1241/1241
f 1230/1230/1230 1219/1219/1219 1231/1231/1231
f 1230/1230/1230 1231/1231/1231 1242/1242/1242
f 1231/1231/1231 1232/1232/1232 1244/1244/1244
f 1231/1231/1231 1244/1244/1244 1243/1243/1243
f 1232/1232/1232 1233/1233/1233 1245/1245/1245
f 1232/1232/1232 1245/1245/1245 1244/1244/1244
f 1233/1233/1233 1234/1234/1234 1246/1246/1246
f 1233/1233/1233 1246/1246/1246 1245/1245/1245
f 1234/1234/1234 1235/1235/1235 1247/1247/1247
f 1234/1234/1234 1247/1247/1247 1246/1246/1246
f 1235/1235/1235 1236/1236/1236 1248/1248/1248
f 1235/1235/1235 1248/1248/1248 1247/1247/1247
f 1236/1236/1236 1237/1237/1237 1249/1249/1249
f 1236/1236/1236 1249/1249/1249 1248/1248/1248
f 1237/1237/1237 1238/1238/1238 1250/1250/1250
f 1237/1237/1237 1250/1250/1250 1249/1249/1249
f 1238/1238/1238 1239/1239/1239 1251/1251/1251
f 1238/1238/1238 1251/1251/1251 1250/1250/1250
f 1239/1239/1239 1240/1240/1240 1252/1252/1252
f 1239/1239/1239 1252/1252/1252 1251/1251/1251
f 1240/1240/1240 1241/1241/1241 1253/1253/1253
f 1240/1240/1240 1253/1253/1253 1252/1252/1252
f 1241/1241/1241 1242/1242/1242 1254/1254/1254
f 1241/1241/1241 1254/1254/1254 1253/1253/1253
f 1242/1242/1242 1231/1231/1231 1243/1243/1243
f 1242/1242/1242 1243/1243/1243 1254/1254/1254
f 1243/1243/1243 1244/1244/1244 1256/1256/1256
f 1243/1243/1243 1256/1256/1256 1255/1255/1255
f 1244/1244/1244 1245/1245/1245 1257/1257/1257
f 1244/1244/1244 1257/1257/1257 1256/1256/1256
f 1245/1245/1245 1246/1246/1246 1258/1258/1258
f 1245/1245/1245 1258/1258/1258 1257/1257/1257
f 1246/1246/1246 1247/1247/1247 1259/1259/1259
f 1246/1246/1246 1259/1259/1259 1258/1258/1258
f 1247/1247/1247 1248/1248/1248 1260/1260/1260
f 1247/1247/1247 1260/1260/1260 1259/1259/1259
f 1248/1248/1248 1249/1249/1249 1261/1261/1261
f 1248/1248/1248 1261/1261/1261 1260/1260/1260
f 1249/1249/1249 1250/1250/1250 1262/1262/1262
f 1249/1249/1249 1262/1262/1262 1261/1261/1261
f 1250/1250/1250 1251/1251/1251 1263/1263/1263
f 1250/1250/1250 1263/1263/1263 1262/1262/1262
f 1251/1251/1251 1252/1252/1252 1264/1264/1264
f 1251/1251/1251 1264/1264/1264 1263/1263/1263
f 1252/1252/1252 1253/1253/1253 1265/1265/1265
f 1252/1252/1252 1265/1265/1265 1264/1264/1264
f 1253/1253/1253 1254/1254/1254 1266/1266/1266
f 1253/1253/1253 1266/1266/1266 1265/1265/1265
f 1254/1254/1254 1243/1243/1243 1255/1255/1255
f 1254/1254/1254 1255/1255/1255 1266/1266/1266
g thigh_R
f 1267/1267/1267 1268/1268/1268 1280/1280/1280
f 1267/1267/1267 1280/1280/1280 1279/1279/1279
f 1268/1268/1268 1269/1269/1269 1281/1281/1281
f 1268/1268/1268 1281/1281/1281 1280/1280/1280
f 1269/1269/1269 1270/1270/1270 1282/1282/1282
f 1269/1269/1269 1282/1282/1282 1281/1281/1281
f 1270/1270/1270 1271/1271/1271 1283/1283/1283
f 1270/1270/1270 1283/1283/1283 1282/1282/1282
f 1271/1271/1271 1272/1272/1272 1284/1284/1284
f 1271/1271/1271 1284/1284/1284 1283/1283/1283
f 1272/1272/1272 1273/1273/1273 1285/1285/1285
f 1272/1272/1272 1285/1285/1285 1284/1284/1284
f 1273/1273/1273 1274/1274/1274 1286/1286/1286
f 1273/1273/1273 1286/1286/1286 1285/1285/1285
f 1274/1274/1274 1275/1275/1275 1287/1287/1287
f 1274/1274/1274 1287/1287/1287 1286/1286/1286
f 1275/1275/1275 1276/1276/1276 1288/1288/1288
f 1275/1275/1275 1288/1288/1288 1287/1287/1287
f 1276/1276/1276 1277/1277/1277 1289/1289/1289
f 1276/1276/1276 1289/1289/1289 1288/1288/1288
f 1277/1277/1277 1278/1278/1278 1290/1290/1290
f 1277/1277/1277 1290/1290/1290 1289/1289/1289
f 1278/1278/1278 1267/1267/1267 1279/1279/1279
f 1278/1278/1278 1279/1279/1279 1290/1290/1290
f 1279/1279/1279 1280/1280/1280 1292/1292/1292
f 1279/1279/1279 1292/1292/1292 1291/1291/1291
f 1280/1280/1280 1281/1281/1281 1293/1293/1293
f 1280/1280/1280 1293/1293/1293 1292/1292/1292
f 1281/1281/1281 1282/1282/1282 1294/1294/1294
f 1281/1281/1281 1294/1294/1294 1293/1293/1293
f 1282/1282/1282 1283/1283/1283 1295/1295/1295
f 1282/1282/1282 1295/1295/1295 1294/1294/1294
f 1283/1283/1283 1284/1284/1284 1296/1296/1296
f 1283/1283/1283 1296/1296/1296 1295/1295/1295
f 1284/1284/1284 1285/1285/1285 1297/1297/1297
f 1284/1284/1284 1297/1297/1297 1296/1296/1296
f 1285/1285/1285 1286/1286/1286 1298/1298/1298
f 1285/1285/1285 1298/1298/1298 1297/1297/1297
f 1286/1286/1286 1287/1287/1287 1299/1299/1299
f 1286/1286/1286 1299/1299/1299 1298/1298/1298
f 1287/1287/1287 1288/1288/1288 1300/1300/1300
f 1287/1287/1287 1300/1300/1300 1299/1299/1299
f 1288/1288/1288 1289/1289/1289 1301/1301/1301
f 1288/1288/1288 1301/1301/1301 1300/1300/1300
f 1289/1289/1289 1290/1290/1290 1302/1302/1302
f 1289/1289/1289 1302/1302/1302 1301/1301/1301
f 1290/1290/1290 1279/1279/1279 1291/1291/1291
f 1290/1290/1290 1291/1291/1291 1302/1302/1302
f 1291/1291/1291 1292/1292/1292 1304/1304/1304
f 1291/1291/1291 1304/1304/1304 1303/1303/1303
f 1292/1292/1292 1293/1293/1293 1305/1305/1305
f 1292/1292/1292 1305/1305/1305 1304/1304/1304
f 1293/1293/1293 1294/1294/1294 1306/1306/1306
f 1293/1293/1293 1306/1306/1306 1305/1305/1305
f 1294/1294/1294 1295/1295/1295 1307/1307/1307
f 1294/1294/1294 1307/1307/1307 1306/1306/1306
f 1295/1295/1295 1296/1296/1296 1308/1308/1308
f 1295/1295/1295 1308/1308/1308 1307/1307/1307
f 1296/1296/1296 1297/1297/1297 1309/1309/1309
f 1296/1296/1296 1309/1309/1309 1308/1308/1308
f 1297/1297/1297 1298/1298/1298 1310/1310/1310
f 1297/1297/1297 1310/1310/1310 1309/1309/1309
f 1298/1298/1298 1299/1299/1299 1311/1311/1311
f 1298/1298/1298 1311/1311/1311 1310/1310/1310
f 1299/1299/1299 1300/1300/1300 1312/1312/1312
f 1299/1299/1299 1312/1312/1312 1311/1311/1311
f 1300/1300/1300 1301/1301/1301 1313/1313/1313
f 1300/1300/1300 1313/1313/1313 1312/1312/1312
f 1301/1301/1301 1302/1302/1302 1314/1314/1314
f 1301/1301/1301 1314/1314/1314 1313/1313/1313
f 1302/1302/1302 1291/1291/1291 1303/1303/1303
f 1302/1302/1302 1303/1303/1303 1314/1314/1314
f 1303/1303/1303 1304/1304/1304 1316/1316/1316
f 1303/1303/1303 1316/1316/1316 1315/1315/1315
f 1304/1304/1304 1305/1305/1305 1317/1317/1317
f 1304/1304/1304 1317/1317/1317 1316/1316/1316
f 1305/1305/1305 1306/1306/1306 1318/1318/1318
f 1305/1305/1305 1318/1318/1318 1317/1317/1317
f 1306/1306/1306 1307/1307/1307 1319/1319/1319
f 1306/1306/1306 1319/1319/1319 1318/1318/1318
f 1307/1307/1307 1308/1308/1308 1320/1320/1320
f 1307/1307/1307 1320/1320/1320 1319/1319/1319
f 1308/1308/1308 1309/1309/1309 1321/1321/1321
f 1308/1308/1308 1321/1321/1321 1320/1320/1320
f 1309/1309/1309 1310/1310/1310 1322/1322/1322
f 1309/1309/1309 1322/1322/1322 1321/1321/1321
f 1310/1310/1310 1311/1311/1311 1323/1323/1323
f 1310/1310/1310 1323/1323/1323 1322/1322/1322
f 1311/1311/1311 1312/1312/1312 1324/1324/1324
f 1311/1311/1311 1324/1324/1324 1323/1323/1323
f 1312/1312/1312 1313/1313/1313 1325/1325/1325
f 1312/1312/1312 1325/1325/1325 1324/1324/1324
f 1313/1313/1313 1314/1314/1314 1326/1326/1326
f 1313/1313/1313 1326/1326/1326 1325/1325/1325
f 1314/1314/1314 1303/1303/1303 1315/1315/1315
f 1314/1314/1314 1315/1315/1315 1326/1326/1326
f 1315/1315/1315 1316/1316/1316 1328/1328/1328
f 1315/1315/1315 1328/1328/1328 1327/1327/1327
f 1316/1316/1316 1317/1317/1317 1329/1329/1329
f 1316/1316/1316 1329/1329/1329 1328/1328/1328
f 1317/1317/1317 1318/1318/1318 1330/1330/1330
f 1317/1317/1317 1330/1330/1330 1329/1329/1329
f 1318/1318/1318 1319/1319/1319 1331/1331/1331
f 1318/1318/1318 1331/1331/1331 1330/1330/1330
f 1319/1319/1319 1320/1320/1320 1332/1332/1332
f 1319/1319/1319 1332/1332/1332 1331/1331/1331
f 1320/1320/1320 1321/1321/1321 1333/1333/1333
f 1320/1320/1320 1333/1333/1333 1332/1332/1332
f 1321/1321/1321 1322/1322/1322 1334/1334/1334
f 1321/1321/1321 1334/1334/1334 1333/1333/1333
f 1322/1322/1322 1323/1323/1323 1335/1335/1335
f 1322/1322/1322 1335/1335/1335 1334/1334/1334
f 1323/1323/1323 1324/1324/1324 1336/1336/1336
f 1323/1323/1323 1336/1336/1336 1335/1335/1335
f 1324/1324/1324 1325/1325/1325 1337/1337/1337
f 1324/1324/1324 1337/1337/1337 1336/1336/1336
f 1325/1325/1325 1326/1326/1326 1338/1338/1338
f 1325/1325/1325 1338/1338/1338 1337/1337/1337
f 1326/1326/1326 1315/1315/1315 1327/1327/1327
f 1326/1326/1326 1327/1327/1327 1338/1338/1338
f 1327/1327/1327 1328/1328/1328 1340/1340/1340
f 1327/1327/1327 1340/1340/1340 1339/1339/1339
f 1328/1328/1328 1329/1329/1329 1341/1341/1341
f 1328/1328/1328 1341/1341/1341 1340/1340/1340
f 1329/1329/1329 1330/1330/1330 1342/1342/1342
f 1329/1329/1329 1342/1342/1342 1341/1341/1341
f 1330/1330/1330 1331/1331/1331 1343/1343/1343
f 1330/1330/1330 1343/1343/1343 1342/1342/1342
f 1331/1331/1331 1332/1332/1332 1344/1344/1344
f 1331/1331/1331 1344/1344/1344 1343/1343/1343
f 1332/1332/1332 1333/1333/1333 1345/1345/1345
f 1332/1332/1332 1345/1345/1345 1344/1344/1344
f 1333/1333/1333 1334/1334/1334 1346/1346/1346
f 1333/1333/1333 1346/1346/1346 1345/1345/1345
f 1334/1334/1334 1335/1335/1335 1347/1347/1347
f 1334/1334/1334 1347/1347/1347 1346/1346/1346
f 1335/1335/1335 1336/1336/1336 1348/1348/1348
f 1335/1335/1335 1348/1348/1348 1347/1347/1347
f 1336/1336/1336 1337/1337/1337 1349/1349/1349
f 1336/1336/1336 1349/1349/1349 1348/1348/1348
f 1337/1337/1337 1338/1338/1338 1350/1350/1350
f 1337/1337/1337 1350/1350/1350 1349/1349/1349
f 1338/1338/1338 1327/1327/1327 1339/1339/1339
f 1338/1338/1338 1339/1339/1339 1350/1350/1350
f 1339/1339/1339 1340/1340/1340 1352/1352/1352
f 1339/1339/1339 1352/1352/1352 1351/1351/1351
f 1340/1340/1340 1341/1341/1341 1353/1353/1353
f 1340/1340/1340 1353/1353/1353 1352/1352/1352
f 1341/1341/1341 1342/1342/1342 1354/1354/1354
f 1341/1341/1341 1354/1354/1354 1353/1353/1353
f 1342/1342/1342 1343/1343/1343 1355/1355/1355
f 1342/1342/1342 1355/1355/1355 1354/1354/1354
f 1343/1343/1343 1344/1344/1344 1356/1356/1356
f 1343/1343/1343 1356/1356/1356 1355/1355/1355
f 1344/1344/1344 1345/1345/1345 1357/1357/1357
f 1344/1344/1344 1357/1357/1357 1356/1356/1356
f 1345/1345/1345 1346/1346/1346 1358/1358/1358
f 1345/1345/1345 1358/1358/1358 1357/1357/1357
f 1346/1346/1346 1347/1347/1347 1359/1359/1359
f 1346/1346/1346 1359/1359/1359 1358/1358/1358
f 1347/1347/1347 1348/1348/1348 1360/1360/1360
f 1347/1347/1347 1360/1360/1360 1359/1359/1359
f 1348/1348/1348 1349/1349/1349 1361/1361/1361
f 1348/1348/1348 1361/1361/1361 1360/1360/1360
f 1349/1349/1349 1350/1350/1350 1362/1362/1362
f 1349/1349/1349 1362/1362/1362 1361/1361/1361
f 1350/1350/1350 1339/1339/1339 1351/1351/1351
f 1350/1350/1350 1351/1351/1351 1362/1362/1362
g leg_L
f 1363/1363/1363 1364/1364/1364 1376/1376/1376
f 1363/1363/1363 1376/1376/1376 1375/1375/1375
f 1364/1364/1364 1365/1365/1365 1377/1377/1377
f 1364/1364/1364 1377/1377/1377 1376/1376/1376
f 1365/1365/1365 1366/1366/1366 1378/1378/1378
f 1365/1365/1365 1378/1378/1378 1377/1377/1377
f 1366/1366/1366 1367/1367/1367 1379/1379/1379
f 1366/1366/1366 1379/1379/1379 1378/1378/1378
f 1367/1367/1367 1368/1368/1368 1380/1380/1380
f 1367/1367/1367 1380/1380/1380 1379/1379/1379
f 1368/1368/1368 1369/1369/1369 1381/1381/1381
f 1368/1368/1368 1381/1381/1381 1380/1380/1380
f 1369/1369/1369 1370/1370/1370 1382/1382/1382
f 1369/1369/1369 1382/1382/1382 1381/1381/1381
f 1370/1370/1370 1371/1371/1371 1383/1383/1383
f 1370/1370/1370 1383/1383/1383 1382/1382/1382
f 1371/1371/1371 1372/1372/1372 1384/1384/1384
f 1371/1371/1371 1384/1384/1384 1383/1383/1383
f 1372/1372/1372 1373/1373/1373 1385/1385/1385
f 1372/1372/1372 1385/1385/1385 1384/1384/1384
f 1373/1373/1373 1374/1374/1374 1386/1386/1386
f 1373/1373/1373 1386/1386/1386 1385/1385/1385
f 1374/1374/1374 1363/1363/1363 1375/1375/1375
f 1374/1374/1374 1375/1375/1375 1386/1386/1386
f 1387/1387/1387 1364/1364/1364 1363/1363/1363
f 1387/1387/1387 1363/1363/1363 1364/1364/1364
f 1387/1387/1387 1365/1365/1365 1364/1364/1364
f 1387/1387/1387 1364/1364/1364 1365/1365/1365
f 1387/1387/1387 1366/1366/1366 1365/1365/1365
f 1387/1387/1387 1365/1365/1365 1366/1366/1366
f 1387/1387/1387 1367/1367/1367 1366/1366/1366
f 1387/1387/1387 1366/1366/1366 1367/1367/1367
f 1387/1387/1387 1368/1368/1368 1367/1367/1367
f 1387/1387/1387 1367/1367/1367 1368/1368/1368
f 1387/1387/1387 1369/1369/1369 1368/1368/1368
f 1387/1387/1387 1368/1368/1368 1369/1369/1369
f 1387/1387/1387 1370/1370/1370 1369/1369/1369
f 1387/1387/1387 1369/1369/1369 1370/1370/1370
f 1387/1387/1387 1371/1371/1371 1370/1370/1370
f 1387/1387/1387 1370/1370/1370 1371/1371/1371
f 1387/1387/1387 1372/1372/1372 1371/1371/1371
f 1387/1387/1387 1371/1371/1371 1372/1372/1372
f 1387/1387/1387 1373/1373/1373 1372/1372/1372
f 1387/1387/1387 1372/1372/1372 1373/1373/1373
f 1387/1387/1387 1374/1374/1374 1373/1373/1373
f 1387/1387/1387 1373/1373/1373 1374/1374/1374
f 1387/1387/1387 1363/1363/1363 1374/1374/1374
f 1387/1387/1387 1374/1374/1374 1363/1363/1363
f 1388/1388/1388 1375/1375/1375 1376/1376/1376
f 1388/1388/1388 1376/1376/1376 1375/1375/1375
f 1388/1388/1388 1376/1376/1376 1377/1377/1377
f 1388/1388/1388 1377/1377/1377 1376/1376/1376
f 1388/1388/1388 1377/1377/1377 1378/1378/1378
f 1388/1388/1388 1378/1378/1378 1377/1377/1377
f 1388/1388/1388 1378/1378/1378 1379/1379/1379
f 1388/1388/1388 1379/1379/1379 1378/1378/1378
f 1388/1388/1388 1379/1379/1379 1380/1380/1380
f 1388/1388/1388 1380/1380/1380 1379/1379/1379
f 1388/1388/1388 1380/1380/1380 1381/1381/1381
f 1388/1388/1388 1381/1381/1381 1380/1380/1380
f 1388/1388/1388 1381/1381/1381 1382/1382/1382
f 1388/1388/1388 1382/1382/1382 1381/1381/1381
f 1388/1388/1388 1382/1382/1382 1383/1383/1383
f 1388/1388/1388 1383/1383/1383 1382/1382/1382
f 1388/1388/1388 1383/1383/1383 1384/1384/1384
f 1388/1388/1388 1384/1384/1384 1383/1383/1383
f 1388/1388/1388 1384/1384/1384 1385/1385/1385
f 1388/1388/1388 1385/1385/1385 1384/1384/1384
f 1388/1388/1388 1385/1385/1385 1386/1386/1386
f 1388/1388/1388 1386/1386/1386 1385/1385/1385
f 1388/1388/1388 1386/1386/1386 1375/1375/1375
f 1388/1388/1388 1375/1375/1375 1386/1386/1386
g leg_R
f 1389/1389/1389 1390/1390/1390 1402/1402/1402
f 1389/1389/1389 1402/1402/1402 1401/1401/1401
f 1390/1390/1390 1391/1391/1391 1403/1403/1403
f 1390/1390/1390 1403/1403/1403 1402/1402/1402
f 1391/1391/1391 1392/1392/1392 1404/1404/1404
f 1391/1391/1391 1404/1404/1404 1403/1403/1403
f 1392/1392/1392 1393/1393/1393 1405/1405/1405
f 1392/1392/1392 1405/1405/1405 1404/1404/1404
f 1393/1393/1393 1394/1394/1394 1406/1406/1406
f 1393/1393/1393 1406/1406/1406 1405/1405/1405
f 1394/1394/1394 1395/1395/1395 1407/1407/1407
f 1394/1394/1394 1407/1407/1407 1406/1406/1406
f 1395/1395/1395 1396/1396/1396 1408/1408/1408
f 1395/1395/1395 1408/1408/1408 1407/1407/1407
f 1396/1396/1396 1397/1397/1397 1409/1409/1409
f 1396/1396/1396 1409/1409/1409 1408/1408/1408
f 1397/1397/1397 1398/1398/1398 1410/1410/1410
f 1397/1397/1397 1410/1410/1410 1409/1409/1409
f 1398/1398/1398 1399/1399/1399 1411/1411/1411
f 1398/1398/1398 1411/1411/1411 1410/1410/1410
f 1399/1399/1399 1400/1400/1400 1412/1412/1412
f 1399/1399/1399 1412/1412/1412 1411/1411/1411
f 1400/1400/1400 1389/1389/1389 1401/1401/1401
f 1400/1400/1400 1401/1401/1401 1412/1412/1412
f 1413/1413/1413 1390/1390/1390 1389/1389/1389
f 1413/1413/1413 1389/1389/1389 1390/1390/1390
f 1413/1413/1413 1391/1391/1391 1390/1390/1390
f 1413/1413/1413 1390/1390/1390 1391/1391/1391
f 1413/1413/1413 1392/1392/1392 1391/1391/1391
f 1413/1413/1413 1391/1391/1391 1392/1392/1392
f 1413/1413/1413 1393/1393/1393 1392/1392/1392
f 1413/1413/1413 1392/1392/1392 1393/1393/1393
f 1413/1413/1413 1394/1394/1394 1393/1393/1393
f 1413/1413/1413 1393/1393/1393 1394/1394/1394
f 1413/1413/1413 1395/1395/1395 1394/1394/1394
f 1413/1413/1413 1394/1394/1394 1395/1395/1395
f 1413/1413/1413 1396/1396/1396 1395/1395/1395
f 1413/1413/1413 1395/1395/1395 1396/1396/1396
f 1413/1413/1413 1397/1397/1397 1396/1396/1396
f 1413/1413/1413 1396/1396/1396 1397/1397/1397
f 1413/1413/1413 1398/1398/1398 1397/1397/1397
f 1413/1413/1413 1397/1397/1397 1398/1398/1398
f 1413/1413/1413 1399/1399/1399 1398/1398/1398
f 1413/1413/1413 1398/1398/1398 1399/1399/1399
f 1413/1413/1413 1400/1400/1400 1399/1399/1399
f 1413/1413/1413 1399/1399/1399 1400/1400/1400
f 1413/1413/1413 1389/1389/1389 1400/1400/1400
f 1413/1413/1413 1400/1400/1400 1389/1389/1389
f 1414/1414/1414 1401/1401/1401 1402/1402/1402
f 1414/1414/1414 1402/1402/1402 1401/1401/1401
f 1414/1414/1414 1402/1402/1402 1403/1403/1403
f 1414/1414/1414 1403/1403/1403 1402/1402/1402
f 1414/1414/1414 1403/1403/1403 1404/1404/1404
f 1414/1414/1414 1404/1404/1404 1403/1403/1403
f 1414/1414/1414 1404/1404/1404 1405/1405/1405
f 1414/1414/1414 1405/1405/1405 1404/1404/1404
f 1414/1414/1414 1405/1405/1405 1406/1406/1406
f 1414/1414/1414 1406/1406/1406 1405/1405/1405
f 1414/1414/1414 1406/1406/1406 1407/1407/1407
f 1414/1414/1414 1407/1407/1407 1406/1406/1406
f 1414/1414/1414 1407/1407/1407 1408/1408/1408
f 1414/1414/1414 1408/1408/1408 1407/1407/1407
f 1414/1414/1414 1408/1408/1408 1409/1409/1409
f 1414/1414/1414 1409/1409/1409 1408/1408/1408
f 1414/1414/1414 1409/1409/1409 1410/1410/1410
f 1414/1414/1414 1410/1410/1410 1409/1409/1409
f 1414/1414/1414 1410/1410/1410 1411/1411/1411
f 1414/1414/1414 1411/1411/1411 1410/1410/1410
f 1414/1414/1414 1411/1411/1411 1412/1412/1412
f 1414/1414/1414 1412/1412/1412 1411/1411/1411
f 1414/1414/1414 1412/1412/1412 1401/1401/1401
f 1414/1414/1414 1401/1401/1401 1412/1412/1412
g foot_L
f 1415/1415/1415 1416/1416/1416 1428/1428/1428
f 1415/1415/1415 1428/1428/1428 1427/1427/1427
f 1416/1416/1416 1417/1417/1417 1429/1429/1429
f 1416/1416/1416 1429/1429/1429 1428/1428/1428
f 1417/1417/1417 1418/1418/1418 1430/1430/1430
f 1417/1417/1417 1430/1430/1430 1429/1429/1429
f 1418/1418/1418 1419/1419/1419 1431/1431/1431
f 1418/1418/1418 1431/1431/1431 1430/1430/1430
f 1419/1419/1419 1420/1420/1420 1432/1432/1432
f 1419/1419/1419 1432/1432/1432 1431/1431/1431
f 1420/1420/1420 1421/1421/1421 1433/1433/1433
f 1420/1420/1420 1433/1433/1433 1432/1432/1432
f 1421/1421/1421 1422/1422/1422 1434/1434/1434
f 1421/1421/1421 1434/1434/1434 1433/1433/1433
f 1422/1422/1422 1423/1423/1423 1435/1435/1435
f 1422/1422/1422 1435/1435/1435 1434/1434/1434
f 1423/1423/1423 1424/1424/1424 1436/1436/1436
f 1423/1423/1423 1436/1436/1436 1435/1435/1435
f 1424/1424/1424 1425/1425/1425 1437/1437/1437
f 1424/1424/1424 1437/1437/1437 1436/1436/1436
f 1425/1425/1425 1426/1426/1426 1438/1438/1438
f 1425/1425/1425 1438/1438/1438 1437/1437/1437
f 1426/1426/1426 1415/1415/1415 1427/1427/1427
f 1426/1426/1426 1427/1427/1427 1438/1438/1438
f 1427/1427/1427 1428/1428/1428 1440/1440/1440
f 1427/1427/1427 1440/1440/1440 1439/1439/1439
f 1428/1428/1428 1429/1429/1429 1441/1441/1441
f 1428/1428/1428 1441/1441/1441 1440/1440/1440
f 1429/1429/1429 1430/1430/1430 1442/1442/1442
f 1429/1429/1429 1442/1442/1442 1441/1441/1441
f 1430/1430/1430 1431/1431/1431 1443/1443/1443
f 1430/1430/1430 1443/1443/1443 1442/1442/1442
f 1431/1431/1431 1432/1432/1432 1444/1444/1444
f 1431/1431/1431 1444/1444/1444 1443/1443/1443
f 1432/1432/1432 1433/1433/1433 1445/1445/1445
f 1432/1432/1432 1445/1445/1445 1444/1444/1444
f 1433/1433/1433 1434/1434/1434 1446/1446/1446
f 1433/1433/1433 1446/1446/1446 1445/1445/1445
f 1434/1434/1434 1435/1435/1435 1447/1447/1447
f 1434/1434/1434 1447/1447/1447 1446/1446/1446
f 1435/1435/1435 1436/1436/1436 1448/1448/1448
f 1435/1435/1435 1448/1448/1448 1447/1447/1447
f 1436/1436/1436 1437/1437/1437 1449/1449/1449
f 1436/1436/1436 1449/1449/1449 1448/1448/1448
f 1437/1437/1437 1438/1438/1438 1450/1450/1450
f 1437/1437/1437 1450/1450/1450 1449/1449/1449
f 1438/1438/1438 1427/1427/1427 1439/1439/1439
f 1438/1438/1438 1439/1439/1439 1450/1450/1450
f 1439/1439/1439 1440/1440/1440 1452/1452/1452
f 1439/1439/1439 1452/1452/1452 1451/1451/1451
f 1440/1440/1440 1441/1441/1441 1453/1453/1453
f 1440/1440/1440 1453/1453/1453 1452/1452/1452
f 1441/1441/1441 1442/1442/1442 1454/1454/1454
f 1441/1441/1441 1454/1454/1454 1453/1453/1453
f 1442/1442/1442 1443/1443/1443 1455/1455/1455
f 1442/1442/1442 1455/1455/1455 1454/1454/1454
f 1443/1443/1443 1444/1444/1444 1456/1456/1456
f 1443/1443/1443 1456/1456/1456 1455/1455/1455
f 1444/1444/1444 1445/1445/1445 1457/1457/1457
f 1444/1444/1444 1457/1457/1457 1456/1456/1456
f 1445/1445/1445 1446/1446/1446 1458/1458/1458
f 1445/1445/1445 1458/1458/1458 1457/1457/1457
f 1446/1446/1446 1447/1447/1447 1459/1459/1459
f 1446/1446/1446 1459/1459/1459 1458/1458/1458
f 1447/1447/1447 1448/1448/1448 1460/1460/1460
f 1447/1447/1447 1460/1460/1460 1459/1459/1459
f 1448/1448/1448 1449/1449/1449 1461/1461/1461
f 1448/1448/1448 1461/1461/1461 1460/1460/1460
f 1449/1449/1449 1450/1450/1450 1462/1462/1462
f 1449/1449/1449 1462/1462/1462 1461/1461/1461
f 1450/1450/1450 1439/1439/1439 1451/1451/1451
f 1450/1450/1450 1451/1451/1451 1462/1462/1462
f 1451/1451/1451 1452/1452/1452 1464/1464/1464
f 1451/1451/1451 1464/1464/1464 1463/1463/1463
f 1452/1452/1452 1453/1453/1453 1465/1465/1465
f 1452/1452/1452 1465/1465/1465 1464/1464/1464
f 1453/1453/1453 1454/1454/1454 1466/1466/1466
f 1453/1453/1453 1466/1466/1466 1465/1465/1465
f 1454/1454/1454 1455/1455/1455 1467/1467/1467
f 1454/1454/1454 1467/1467/1467 1466/1466/1466
f 1455/1455/1455 1456/1456/1456 1468/1468/1468
f 1455/1455/1455 1468/1468/1468 1467/1467/1467
f 1456/1456/1456 1457/1457/1457 1469/1469/1469
f 1456/1456/1456 1469/1469/1469 1468/1468/1468
f 1457/1457/1457 1458/1458/1458 1470/1470/1470
f 1457/1457/1457 1470/1470/1470 1469/1469/1469
f 1458/1458/1458 1459/1459/1459 1471/1471/1471
f 1458/1458/1458 1471/1471/1471 1470/1470/1470
f 1459/1459/1459 1460/1460/1460 1472/1472/1472
f 1459/1459/1459 1472/1472/1472 1471/1471/1471
f 1460/1460/1460 1461/1461/1461 1473/1473/1473
f 1460/1460/1460 1473/1473/1473 1472/1472/1472
f 1461/1461/1461 1462/1462/1462 1474/1474/1474
f 1461/1461/1461 1474/1474/1474 1473/1473/1473
f 1462/1462/1462 1451/1451/1451 1463/1463/1463
f 1462/1462/1462 1463/1463/1463 1474/1474/1474
f 1463/1463/1463 1464/1464/1464 1476/1476/1476
f 1463/1463/1463 1476/1476/1476 1475/1475/1475
f 1464/1464/1464 1465/1465/1465 1477/1477/1477
f 1464/1464/1464 1477/1477/1477 1476/1476/1476
f 1465/1465/1465 1466/1466/1466 1478/1478/1478
f 1465/1465/1465 1478/1478/1478 1477/1477/1477
f 1466/1466/1466 1467/1467/1467 1479/1479/1479
f 1466/1466/1466 1479/1479/1479 1478/1478/1478
f 1467/1467/1467 1468/1468/1468 1480/1480/1480
f 1467/1467/1467 1480/1480/1480 1479/1479/1479
f 1468/1468/1468 1469/1469/1469 1481/1481/1481
f 1468/1468/1468 1481/1481/1481 1480/1480/1480
f 1469/1469/1469 1470/1470/1470 1482/1482/1482
f 1469/1469/1469 1482/1482/1482 1481/1481/1481
f 1470/1470/1470 1471/1471/1471 1483/1483/1483
f 1470/1470/1470 1483/1483/1483 1482/1482/1482
f 1471/1471/1471 1472/1472/1472 1484/1484/1484
f 1471/1471/1471 1484/1484/1484 1483/1483/1483
f 1472/1472/1472 1473/1473/1473 1485/1485/1485
f 1472/1472/1472 1485/1485/1485 1484/1484/1484
f 1473/1473/1473 1474/1474/1474 1486/1486/1486
f 1473/1473/1473 1486/1486/1486 1485/1485/1485
f 1474/1474/1474 1463/1463/1463 1475/1475/1475
f 1474/1474/1474 1475/1475/1475 1486/1486/1486
f 1475/1475/1475 1476/1476/1476 1488/1488/1488
f 1475/1475/1475 1488/1488/1488 1487/1487/1487
f 1476/1476/1476 1477/1477/1477 1489/1489/1489
f 1476/1476/1476 1489/1489/1489 1488/1488/1488
f 1477/1477/1477 1478/1478/1478 1490/1490/1490
f 1477/1477/1477 1490/1490/1490 1489/1489/1489
f 1478/1478/1478 1479/1479/1479 1491/1491/1491
f 1478/1478/1478 1491/1491/1491 1490/1490/1490
f 1479/1479/1479 1480/1480/1480 1492/1492/1492
f 1479/1479/1479 1492/1492/1492 1491/1491/1491
f 1480/1480/1480 1481/1481/1481 1493/1493/1493
f 1480/1480/1480 1493/1493/1493 1492/1492/1492
f 1481/1481/1481 1482/1482/1482 1494/1494/1494
f 1481/1481/1481 1494/1494/1494 1493/1493/1493
f 1482/1482/1482 1483/1483/1483 1495/1495/1495
f 1482/1482/1482 1495/1495/1495 1494/1494/1494
f 1483/1483/1483 1484/1484/1484 1496/1496/1496
f 1483/1483/1483 1496/1496/1496 1495/1495/1495
f 1484/1484/1484 1485/1485/1485 1497/1497/1497
f 1484/1484/1484 1497/1497/1497 1496/1496/1496
f 1485/1485/1485 1486/1486/1486 1498/1498/1498
f 1485/1485/1485 1498/1498/1498 1497/1497/1497
f 1486/1486/1486 1475/1475/1475 1487/1487/1487
f 1486/1486/1486 1487/1487/1487 1498/1498/1498
f 1487/1487/1487 1488/1488/1488 1500/1500/1500
f 1487/1487/1487 1500/1500/1500 1499/1499/1499
f 1488/1488/1488 1489/1489/1489 1501/1501/1501
f 1488/1488/1488 1501/1501/1501 1500/1500/1500
f 1489/1489/1489 1490/1490/1490 1502/1502/1502
f 1489/1489/1489 1502/1502/1502 1501/1501/1501
f 1490/1490/1490 1491/1491/1491 1503/1503/1503
f 1490/1490/1490 1503/1503/1503 1502/1502/1502
f 1491/1491/1491 1492/1492/1492 1504/1504/1504
f 1491/1491/1491 1504/1504/1504 1503/1503/1503
f 1492/1492/1492 1493/1493/1493 1505/1505/1505
f 1492/1492/1492 1505/1505/1505 1504/1504/1504
f 1493/1493/1493 1494/1494/1494 1506/1506/1506
f 1493/1493/1493 1506/1506/1506 1505/1505/1505
f 1494/1494/1494 1495/1495/1495 1507/1507/1507
f 1494/1494/1494 1507/1507/1507 1506/1506/1506
f 1495/1495/1495 1496/1496/1496 1508/1508/1508
f 1495/1495/1495 1508/1508/1508 1507/1507/1507
f 1496/1496/1496 1497/1497/1497 1509/1509/1509
f 1496/1496/1496 1509/1509/1509 1508/1508/1508
f 1497/1497/1497 1498/1498/1498 1510/1510/1510
f 1497/1497/1497 1510/1510/1510 1509/1509/1509
f 1498/1498/1498 1487/1487/1487 1499/1499/1499
f 1498/1498/1498 1499/1499/1499 1510/1510/1510
g foot_R
f 1511/1511/1511 1512/1512/1512 1524/1524/1524
f 1511/1511/1511 1524/1524/1524 1523/1523/1523
f 1512/1512/1512 1513/1513/1513 1525/1525/1525
f 1512/1512/1512 1525/1525/1525 1524/1524/1524
f 1513/1513/1513 1514/1514/1514 1526/1526/1526
f 1513/1513/1513 1526/1526/1526 1525/1525/1525
f 1514/1514/1514 1515/1515/1515 1527/1527/1527
f 1514/1514/1514 1527/1527/1527 1526/1526/1526
f 1515/1515/1515 1516/1516/1516 1528/1528/1528
f 1515/1515/1515 1528/1528/1528 1527/1527/1527
f 1516/1516/1516 1517/1517/1517 1529/1529/1529
f 1516/1516/1516 1529/1529/1529 1528/1528/1528
f 1517/1517/1517 1518/1518/1518 1530/1530/1530
f 1517/1517/1517 1530/1530/1530 1529/1529/1529
f 1518/1518/1518 1519/1519/1519 1531/1531/1531
f 1518/1518/1518 1531/1531/1531 1530/1530/1530
f 1519/1519/1519 1520/1520/1520 1532/1532/1532
f 1519/1519/1519 1532/1532/1532 1531/1531/1531
f 1520/1520/1520 1521/1521/1521 1533/1533/1533
f 1520/1520/1520 1533/1533/1533 1532/1532/1532
f 1521/1521/1521 1522/1522/1522 1534/1534/1534
f 1521/1521/1521 1534/1534/1534 1533/1533/1533
f 1522/1522/1522 1511/1511/1511 1523/1523/1523
f 1522/1522/1522 1523/1523/1523 1534/1534/1534
f 1523/1523/1523 1524/1524/1524 1536/1536/1536
f 1523/1523/1523 1536/1536/1536 1535/1535/1535
f 1524/1524/1524 1525/1525/1525 1537/1537/1537
f 1524/1524/1524 1537/1537/1537 1536/1536/1536
f 1525/1525/1525 1526/1526/1526 1538/1538/1538
f 1525/1525/1525 1538/1538/1538 1537/1537/1537
f 1526/1526/1526 1527/1527/1527 1539/1539/1539
f 1526/1526/1526 1539/1539/1539 1538/1538/1538
f 1527/1527/1527 1528/1528/1528 1540/1540/1540
f 1527/1527/1527 1540/1540/1540 1539/1539/1539
f 1528/1528/1528 1529/1529/1529 1541/1541/1541
f 1528/1528/1528 1541/1541/1541 1540/1540/1540
f 1529/1529/1529 1530/1530/1530 1542/1542/1542
f 1529/1529/1529 1542/1542/1542 1541/1541/1541
f 1530/1530/1530 1531/1531/1531 1543/1543/1543
f 1530/1530/1530 1543/1543/1543 1542/1542/1542
f 1531/1531/1531 1532/1532/1532 1544/1544/1544
f 1531/1531/1531 1544/1544/1544 1543/1543/1543
f 1532/1532/1532 1533/1533/1533 1545/1545/1545
f 1532/1532/1532 1545/1545/1545 1544/1544/1544
f 1533/1533/1533 1534/1534/1534 1546/1546/1546
f 1533/1533/1533 1546/1546/1546 1545/1545/1545
f 1534/1534/1534 1523/1523/1523 1535/1535/1535
f 1534/1534/1534 1535/1535/1535 1546/1546/1546
f 1535/1535/1535 1536/1536/1536 1548/1548/1548
f 1535/1535/1535 1548/1548/1548 1547/1547/1547
f 1536/1536/1536 1537/1537/1537 1549/1549/1549
f 1536/1536/1536 1549/1549/1549 1548/1548/1548
f 1537/1537/1537 1538/1538/1538 1550/1550/1550
f 1537/1537/1537 1550/1550/1550 1549/1549/1549
f 1538/1538/1538 1539/1539/1539 1551/1551/1551
f 1538/1538/1538 1551/1551/1551 1550/1550/1550
f 1539/1539/1539 1540/1540/1540 1552/1552/1552
f 1539/1539/1539 1552/1552/1552 1551/1551/1551
f 1540/1540/1540 1541/1541/1541 1553/1553/1553
f 1540/1540/1540 1553/1553/1553 1552/1552/1552
f 1541/1541/1541 1542/1542/1542 1554/1554/1554
f 1541/1541/1541 1554/1554/1554 1553/1553/1553
f 1542/1542/1542 1543/1543/1543 1555/1555/1555
f 1542/1542/1542 1555/1555/1555 1554/1554/1554
f 1543/1543/1543 1544/1544/1544 1556/1556/1556
f 1543/1543/1543 1556/1556/1556 1555/1555/1555
f 1544/1544/1544 1545/1545/1545 1557/1557/1557
f 1544/1544/1544 1557/1557/1557 1556/1556/1556
f 1545/1545/1545 1546/1546/1546 1558/1558/1558
f 1545/1545/1545 1558/1558/1558 1557/1557/1557
f 1546/1546/1546 1535/1535/1535 1547/1547/1547
f 1546/1546/1546 1547/1547/1547 1558/1558/1558
f 1547/1547/1547 1548/1548/1548 1560/1560/1560
f 1547/1547/1547 1560/1560/1560 1559/1559/1559
f 1548/1548/1548 1549/1549/1549 1561/1561/1561
f 1548/1548/1548 1561/1561/1561 1560/1560/1560
f 1549/1549/1549 1550/1550/1550 1562/1562/1562
f 1549/1549/1549 1562/1562/1562 1561/1561/1561
f 1550/1550/1550 1551/1551/1551 1563/1563/1563
f 1550/1550/1550 1563/1563/1563 1562/1562/1562
f 1551/1551/1551 1552/1552/1552 1564/1564/1564
f 1551/1551/1551 1564/1564/1564 1563/1563/1563
f 1552/1552/1552 1553/1553/1553 1565/1565/1565
f 1552/1552/1552 1565/1565/1565 1564/1564/1564
f 1553/1553/1553 1554/1554/1554 1566/1566/1566
f 1553/1553/1553 1566/1566/1566 1565/1565/1565
f 1554/1554/1554 1555/1555/1555 1567/1567/1567
f 1554/1554/1554 1567/1567/1567 1566/1566/1566
f 1555/1555/1555 1556/1556/1556 1568/1568/1568
f 1555/1555/1555 1568/1568/1568 1567/1567/1567
f 1556/1556/1556 1557/1557/1557 1569/1569/1569
f 1556/1556/1556 1569/1569/1569 1568/1568/1568
f 1557/1557/1557 1558/1558/1558 1570/1570/1570
f 1557/1557/1557 1570/1570/1570 1569/1569/1569
f 1558/1558/1558 1547/1547/1547 1559/1559/1559
f 1558/1558/1558 1559/1559/1559 1570/1570/1570
f 1559/1559/1559 1560/1560/1560 1572/1572/1572
f 1559/1559/1559 1572/1572/1572 1571/1571/1571
f 1560/1560/1560 1561/1561/1561 1573/1573/1573
f 1560/1560/1560 1573/1573/1573 1572/1572/1572
f 1561/1561/1561 1562/1562/1562 1574/1574/1574
f 1561/1561/1561 1574/1574/1574 1573/1573/1573
f 1562/1562/1562 1563/1563/1563 1575/1575/1575
f 1562/1562/1562 1575/1575/1575 1574/1574/1574
f 1563/1563/1563 1564/1564/1564 1576/1576/1576
f 1563/1563/1563 1576/1576/1576 1575/1575/1575
f 1564/1564/1564 1565/1565/1565 1577/1577/1577
f 1564/1564/1564 1577/1577/1577 1576/1576/1576
f 1565/1565/1565 1566/1566/1566 1578/1578/1578
f 1565/1565/1565 1578/1578/1578 1577/1577/1577
f 1566/1566/1566 1567/1567/1567 1579/1579/1579
f 1566/1566/1566 1579/1579/1579 1578/1578/1578
f 1567/1567/1567 1568/1568/1568 1580/1580/1580
f 1567/1567/1567 1580/1580/1580 1579/1579/1579
f 1568/1568/1568 1569/1569/1569 1581/1581/1581
f 1568/1568/1568 1581/1581/1581 1580/1580/1580
f 1569/1569/1569 1570/1570/1570 1582/1582/1582
f 1569/1569/1569 1582/1582/1582 1581/1581/1581
f 1570/1570/1570 1559/1559/1559 1571/1571/1571
f 1570/1570/1570 1571/1571/1571 1582/1582/1582
f 1571/1571/1571 1572/1572/1572 1584/1584/1584
f 1571/1571/1571 1584/1584/1584 1583/1583/1583
f 1572/1572/1572 1573/1573/1573 1585/1585/1585
f 1572/1572/1572 1585/1585/1585 1584/1584/1584
f 1573/1573/1573 1574/1574/1574 1586/1586/1586
f 1573/1573/1573 1586/1586/1586 1585/1585/1585
f 1574/1574/1574 1575/1575/1575 1587/1587/1587
f 1574/1574/1574 1587/1587/1587 1586/1586/1586
f 1575/1575/1575 1576/1576/1576 1588/1588/1588
f 1575/1575/1575 1588/1588/1588 1587/1587/1587
f 1576/1576/1576 1577/1577/1577 1589/1589/1589
f 1576/1576/1576 1589/1589/1589 1588/1588/1588
f 1577/1577/1577 1578/1578/1578 1590/1590/1590
f 1577/1577/1577 1590/1590/1590 1589/1589/1589
f 1578/1578/1578 1579/1579/1579 1591/1591/1591
f 1578/1578/1578 1591/1591/1591 1590/1590/1590
f 1579/1579/1579 1580/1580/1580 1592/1592/1592
f 1579/1579/1579 1592/1592/1592 1591/1591/1591
f 1580/1580/1580 1581/1581/1581 1593/1593/1593
f 1580/1580/1580 1593/1593/1593 1592/1592/1592
f 1581/1581/1581 1582/1582/1582 1594/1594/1594
f 1581/1581/1581 1594/1594/1594 1593/1593/1593
f 1582/1582/1582 1571/1571/1571 1583/1583/1583
f 1582/1582/1582 1583/1583/1583 1594/1594/1594
f 1583/1583/1583 1584/1584/1584 1596/1596/1596
f 1583/1583/1583 1596/1596/1596 1595/1595/1595
f 1584/1584/1584 1585/1585/1585 1597/1597/1597
f 1584/1584/1584 1597/1597/1597 1596/1596/1596
f 1585/1585/1585 1586/1586/1586 1598/1598/1598
f 1585/1585/1585 1598/1598/1598 1597/1597/1597
f 1586/1586/1586 1587/1587/1587 1599/1599/1599
f 1586/1586/1586 1599/1599/1599 1598/1598/1598
f 1587/1587/1587 1588/1588/1588 1600/1600/1600
f 1587/1587/1587 1600/1600/1600 1599/1599/1599
f 1588/1588/1588 1589/1589/1589 1601/1601/1601
f 1588/1588/1588 1601/1601/1601 1600/1600/1600
f 1589/1589/1589 1590/1590/1590 1602/1602/1602
f 1589/1589/1589 1602/1602/1602 1601/1601/1601
f 1590/1590/1590 1591/1591/1591 1603/1603/1603
f 1590/1590/1590 1603/1603/1603 1602/1602/1602
f 1591/1591/1591 1592/1592/1592 1604/1604/1604
f 1591/1591/1591 1604/1604/1604 1603/1603/1603
f 1592/1592/1592 1593/1593/1593 1605/1605/1605
f 1592/1592/1592 1605/1605/1605 1604/1604/1604
f 1593/1593/1593 1594/1594/1594 1606/1606/1606
f 1593/1593/1593 1606/1606/1606 1605/1605/1605
f 1594/1594/1594 1583/1583/1583 1595/1595/1595
f 1594/1594/1594 1595/1595/1595 1606/1606/1606
g tail
f 1607/1607/1607 1608/1608/1608 1618/1618/1618
f 1607/1607/1607 1618/1618/1618 1617/1617/1617
f 1608/1608/1608 1609/1609/1609 1619/1619/1619
f 1608/1608/1608 1619/1619/1619 1618/1618/1618
f 1609/1609/1609 1610/1610/1610 1620/1620/1620
f 1609/1609/1609 1620/1620/1620 1619/1619/1619
f 1610/1610/1610 1611/1611/1611 1621/1621/1621
f 1610/1610/1610 1621/1621/1621 1620/1620/1620
f 1611/1611/1611 1612/1612/1612 1622/1622/1622
f 1611/1611/1611 1622/1622/1622 1621/1621/1621
f 1612/1612/1612 1613/1613/1613 1623/1623/1623
f 1612/1612/1612 1623/1623/1623 1622/1622/1622
f 1613/1613/1613 1614/1614/1614 1624/1624/1624
f 1613/1613/1613 1624/1624/1624 1623/1623/1623
f 1614/1614/1614 1615/1615/1615 1625/1625/1625
f 1614/1614/1614 1625/1625/1625 1624/1624/1624
f 1615/1615/1615 1616/1616/1616 1626/1626/1626
f 1615/1615/1615 1626/1626/1626 1625/1625/1625
f 1616/1616/1616 1607/1607/1607 1617/1617/1617
f 1616/1616/1616 1617/1617/1617 1626/1626/1626
f 1617/1617/1617 1618/1618/1618 1628/1628/1628
f 1617/1617/1617 1628/1628/1628 1627/1627/1627
f 1618/1618/1618 1619/1619/1619 1629/1629/1629
f 1618/1618/1618 1629/1629/1629 1628/1628/1628
f 1619/1619/1619 1620/1620/1620 1630/1630/1630
f 1619/1619/1619 1630/1630/1630 1629/1629/1629
f 1620/1620/1620 1621/1621/1621 1631/1631/1631
f 1620/1620/1620 1631/1631/1631 1630/1630/1630
f 1621/1621/1621 1622/1622/1622 1632/1632/1632
f 1621/1621/1621 1632/1632/1632 1631/1631/1631
f 1622/1622/1622 1623/1623/1623 1633/1633/1633
f 1622/1622/1622 1633/1633/1633 1632/1632/1632
f 1623/1623/1623 1624/1624/1624 1634/1634/1634
f 1623/1623/1623 1634/1634/1634 1633/1633/1633
f 1624/1624/1624 1625/1625/1625 1635/1635/1635
f 1624/1624/1624 1635/1635/1635 1634/1634/1634
f 1625/1625/1625 1626/1626/1626 1636/1636/1636
f 1625/1625/1625 1636/1636/1636 1635/1635/1635
f 1626/1626/1626 1617/1617/1617 1627/1627/1627
f 1626/1626/1626 1627/1627/1627 1636/1636/1636
f 1627/1627/1627 1628/1628/1628 1638/1638/1638
f 1627/1627/1627 1638/1638/1638 1637/1637/1637
f 1628/1628/1628 1629/1629/1629 1639/1639/1639
f 1628/1628/1628 1639/1639/1639 1638/1638/1638
f 1629/1629/1629 1630/1630/1630 1640/1640/1640
f 1629/1629/1629 1640/1640/1640 1639/1639/1639
f 1630/1630/1630 1631/1631/1631 1641/1641/1641
f 1630/1630/1630 1641/1641/1641 1640/1640/1640
f 1631/1631/1631 1632/1632/1632 1642/1642/1642
f 1631/1631/1631 1642/1642/1642 1641/1641/1641
f 1632/1632/1632 1633/1633/1633 1643/1643/1643
f 1632/1632/1632 1643/1643/1643 1642/1642/1642
f 1633/1633/1633 1634/1634/1634 1644/1644/1644
f 1633/1633/1633 1644/1644/1644 1643/1643/1643
f 1634/1634/1634 1635/1635/1635 1645/1645/1645
f 1634/1634/1634 1645/1645/1645 1644/1644/1644
f 1635/1635/1635 1636/1636/1636 1646/1646/1646
f 1635/1635/1635 1646/1646/1646 1645/1645/1645
f 1636/1636/1636 1627/1627/1627 1637/1637/1637
f 1636/1636/1636 1637/1637/1637 1646/1646/1646
f 1637/1637/1637 1638/1638/1638 1648/1648/1648
f 1637/1637/1637 1648/1648/1648 1647/1647/1647
f 1638/1638/1638 1639/1639/1639 1649/1649/1649
f 1638/1638/1638 1649/1649/1649 1648/1648/1648
f 1639/1639/1639 1640/1640/1640 1650/1650/1650
f 1639/1639/1639 1650/1650/1650 1649/1649/1649
f 1640/1640/1640 1641/1641/1641 1651/1651/1651
f 1640/1640/1640 1651/1651/1651 1650/1650/1650
f 1641/1641/1641 1642/1642/1642 1652/1652/1652
f 1641/1641/1641 1652/1652/1652 1651/1651/1651
f 1642/1642/1642 1643/1643/1643 1653/1653/1653
f 1642/1642/1642 1653/1653/1653 1652/1652/1652
f 1643/1643/1643 1644/1644/1644 1654/1654/1654
f 1643/1643/1643 1654/1654/1654 1653/1653/1653
f 1644/1644/1644 1645/1645/1645 1655/1655/1655
f 1644/1644/1644 1655/1655/1655 1654/1654/1654
f 1645/1645/1645 1646/1646/1646 1656/1656/1656
f 1645/1645/1645 1656/1656/1656 1655/1655/1655
f 1646/1646/1646 1637/1637/1637 1647/1647/1647
f 1646/1646/1646 1647/1647/1647 1656/1656/1656
f 1647/1647/1647 1648/1648/1648 1658/1658/1658
f 1647/1647/1647 1658/1658/1658 1657/1657/1657
f 1648/1648/1648 1649/1649/1649 1659/1659/1659
f 1648/1648/1648 1659/1659/1659 1658/1658/1658
f 1649/1649/1649 1650/1650/1650 1660/1660/1660
f 1649/1649/1649 1660/1660/1660 1659/1659/1659
f 1650/1650/1650 1651/1651/1651 1661/1661/1661
f 1650/1650/1650 1661/1661/1661 1660/1660/1660
f 1651/1651/1651 1652/1652/1652 1662/1662/1662
f 1651/1651/1651 1662/1662/1662 1661/1661/1661
f 1652/1652/1652 1653/1653/1653 1663/1663/1663
f 1652/1652/1652 1663/1663/1663 1662/1662/1662
f 1653/1653/1653 1654/1654/1654 1664/1664/1664
f 1653/1653/1653 1664/1664/1664 1663/1663/1663
f 1654/1654/1654 1655/1655/1655 1665/1665/1665
f 1654/1654/1654 1665/1665/1665 1664/1664/1664
f 1655/1655/1655 1656/1656/1656 1666/1666/1666
f 1655/1655/1655 1666/1666/1666 1665/1665/1665
f 1656/1656/1656 1647/1647/1647 1657/1657/1657
f 1656/1656/1656 1657/1657/1657 1666/1666/1666
f 1657/1657/1657 1658/1658/1658 1668/1668/1668
f 1657/1657/1657 1668/1668/1668 1667/1667/1667
f 1658/1658/1658 1659/1659/1659 1669/1669/1669
f 1658/1658/1658 1669/1669/1669 1668/1668/1668
f 1659/1659/1659 1660/1660/1660 1670/1670/1670
f 1659/1659/1659 1670/1670/1670 1669/1669/1669
f 1660/1660/1660 1661/1661/1661 1671/1671/1671
f 1660/1660/1660 1671/1671/1671 1670/1670/1670
f 1661/1661/1661 1662/1662/1662 1672/1672/1672
f 1661/1661/1661 1672/1672/1672 1671/1671/1671
f 1662/1662/1662 1663/1663/1663 1673/1673/1673
f 1662/1662/1662 1673/1673/1673 1672/1672/1672
f 1663/1663/1663 1664/1664/1664 1674/1674/1674
f 1663/1663/1663 1674/1674/1674 1673/1673/1673
f 1664/1664/1664 1665/1665/1665 1675/1675/1675
f 1664/1664/1664 1675/1675/1675 1674/1674/1674
f 1665/1665/1665 1666/1666/1666 1676/1676/1676
f 1665/1665/1665 1676/1676/1676 1675/1675/1675
f 1666/1666/1666 1657/1657/1657 1667/1667/1667
f 1666/1666/1666 1667/1667/1667 1676/1676/1676
g handL_pad_center
usemtl panda_pink
f 1677/1677/1677 1678/1678/1678 1688/1688/1688
f 1677/1677/1677 1688/1688/1688 1687/1687/1687
f 1678/1678/1678 1679/1679/1679 1689/1689/1689
f 1678/1678/1678 1689/1689/1689 1688/1688/1688
f 1679/1679/1679 1680/1680/1680 1690/1690/1690
f 1679/1679/1679 1690/1690/1690 1689/1689/1689
f 1680/1680/1680 1681/1681/1681 1691/1691/1691
f 1680/1680/1680 1691/1691/1691 1690/1690/1690
f 1681/1681/1681 1682/1682/1682 1692/1692/1692
f 1681/1681/1681 1692/1692/1692 1691/1691/1691
f 1682/1682/1682 1683/1683/1683 1693/1693/1693
f 1682/1682/1682 1693/1693/1693 1692/1692/1692
f 1683/1683/1683 1684/1684/1684 1694/1694/1694
f 1683/1683/1683 1694/1694/1694 1693/1693/1693
f 1684/1684/1684 1685/1685/1685 1695/1695/1695
f 1684/1684/1684 1695/1695/1695 1694/1694/1694
f 1685/1685/1685 1686/1686/1686 1696/1696/1696
f 1685/1685/1685 1696/1696/1696 1695/1695/1695
f 1686/1686/1686 1677/1677/1677 1687/1687/1687
f 1686/1686/1686 1687/1687/1687 1696/1696/1696
f 1687/1687/1687 1688/1688/1688 1698/1698/1698
f 1687/1687/1687 1698/1698/1698 1697/1697/1697
f 1688/1688/1688 1689/1689/1689 1699/1699/1699
f 1688/1688/1688 1699/1699/1699 1698/1698/1698
f 1689/1689/1689 1690/1690/1690 1700/1700/1700
f 1689/1689/1689 1700/1700/1700 1699/1699/1699
f 1690/1690/1690 1691/1691/1691 1701/1701/1701
f 1690/1690/1690 1701/1701/1701 1700/1700/1700
f 1691/1691/1691 1692/1692/1692 1702/1702/1702
f 1691/1691/1691 1702/1702/1702 1701/1701/1701
f 1692/1692/1692 1693/1693/1693 1703/1703/1703
f 1692/1692/1692 1703/1703/1703 1702/1702/1702
f 1693/1693/1693 1694/1694/1694 1704/1704/1704
f 1693/1693/1693 1704/1704/1704 1703/1703/1703
f 1694/1694/1694 1695/1695/1695 1705/1705/1705
f 1694/1694/1694 1705/1705/1705 1704/1704/1704
f 1695/1695/1695 1696/1696/1696 1706/1706/1706
f 1695/1695/1695 1706/1706/1706 1705/1705/1705
f 1696/1696/1696 1687/1687/1687 1697/1697/1697
f 1696/1696/1696 1697/1697/1697 1706/1706/1706
f 1697/1697/1697 1698/1698/1698 1708/1708/1708
f 1697/1697/1697 1708/1708/1708 1707/1707/1707
f 1698/1698/1698 1699/1699/1699 1709/1709/1709
f 1698/1698/1698 1709/1709/1709 1708/1708/1708
f 1699/1699/1699 1700/1700/1700 1710/1710/1710
f 1699/1699/1699 1710/1710/1710 1709/1709/1709
f 1700/1700/1700 1701/1701/1701 1711/1711/1711
f 1700/1700/1700 1711/1711/1711 1710/1710/1710
f 1701/1701/1701 1702/1702/1702 1712/1712/1712
f 1701/1701/1701 1712/1712/1712 1711/1711/1711
f 1702/1702/1702 1703/1703/1703 1713/1713/1713
f 1702/1702/1702 1713/1713/1713 1712/1712/1712
f 1703/1703/1703 1704/1704/1704 1714/1714/1714
f 1703/1703/1703 1714/1714/1714 1713/1713/1713
f 1704/1704/1704 1705/1705/1705 1715/1715/1715
f 1704/1704/1704 1715/1715/1715 1714/1714/1714
f 1705/1705/1705 1706/1706/1706 1716/1716/1716
f 1705/1705/1705 1716/1716/1716 1715/1715/1715
f 1706/1706/1706 1697/1697/1697 1707/1707/1707
f 1706/1706/1706 1707/1707/1707 1716/1716/1716
f 1707/1707/1707 1708/1708/1708 1718/1718/1718
f 1707/1707/1707 1718/1718/1718 1717/1717/1717
f 1708/1708/1708 1709/1709/1709 1719/1719/1719
f 1708/1708/1708 1719/1719/1719 1718/1718/1718
f 1709/1709/1709 1710/1710/1710 1720/1720/1720
f 1709/1709/1709 1720/1720/1720 1719/1719/1719
f 1710/1710/1710 1711/1711/1711 1721/1721/1721
f 1710/1710/1710 1721/1721/1721 1720/1720/1720
f 1711/1711/1711 1712/1712/1712 1722/1722/1722
f 1711/1711/1711 1722/1722/1722 1721/1721/1721
f 1712/1712/1712 1713/1713/1713 1723/1723/1723
f 1712/1712/1712 1723/1723/1723 1722/1722/1722
f 1713/1713/1713 1714/1714/1714 1724/1724/1724
f 1713/1713/1713 1724/1724/1724 1723/1723/1723
f 1714/1714/1714 1715/1715/1715 1725/1725/1725
f 1714/1714/1714 1725/1725/1725 1724/1724/1724
f 1715/1715/1715 1716/1716/1716 1726/1726/1726
f 1715/1715/1715 1726/1726/1726 1725/1725/1725
f 1716/1716/1716 1707/1707/1707 1717/1717/1717
f 1716/1716/1716 1717/1717/1717 1726/1726/1726
f 1717/1717/1717 1718/1718/1718 1728/1728/1728
f 1717/1717/1717 1728/1728/1728 1727/1727/1727
f 1718/1718/1718 1719/1719/1719 1729/1729/1729
f 1718/1718/1718 1729/1729/1729 1728/1728/1728
f 1719/1719/1719 1720/1720/1720 1730/1730/1730
f 1719/1719/1719 1730/1730/1730 1729/1729/1729
f 1720/1720/1720 1721/1721/1721 1731/1731/1731
f 1720/1720/1720 1731/1731/1731 1730/1730/1730
f 1721/1721/1721 1722/1722/1722 1732/1732/1732
f 1721/1721/1721 1732/1732/1732 1731/1731/1731
f 1722/1722/1722 1723/1723/1723 1733/1733/1733
f 1722/1722/1722 1733/1733/1733 1732/1732/1732
f 1723/1723/1723 1724/1724/1724 1734/1734/1734
f 1723/1723/1723 1734/1734/1734 1733/1733/1733
f 1724/1724/1724 1725/1725/1725 1735/1735/1735
f 1724/1724/1724 1735/1735/1735 1734/1734/1734
f 1725/1725/1725 1726/1726/1726 1736/1736/1736
f 1725/1725/1725 1736/1736/1736 1735/1735/1735
f 1726/1726/1726 1717/1717/1717 1727/1727/1727
f 1726/1726/1726 1727/1727/1727 1736/1736/1736
f 1727/1727/1727 1728/1728/1728 1738/1738/1738
f 1727/1727/1727 1738/1738/1738 1737/1737/1737
f 1728/1728/1728 1729/1729/1729 1739/1739/1739
f 1728/1728/1728 1739/1739/1739 1738/1738/1738
f 1729/1729/1729 1730/1730/1730 1740/1740/1740
f 1729/1729/1729 1740/1740/1740 1739/1739/1739
f 1730/1730/1730 1731/1731/1731 1741/1741/1741
f 1730/1730/1730 1741/1741/1741 1740/1740/1740
f 1731/1731/1731 1732/1732/1732 1742/1742/1742
f 1731/1731/1731 1742/1742/1742 1741/1741/1741
f 1732/1732/1732 1733/1733/1733 1743/1743/1743
f 1732/1732/1732 1743/1743/1743 1742/1742/1742
f 1733/1733/1733 1734/1734/1734 1744/1744/1744
f 1733/1733/1733 1744/1744/1744 1743/1743/1743
f 1734/1734/1734 1735/1735/1735 1745/1745/1745
f 1734/1734/1734 1745/1745/1745 1744/1744/1744
f 1735/1735/1735 1736/1736/1736 1746/1746/1746
f 1735/1735/1735 1746/1746/1746 1745/1745/1745
f 1736/1736/1736 1727/1727/1727 1737/1737/1737
f 1736/1736/1736 1737/1737/1737 1746/1746/1746
g handL_pad_toe0
f 1747/1747/1747 1748/1748/1748 1758/1758/1758
f 1747/1747/1747 1758/1758/1758 1757/1757/1757
f 1748/1748/1748 1749/1749/1749 1759/1759/1759
f 1748/1748/1748 1759/1759/1759 1758/1758/1758
f 1749/1749/1749 1750/1750/1750 1760/1760/1760
f 1749/1749/1749 1760/1760/1760 1759/1759/1759
f 1750/1750/1750 1751/1751/1751 1761/1761/1761
f 1750/1750/1750 1761/1761/1761 1760/1760/1760
f 1751/1751/1751 1752/1752/1752 1762/1762/1762
f 1751/1751/1751 1762/1762/1762 1761/1761/1761
f 1752/1752/1752 1753/1753/1753 1763/1763/1763
f 1752/1752/1752 1763/1763/1763 1762/1762/1762
f 1753/1753/1753 1754/1754/1754 1764/1764/1764
f 1753/1753/1753 1764/1764/1764 1763/1763/1763
f 1754/1754/1754 1755/1755/1755 1765/1765/1765
f 1754/1754/1754 1765/1765/1765 1764/1764/1764
f 1755/1755/1755 1756/1756/1756 1766/1766/1766
f 1755/1755/1755 1766/1766/1766 1765/1765/1765
f 1756/1756/1756 1747/1747/1747 1757/1757/1757
f 1756/1756/1756 1757/1757/1757 1766/1766/1766
f 1757/1757/1757 1758/1758/1758 1768/1768/1768
f 1757/1757/1757 1768/1768/1768 1767/1767/1767
f 1758/1758/1758 1759/1759/1759 1769/1769/1769
f 1758/1758/1758 1769/1769/1769 1768/1768/1768
f 1759/1759/1759 1760/1760/1760 1770/1770/1770
f 1759/1759/1759 1770/1770/1770 1769/1769/1769
f 1760/1760/1760 1761/1761/1761 1771/1771/1771
f 1760/1760/1760 1771/1771/1771 1770/1770/1770
f 1761/1761/1761 1762/1762/1762 1772/1772/1772
f 1761/1761/1761 1772/1772/1772 1771/1771/1771
f 1762/1762/1762 1763/1763/1763 1773/1773/1773
f 1762/1762/1762 1773/1773/1773 1772/1772/1772
f 1763/1763/1763 1764/1764/1764 1774/1774/1774
f 1763/1763/1763 1774/1774/1774 1773/1773/1773
f 1764/1764/1764 1765/1765/1765 1775/1775/1775
f 1764/1764/1764 1775/1775/1775 1774/1774/1774
f 1765/1765/1765 1766/1766/1766 1776/1776/1776
f 1765/1765/1765 1776/1776/1776 1775/1775/1775
f 1766/1766/1766 1757/1757/1757 1767/1767/1767
f 1766/1766/1766 1767/1767/1767 1776/1776/1776
f 1767/1767/1767 1768/1768/1768 1778/1778/1778
f 1767/1767/1767 1778/1778/1778 1777/1777/1777
f 1768/1768/1768 1769/1769/1769 1779/1779/1779
f 1768/1768/1768 1779/1779/1779 1778/1778/1778
f 1769/1769/1769 1770/1770/1770 1780/1780/1780
f 1769/1769/1769 1780/1780/1780 1779/1779/1779
f 1770/1770/1770 1771/1771/1771 1781/1781/1781
f 1770/1770/1770 1781/1781/1781 1780/1780/1780
f 1771/1771/1771 1772/1772/1772 1782/1782/1782
f 1771/1771/1771 1782/1782/1782 1781/1781/1781
f 1772/1772/1772 1773/1773/1773 1783/1783/1783
f 1772/1772/1772 1783/1783/1783 1782/1782/1782
f 1773/1773/1773 1774/1774/1774 1784/1784/1784
f 1773/1773/1773 1784/1784/1784 1783/1783/1783
f 1774/1774/1774 1775/1775/1775 1785/1785/1785
f 1774/1774/1774 1785/1785/1785 1784/1784/1784
f 1775/1775/1775 1776/1776/1776 1786/1786/1786
f 1775/1775/1775 1786/1786/1786 1785/1785/1785
f 1776/1776/1776 1767/1767/1767 1777/1777/1777
f 1776/1776/1776 1777/1777/1777 1786/1786/1786
f 1777/1777/1777 1778/1778/1778 1788/1788/1788
f 1777/1777/1777 1788/1788/1788 1787/1787/1787
f 1778/1778/1778 1779/1779/1779 1789/1789/1789
f 1778/1778/1778 1789/1789/1789 1788/1788/1788
f 1779/1779/1779 1780/1780/1780 1790/1790/1790
f 1779/1779/1779 1790/1790/1790 1789/1789/1789
f 1780/1780/1780 1781/1781/1781 1791/1791/1791
f 1780/1780/1780 1791/1791/1791 1790/1790/1790
f 1781/1781/1781 1782/1782/1782 1792/1792/1792
f 1781/1781/1781 1792/1792/1792 1791/1791/1791
f 1782/1782/1782 1783/1783/1783 1793/1793/1793
f 1782/1782/1782 1793/1793/1793 1792/1792/1792
f 1783/1783/1783 1784/1784/1784 1794/1794/1794
f 1783/1783/1783 1794/1794/1794 1793/1793/1793
f 1784/1784/1784 1785/1785/1785 1795/1795/1795
f 1784/1784/1784 1795/1795/1795 1794/1794/1794
f 1785/1785/1785 1786/1786/1786 1796/1796/1796
f 1785/1785/1785 1796/1796/1796 1795/1795/1795
f 1786/1786/1786 1777/1777/1777 1787/1787/1787
f 1786/1786/1786 1787/1787/1787 1796/1796/1796
f 1787/1787/1787 1788/1788/1788 1798/1798/1798
f 1787/1787/1787 1798/1798/1798 1797/1797/1797
f 1788/1788/1788 1789/1789/1789 1799/1799/1799
f 1788/1788/1788 1799/1799/1799 1798/1798/1798
f 1789/1789/1789 1790/1790/1790 1800/1800/1800
f 1789/1789/1789 1800/1800/1800 1799/1799/1799
f 1790/1790/1790 1791/1791/1791 1801/1801/1801
f 1790/1790/1790 1801/1801/1801 1800/1800/1800
f 1791/1791/1791 1792/1792/1792 1802/1802/1802
f 1791/1791/1791 1802/1802/1802 1801/1801/1801
f 1792/1792/1792 1793/1793/1793 1803/1803/1803
f 1792/1792/1792 1803/1803/1803 1802/1802/1802
f 1793/1793/1793 1794/1794/1794 1804/1804/1804
f 1793/1793/1793 1804/1804/1804 1803/1803/1803
f 1794/1794/1794 1795/1795/1795 1805/1805/1805
f 1794/1794/1794 1805/1805/1805 1804/1804/1804
f 1795/1795/1795 1796/1796/1796 1806/1806/1806
f 1795/1795/1795 1806/1806/1806 1805/1805/1805
f 1796/1796/1796 1787/1787/1787 1797/1797/1797
f 1796/1796/1796 1797/1797/1797 1806/1806/1806
f 1797/1797/1797 1798/1798/1798 1808/1808/1808
f 1797/1797/1797 1808/1808/1808 1807/1807/1807
f 1798/1798/1798 1799/1799/1799 1809/1809/1809
f 1798/1798/1798 1809/1809/1809 1808/1808/1808
f 1799/1799/1799 1800/1800/1800 1810/1810/1810
f 1799/1799/1799 1810/1810/1810 1809/1809/1809
f 1800/1800/1800 1801/1801/1801 1811/1811/1811
f 1800/1800/1800 1811/1811/1811 1810/1810/1810
f 1801/1801/1801 1802/1802/1802 1812/1812/1812
f 1801/1801/1801 1812/1812/1812 1811/1811/1811
f 1802/1802/1802 1803/1803/1803 1813/1813/1813
f 1802/1802/1802 1813/1813/1813 1812/1812/1812
f 1803/1803/1803 1804/1804/1804 1814/1814/1814
f 1803/1803/1803 1814/1814/1814 1813/1813/1813
f 1804/1804/1804 1805/1805/1805 1815/1815/1815
f 1804/1804/1804 1815/1815/1815 1814/1814/1814
f 1805/1805/1805 1806/1806/1806 1816/1816/1816
f 1805/1805/1805 1816/1816/1816 1815/1815/1815
f 1806/1806/1806 1797/1797/1797 1807/1807/1807
f 1806/1806/1806 1807/1807/1807 1816/1816/1816
g handL_pad_toe1
f 1817/1817/1817 1818/1818/1818 1828/1828/1828
f 1817/1817/1817 1828/1828/1828 1827/1827/1827
f 1818/1818/1818 1819/1819/1819 1829/1829/1829
f 1818/1818/1818 1829/1829/1829 1828/1828/1828
f 1819/1819/1819 1820/1820/1820 1830/1830/1830
f 1819/1819/1819 1830/1830/1830 1829/1829/1829
f 1820/1820/1820 1821/1821/1821 1831/1831/1831
f 1820/1820/1820 1831/1831/1831 1830/1830/1830
f 1821/1821/1821 1822/1822/1822 1832/1832/1832
f 1821/1821/1821 1832/1832/1832 1831/1831/1831
f 1822/1822/1822 1823/1823/1823 1833/1833/1833
f 1822/1822/1822 1833/1833/1833 1832/1832/1832
f 1823/1823/1823 1824/1824/1824 1834/1834/1834
f 1823/1823/1823 1834/1834/1834 1833/1833/1833
f 1824/1824/1824 1825/1825/1825 1835/1835/1835
f 1824/1824/1824 1835/1835/1835 1834/1834/1834
f 1825/1825/1825 1826/1826/1826 1836/1836/1836
f 1825/1825/1825 1836/1836/1836 1835/1835/1835
f 1826/1826/1826 1817/1817/1817 1827/1827/1827
f 1826/1826/1826 1827/1827/1827 1836/1836/1836
f 1827/1827/1827 1828/1828/1828 1838/1838/1838
f 1827/1827/1827 1838/1838/1838 1837/1837/1837
f 1828/1828/1828 1829/1829/1829 1839/1839/1839
f 1828/1828/1828 1839/1839/1839 1838/1838/1838
f 1829/1829/1829 1830/1830/1830 1840/1840/1840
f 1829/1829/1829 1840/1840/1840 1839/1839/1839
f 1830/1830/1830 1831/1831/1831 1841/1841/1841
f 1830/1830/1830 1841/1841/1841 1840/1840/1840
f 1831/1831/1831 1832/1832/1832 1842/1842/1842
f 1831/1831/1831 1842/1842/1842 1841/1841/1841
f 1832/1832/1832 1833/1833/1833 1843/1843/1843
f 1832/1832/1832 1843/1843/1843 1842/1842/1842
f 1833/1833/1833 1834/1834/1834 1844/1844/1844
f 1833/1833/1833 1844/1844/1844 1843/1843/1843
f 1834/1834/1834 1835/1835/1835 1845/1845/1845
f 1834/1834/1834 1845/1845/1845 1844/1844/1844
f 1835/1835/1835 1836/1836/1836 1846/1846/1846
f 1835/1835/1835 1846/1846/1846 1845/1845/1845
f 1836/1836/1836 1827/1827/1827 1837/1837/1837
f 1836/1836/1836 1837/1837/1837 1846/1846/1846
f 1837/1837/1837 1838/1838/1838 1848/1848/1848
f 1837/1837/1837 1848/1848/1848 1847/1847/1847
f 1838/1838/1838 1839/1839/1839 1849/1849/1849
f 1838/1838/1838 1849/1849/1849 1848/1848/1848
f 1839/1839/1839 1840/1840/1840 1850/1850/1850
f 1839/1839/1839 1850/1850/1850 1849/1849/1849
f 1840/1840/1840 1841/1841/1841 1851/1851/1851
f 1840/1840/1840 1851/1851/1851 1850/1850/1850
f 1841/1841/1841 1842/1842/1842 1852/1852/1852
f 1841/1841/1841 1852/1852/1852 1851/1851/1851
f 1842/1842/1842 1843/1843/1843 1853/1853/1853
f 1842/1842/1842 1853/1853/1853 1852/1852/1852
f 1843/1843/1843 1844/1844/1844 1854/1854/1854
f 1843/1843/1843 1854/1854/1854 1853/1853/1853
f 1844/1844/1844 1845/1845/1845 1855/1855/1855
f 1844/1844/1844 1855/1855/1855 1854/1854/1854
f 1845/1845/1845 1846/1846/1846 1856/1856/1856
f 1845/1845/1845 1856/1856/1856 1855/1855/1855
f 1846/1846/1846 1837/1837/1837 1847/1847/1847
f 1846/1846/1846 1847/1847/1847 1856/1856/1856
f 1847/1847/1847 1848/1848/1848 1858/1858/1858
f 1847/1847/1847 1858/1858/1858 1857/1857/1857
f 1848/1848/1848 1849/1849/1849 1859/1859/1859
f 1848/1848/1848 1859/1859/1859 1858/1858/1858
f 1849/1849/1849 1850/1850/1850 1860/1860/1860
f 1849/1849/1849 1860/1860/1860 1859/1859/1859
f 1850/1850/1850 1851/1851/1851 1861/1861/1861
f 1850/1850/1850 1861/1861/1861 1860/1860/1860
f 1851/1851/1851 1852/1852/1852 1862/1862/1862
f 1851/1851/1851 1862/1862/1862 1861/1861/1861
f 1852/1852/1852 1853/1853/1853 1863/1863/1863
f 1852/1852/1852 1863/1863/1863 1862/1862/1862
f 1853/1853/1853 1854/1854/1854 1864/1864/1864
f 1853/1853/1853 1864/1864/1864 1863/1863/1863
f 1854/1854/1854 1855/1855/1855 1865/1865/1865
f 1854/1854/1854 1865/1865/1865 1864/1864/1864
f 1855/1855/1855 1856/1856/1856 1866/1866/1866
f 1855/1855/1855 1866/1866/1866 1865/1865/1865
f 1856/1856/1856 1847/1847/1847 1857/1857/1857
f 1856/1856/1856 1857/1857/1857 1866/1866/1866
f 1857/1857/1857 1858/1858/1858 1868/1868/1868
f 1857/1857/1857 1868/1868/1868 1867/1867/1867
f 1858/1858/1858 1859/1859/1859 1869/1869/1869
f 1858/1858/1858 1869/1869/1869 1868/1868/1868
f 1859/1859/1859 1860/1860/1860 1870/1870/1870
f 1859/1859/1859 1870/1870/1870 1869/1869/1869
f 1860/1860/1860 1861/1861/1861 1871/1871/1871
f 1860/1860/1860 1871/1871/1871 1870/1870/1870
f 1861/1861/1861 1862/1862/1862 1872/1872/1872
f 1861/1861/1861 1872/1872/1872 1871/1871/1871
f 1862/1862/1862 1863/1863/1863 1873/1873/1873
f 1862/1862/1862 1873/1873/1873 1872/1872/1872
f 1863/1863/1863 1864/1864/1864 1874/1874/1874
f 1863/1863/1863 1874/1874/1874 1873/1873/1873
f 1864/1864/1864 1865/1865/1865 1875/1875/1875
f 1864/1864/1864 1875/1875/1875 1874/1874/1874
f 1865/1865/1865 1866/1866/1866 1876/1876/1876
f 1865/1865/1865 1876/1876/1876 1875/1875/1875
f 1866/1866/1866 1857/1857/1857 1867/1867/1867
f 1866/1866/1866 1867/1867/1867 1876/1876/1876
f 1867/1867/1867 1868/1868/1868 1878/1878/1878
f 1867/1867/1867 1878/1878/1878 1877/1877/1877
f 1868/1868/1868 1869/1869/1869 1879/1879/1879
f 1868/1868/1868 1879/1879/1879 1878/1878/1878
f 1869/1869/1869 1870/1870/1870 1880/1880/1880
f 1869/1869/1869 1880/1880/1880 1879/1879/1879
f 1870/1870/1870 1871/1871/1871 1881/1881/1881
f 1870/1870/1870 1881/1881/1881 1880/1880/1880
f 1871/1871/1871 1872/1872/1872 1882/1882/1882
f 1871/1871/1871 1882/1882/1882 1881/1881/1881
f 1872/1872/1872 1873/1873/1873 1883/1883/1883
f 1872/1872/1872 1883/1883/1883 1882/1882/1882
f 1873/1873/1873 1874/1874/1874 1884/1884/1884
f 1873/1873/1873 1884/1884/1884 1883/1883/1883
f 1874/1874/1874 1875/1875/1875 1885/1885/1885
f 1874/1874/1874 1885/1885/1885 1884/1884/1884
f 1875/1875/1875 1876/1876/1876 1886/1886/1886
f 1875/1875/1875 1886/1886/1886 1885/1885/1885
f 1876/1876/1876 1867/1867/1867 1877/1877/1877
f 1876/1876/1876 1877/1877/1877 1886/1886/1886
g handL_pad_toe2
f 1887/1887/1887 1888/1888/1888 1898/1898/1898
f 1887/1887/1887 1898/1898/1898 1897/1897/1897
f 1888/1888/1888 1889/1889/1889 1899/1899/1899
f 1888/1888/1888 1899/1899/1899 1898/1898/1898
f 1889/1889/1889 1890/1890/1890 1900/1900/1900
f 1889/1889/1889 1900/1900/1900 1899/1899/1899
f 1890/1890/1890 1891/1891/1891 1901/1901/1901
f 1890/1890/1890 1901/1901/1901 1900/1900/1900
f 1891/1891/1891 1892/1892/1892 1902/1902/1902
f 1891/1891/1891 1902/1902/1902 1901/1901/1901
f 1892/1892/1892 1893/1893/1893 1903/1903/1903
f 1892/1892/1892 1903/1903/1903 1902/1902/1902
f 1893/1893/1893 1894/1894/1894 1904/1904/1904
f 1893/1893/1893 1904/1904/1904 1903/1903/1903
f 1894/1894/1894 1895/1895/1895 1905/1905/1905
f 1894/1894/1894 1905/1905/1905 1904/1904/1904
f 1895/1895/1895 1896/1896/1896 1906/1906/1906
f 1895/1895/1895 1906/1906/1906 1905/1905/1905
f 1896/1896/1896 1887/1887/1887 1897/1897/1897
f 1896/1896/1896 1897/1897/1897 1906/1906/1906
f 1897/1897/1897 1898/1898/1898 1908/1908/1908
f 1897/1897/1897 1908/1908/1908 1907/1907/1907
f 1898/1898/1898 1899/1899/1899 1909/1909/1909
f 1898/1898/1898 1909/1909/1909 1908/1908/1908
f 1899/1899/1899 1900/1900/1900 1910/1910/1910
f 1899/1899/1899 1910/1910/1910 1909/1909/1909
f 1900/1900/1900 1901/1901/1901 1911/1911/1911
f 1900/1900/1900 1911/1911/1911 1910/1910/1910
f 1901/1901/1901 1902/1902/1902 1912/1912/1912
f 1901/1901/1901 1912/1912/1912 1911/1911/1911
f 1902/1902/1902 1903/1903/1903 1913/1913/1913
f 1902/1902/1902 1913/1913/1913 1912/1912/1912
f 1903/1903/1903 1904/1904/1904 1914/1914/1914
f 1903/1903/1903 1914/1914/1914 1913/1913/1913
f 1904/1904/1904 1905/1905/1905 1915/1915/1915
f 1904/1904/1904 1915/1915/1915 1914/1914/1914
f 1905/1905/1905 1906/1906/1906 1916/1916/1916
f 1905/1905/1905 1916/1916/1916 1915/1915/1915
f 1906/1906/1906 1897/1897/1897 1907/1907/1907
f 1906/1906/1906 1907/1907/1907 1916/1916/1916
f 1907/1907/1907 1908/1908/1908 1918/1918/1918
f 1907/1907/1907 1918/1918/1918 1917/1917/1917
f 1908/1908/1908 1909/1909/1909 1919/1919/1919
f 1908/1908/1908 1919/1919/1919 1918/1918/1918
f 1909/1909/1909 1910/1910/1910 1920/1920/1920
f 1909/1909/1909 1920/1920/1920 1919/1919/1919
f 1910/1910/1910 1911/1911/1911 1921/1921/1921
f 1910/1910/1910 1921/1921/1921 1920/1920/1920
f 1911/1911/1911 1912/1912/1912 1922/1922/1922
f 1911/1911/1911 1922/1922/1922 1921/1921/1921
f 1912/1912/1912 1913/1913/1913 1923/1923/1923
f 1912/1912/1912 1923/1923/1923 1922/1922/1922
f 1913/1913/1913 1914/1914/1914 1924/1924/1924
f 1913/1913/1913 1924/1924/1924 1923/1923/1923
f 1914/1914/1914 1915/1915/1915 1925/1925/1925
f 1914/1914/1914 1925/1925/1925 1924/1924/1924
f 1915/1915/1915 1916/1916/1916 1926/1926/1926
f 1915/1915/1915 1926/1926/1926 1925/1925/1925
f 1916/1916/1916 1907/1907/1907 1917/1917/1917
f 1916/1916/1916 1917/1917/1917 1926/1926/1926
f 1917/1917/1917 1918/1918/1918 1928/1928/1928
f 1917/1917/1917 1928/1928/1928 1927/1927/1927
f 1918/1918/1918 1919/1919/1919 1929/1929/1929
f 1918/1918/1918 1929/1929/1929 1928/1928/1928
f 1919/1919/1919 1920/1920/1920 1930/1930/1930
f 1919/1919/1919 1930/1930/1930 1929/1929/1929
f 1920/1920/1920 1921/1921/1921 1931/1931/1931
f 1920/1920/1920 1931/1931/1931 1930/1930/1930
f 1921/1921/1921 1922/1922/1922 1932/1932/1932
f 1921/1921/1921 1932/1932/1932 1931/1931/1931
f 1922/1922/1922 1923/1923/1923 1933/1933/1933
f 1922/1922/1922 1933/1933/1933 1932/1932/1932
f 1923/1923/1923 1924/1924/1924 1934/1934/1934
f 1923/1923/1923 1934/1934/1934 1933/1933/1933
f 1924/1924/1924 1925/1925/1925 1935/1935/1935
f 1924/1924/1924 1935/1935/1935 1934/1934/1934
f 1925/1925/1925 1926/1926/1926 1936/1936/1936
f 1925/1925/1925 1936/1936/1936 1935/1935/1935
f 1926/1926/1926 1917/1917/1917 1927/1927/1927
f 1926/1926/1926 1927/1927/1927 1936/1936/1936
f 1927/1927/1927 1928/1928/1928 1938/1938/1938
f 1927/1927/1927 1938/1938/1938 1937/1937/1937
f 1928/1928/1928 1929/1929/1929 1939/1939/1939
f 1928/1928/1928 1939/1939/1939 1938/1938/1938
f 1929/1929/1929 1930/1930/1930 1940/1940/1940
f 1929/1929/1929 1940/1940/1940 1939/1939/1939
f 1930/1930/1930 1931/1931/1931 1941/1941/1941
f 1930/1930/1930 1941/1941/1941 1940/1940/1940
f 1931/1931/1931 1932/1932/1932 1942/1942/1942
f 1931/1931/1931 1942/1942/1942 1941/1941/1941
f 1932/1932/1932 1933/1933/1933 1943/1943/1943
f 1932/1932/1932 1943/1943/1943 1942/1942/1942
f 1933/1933/1933 1934/1934/1934 1944/1944/1944
f 1933/1933/1933 1944/1944/1944 1943/1943/1943
f 1934/1934/1934 1935/1935/1935 1945/1945/1945
f 1934/1934/1934 1945/1945/1945 1944/1944/1944
f 1935/1935/1935 1936/1936/1936 1946/1946/1946
f 1935/1935/1935 1946/1946/1946 1945/1945/1945
f 1936/1936/1936 1927/1927/1927 1937/1937/1937
f 1936/1936/1936 1937/1937/1937 1946/1946/1946
f 1937/1937/1937 1938/1938/1938 1948/1948/1948
f 1937/1937/1937 1948/1948/1948 1947/1947/1947
f 1938/1938/1938 1939/1939/1939 1949/1949/1949
f 1938/1938/1938 1949/1949/1949 1948/1948/1948
f 1939/1939/1939 1940/1940/1940 1950/1950/1950
f 1939/1939/1939 1950/1950/1950 1949/1949/1949
f 1940/1940/1940 1941/1941/1941 1951/1951/1951
f 1940/1940/1940 1951/1951/1951 1950/1950/1950
f 1941/1941/1941 1942/1942/1942 1952/1952/1952
f 1941/1941/1941 1952/1952/1952 1951/1951/1951
f 1942/1942/1942 1943/1943/1943 1953/1953/1953
f 1942/1942/1942 1953/1953/1953 1952/1952/1952
f 1943/1943/1943 1944/1944/1944 1954/1954/1954
f 1943/1943/1943 1954/1954/1954 1953/1953/1953
f 1944/1944/1944 1945/1945/1945 1955/1955/1955
f 1944/1944/1944 1955/1955/1955 1954/1954/1954
f 1945/1945/1945 1946/1946/1946 1956/1956/1956
f 1945/1945/1945 1956/1956/1956 1955/1955/1955
f 1946/1946/1946 1937/1937/1937 1947/1947/1947
f 1946/1946/1946 1947/1947/1947 1956/1956/1956
g handR_pad_center
f 1957/1957/1957 1958/1958/1958 1968/1968/1968
f 1957/1957/1957 1968/1968/1968 1967/1967/1967
f 1958/1958/1958 1959/1959/1959 1969/1969/1969
f 1958/1958/1958 1969/1969/1969 1968/1968/1968
f 1959/1959/1959 1960/1960/1960 1970/1970/1970
f 1959/1959/1959 1970/1970/1970 1969/1969/1969
f 1960/1960/1960 1961/1961/1961 1971/1971/1971
f 1960/1960/1960 1971/1971/1971 1970/1970/1970
f 1961/1961/1961 1962/1962/1962 1972/1972/1972
f 1961/1961/1961 1972/1972/1972 1971/1971/1971
f 1962/1962/1962 1963/1963/1963 1973/1973/1973
f 1962/1962/1962 1973/1973/1973 1972/1972/1972
f 1963/1963/1963 1964/1964/1964 1974/1974/1974
f 1963/1963/1963 1974/1974/1974 1973/1973/1973
f 1964/1964/1964 1965/1965/1965 1975/1975/1975
f 1964/1964/1964 1975/1975/1975 1974/1974/1974
f 1965/1965/1965 1966/1966/1966 1976/1976/1976
f 1965/1965/1965 1976/1976/1976 1975/1975/1975
f 1966/1966/1966 1957/1957/1957 1967/1967/1967
f 1966/1966/1966 1967/1967/1967 1976/1976/1976
f 1967/1967/1967 1968/1968/1968 1978/1978/1978
f 1967/1967/1967 1978/1978/1978 1977/1977/1977
f 1968/1968/1968 1969/1969/1969 1979/1979/1979
f 1968/1968/1968 1979/1979/1979 1978/1978/1978
f 1969/1969/1969 1970/1970/1970 1980/1980/1980
f 1969/1969/1969 1980/1980/1980 1979/1979/1979
f 1970/1970/1970 1971/1971/1971 1981/1981/1981
f 1970/1970/1970 1981/1981/1981 1980/1980/1980
f 1971/1971/1971 1972/1972/1972 1982/1982/1982
f 1971/1971/1971 1982/1982/1982 1981/1981/1981
f 1972/1972/1972 1973/1973/1973 1983/1983/1983
f 1972/1972/1972 1983/1983/1983 1982/1982/1982
f 1973/1973/1973 1974/1974/1974 1984/1984/1984
f 1973/1973/1973 1984/1984/1984 1983/1983/1983
f 1974/1974/1974 1975/1975/1975 1985/1985/1985
f 1974/1974/1974 1985/1985/1985 1984/1984/1984
f 1975/1975/1975 1976/1976/1976 1986/1986/1986
f 1975/1975/1975 1986/1986/1986 1985/1985/1985
f 1976/1976/1976 1967/1967/1967 1977/1977/1977
f 1976/1976/1976 1977/1977/1977 1986/1986/1986
f 1977/1977/1977 1978/1978/1978 1988/1988/1988
f 1977/1977/1977 1988/1988/1988 1987/1987/1987
f 1978/1978/1978 1979/1979/1979 1989/1989/1989
f 1978/1978/1978 1989/1989/1989 1988/1988/1988
f 1979/1979/1979 1980/1980/1980 1990/1990/1990
f 1979/1979/1979 1990/1990/1990 1989/1989/1989
f 1980/1980/1980 1981/1981/1981 1991/1991/1991
f 1980/1980/1980 1991/1991/1991 1990/1990/1990
f 1981/1981/1981 1982/1982/1982 1992/1992/1992
f 1981/1981/1981 1992/1992/1992 1991/1991/1991
f 1982/1982/1982 1983/1983/1983 1993/1993/1993
f 1982/1982/1982 1993/1993/1993 1992/1992/1992
f 1983/1983/1983 1984/1984/1984 1994/1994/1994
f 1983/1983/1983 1994/1994/1994 1993/1993/1993
f 1984/1984/1984 1985/1985/1985 1995/1995/1995
f 1984/1984/1984 1995/1995/1995 1994/1994/1994
f 1985/1985/1985 1986/1986/1986 1996/1996/1996
f 1985/1985/1985 1996/1996/1996 1995/1995/1995
f 1986/1986/1986 1977/1977/1977 1987/1987/1987
f 1986/1986/1986 1987/1987/1987 1996/1996/1996
f 1987/1987/1987 1988/1988/1988 1998/1998/1998
f 1987/1987/1987 1998/1998/1998 1997/1997/1997
f 1988/1988/1988 1989/1989/1989 1999/1999/1999
f 1988/1988/1988 1999/1999/1999 1998/1998/1998
f 1989/1989/1989 1990/1990/1990 2000/2000/2000
f 1989/1989/1989 2000/2000/2000 1999/1999/1999
f 1990/1990/1990 1991/1991/1991 2001/2001/2001
f 1990/1990/1990 2001/2001/2001 2000/2000/2000
f 1991/1991/1991 1992/1992/1992 2002/2002/2002
f 1991/1991/1991 2002/2002/2002 2001/2001/2001
f 1992/1992/1992 1993/1993/1993 2003/2003/2003
f 1992/1992/1992 2003/2003/2003 2002/2002/2002
f 1993/1993/1993 1994/1994/1994 2004/2004/2004
f 1993/1993/1993 2004/2004/2004 2003/2003/2003
f 1994/1994/1994 1995/1995/1995 2005/2005/2005
f 1994/1994/1994 2005/2005/2005 2004/2004/2004
f 1995/1995/1995 1996/1996/1996 2006/2006/2006
f 1995/1995/1995 2006/2006/2006 2005/2005/2005
f 1996/1996/1996 1987/1987/1987 1997/1997/1997
f 1996/1996/1996 1997/1997/1997 2006/2006/2006
f 1997/1997/1997 1998/1998/1998 2008/2008/2008
f 1997/1997/1997 2008/2008/2008 2007/2007/2007
f 1998/1998/1998 1999/1999/1999 2009/2009/2009
f 1998/1998/1998 2009/2009/2009 2008/2008/2008
f 1999/1999/1999 2000/2000/2000 2010/2010/2010
f 1999/1999/1999 2010/2010/2010 2009/2009/2009
f 2000/2000/2000 2001/2001/2001 2011/2011/2011
f 2000/2000/2000 2011/2011/2011 2010/2010/2010
f 2001/2001/2001 2002/2002/2002 2012/2012/2012
f 2001/2001/2001 2012/2012/2012 2011/2011/2011
f 2002/2002/2002 2003/2003/2003 2013/2013/2013
f 2002/2002/2002 2013/2013/2013 2012/2012/2012
f 2003/2003/2003 2004/2004/2004 2014/2014/2014
f 2003/2003/2003 2014/2014/2014 2013/2013/2013
f 2004/2004/2004 2005/2005/2005 2015/2015/2015
f 2004/2004/2004 2015/2015/2015 2014/2014/2014
f 2005/2005/2005 2006/2006/2006 2016/2016/2016
f 2005/2005/2005 2016/2016/2016 2015/2015/2015
f 2006/2006/2006 1997/1997/1997 2007/2007/2007
f 2006/2006/2006 2007/2007/2007 2016/2016/2016
f 2007/2007/2007 2008/2008/2008 2018/2018/2018
f 2007/2007/2007 2018/2018/2018 2017/2017/2017
f 2008/2008/2008 2009/2009/2009 2019/2019/2019
f 2008/2008/2008 2019/2019/2019 2018/2018/2018
f 2009/2009/2009 2010/2010/2010 2020/2020/2020
f 2009/2009/2009 2020/2020/2020 2019/2019/2019
f 2010/2010/2010 2011/2011/2011 2021/2021/2021
f 2010/2010/2010 2021/2021/2021 2020/2020/2020
f 2011/2011/2011 2012/2012/2012 2022/2022/2022
f 2011/2011/2011 2022/2022/2022 2021/2021/2021
f 2012/2012/2012 2013/2013/2013 2023/2023/2023
f 2012/2012/2012 2023/2023/2023 2022/2022/2022
f 2013/2013/2013 2014/2014/2014 2024/2024/2024
f 2013/2013/2013 2024/2024/2024 2023/2023/2023
f 2014/2014/2014 2015/2015/2015 2025/2025/2025
f 2014/2014/2014 2025/2025/2025 2024/2024/2024
f 2015/2015/2015 2016/2016/2016 2026/2026/2026
f 2015/2015/2015 2026/2026/2026 2025/2025/2025
f 2016/2016/2016 2007/2007/2007 2017/2017/2017
f 2016/2016/2016 2017/2017/2017 2026/2026/2026
g handR_pad_toe0
f 2027/2027/2027 2028/2028/2028 2038/2038/2038
f 2027/2027/2027 2038/2038/2038 2037/2037/2037
f 2028/2028/2028 2029/2029/2029 2039/2039/2039
f 2028/2028/2028 2039/2039/2039 2038/2038/2038
f 2029/2029/2029 2030/2030/2030 2040/2040/2040
f 2029/2029/2029 2040/2040/2040 2039/2039/2039
f 2030/2030/2030 2031/2031/2031 2041/2041/2041
f 2030/2030/2030 2041/2041/2041 2040/2040/2040
f 2031/2031/2031 2032/2032/2032 2042/2042/2042
f 2031/2031/2031 2042/2042/2042 2041/2041/2041
f 2032/2032/2032 2033/2033/2033 2043/2043/2043
f 2032/2032/2032 2043/2043/2043 2042/2042/2042
f 2033/2033/2033 2034/2034/2034 2044/2044/2044
f 2033/2033/2033 2044/2044/2044 2043/2043/2043
f 2034/2034/2034 2035/2035/2035 2045/2045/2045
f 2034/2034/2034 2045/2045/2045 2044/2044/2044
f 2035/2035/2035 2036/2036/2036 2046/2046/2046
f 2035/2035/2035 2046/2046/2046 2045/2045/2045
f 2036/2036/2036 2027/2027/2027 2037/2037/2037
f 2036/2036/2036 2037/2037/2037 2046/2046/2046
f 2037/2037/2037 2038/2038/2038 2048/2048/2048
f 2037/2037/2037 2048/2048/2048 2047/2047/2047
f 2038/2038/2038 2039/2039/2039 2049/2049/2049
f 2038/2038/2038 2049/2049/2049 2048/2048/2048
f 2039/2039/2039 2040/2040/2040 2050/2050/2050
f 2039/2039/2039 2050/2050/2050 2049/2049/2049
f 2040/2040/2040 2041/2041/2041 2051/2051/2051
f 2040/2040/2040 2051/2051/2051 2050/2050/2050
f 2041/2041/2041 2042/2042/2042 2052/2052/2052
f 2041/2041/2041 2052/2052/2052 2051/2051/2051
f 2042/2042/2042 2043/2043/2043 2053/2053/2053
f 2042/2042/2042 2053/2053/2053 2052/2052/2052
f 2043/2043/2043 2044/2044/2044 2054/2054/2054
f 2043/2043/2043 2054/2054/2054 2053/2053/2053
f 2044/2044/2044 2045/2045/2045 2055/2055/2055
f 2044/2044/2044 2055/2055/2055 2054/2054/2054
f 2045/2045/2045 2046/2046/2046 2056/2056/2056
f 2045/2045/2045 2056/2056/2056 2055/2055/2055
f 2046/2046/2046 2037/2037/2037 2047/2047/2047
f 2046/2046/2046 2047/2047/2047 2056/2056/2056
f 2047/2047/2047 2048/2048/2048 2058/2058/2058
f 2047/2047/2047 2058/2058/2058 2057/2057/2057
f 2048/2048/2048 2049/2049/2049 2059/2059/2059
f 2048/2048/2048 2059/2059/2059 2058/2058/2058
f 2049/2049/2049 2050/2050/2050 2060/2060/2060
f 2049/2049/2049 2060/2060/2060 2059/2059/2059
f 2050/2050/2050 2051/2051/2051 2061/2061/2061
f 2050/2050/2050 2061/2061/2061 2060/2060/2060
f 2051/2051/2051 2052/2052/2052 2062/2062/2062
f 2051/2051/2051 2062/2062/2062 2061/2061/2061
f 2052/2052/2052 2053/2053/2053 2063/2063/2063
f 2052/2052/2052 2063/2063/2063 2062/2062/2062
f 2053/2053/2053 2054/2054/2054 2064/2064/2064
f 2053/2053/2053 2064/2064/2064 2063/2063/2063
f 2054/2054/2054 2055/2055/2055 2065/2065/2065
f 2054/2054/2054 2065/2065/2065 2064/2064/2064
f 2055/2055/2055 2056/2056/2056 2066/2066/2066
f 2055/2055/2055 2066/2066/2066 2065/2065/2065
f 2056/2056/2056 2047/2047/2047 2057/2057/2057
f 2056/2056/2056 2057/2057/2057 2066/2066/2066
f 2057/2057/2057 2058/2058/2058 2068/2068/2068
f 2057/2057/2057 2068/2068/2068 2067/2067/2067
f 2058/2058/2058 2059/2059/2059 2069/2069/2069
f 2058/2058/2058 2069/2069/2069 2068/2068/2068
f 2059/2059/2059 2060/2060/2060 2070/2070/2070
f 2059/2059/2059 2070/2070/2070 2069/2069/2069
f 2060/2060/2060 2061/2061/2061 2071/2071/2071
f 2060/2060/2060 2071/2071/2071 2070/2070/2070
f 2061/2061/2061 2062/2062/2062 2072/2072/2072
f 2061/2061/2061 2072/2072/2072 2071/2071/2071
f 2062/2062/2062 2063/2063/2063 2073/2073/2073
f 2062/2062/2062 2073/2073/2073 2072/2072/2072
f 2063/2063/2063 2064/2064/2064 2074/2074/2074
f 2063/2063/2063 2074/2074/2074 2073/2073/2073
f 2064/2064/2064 2065/2065/2065 2075/2075/2075
f 2064/2064/2064 2075/2075/2075 2074/2074/2074
f 2065/2065/2065 2066/2066/2066 2076/2076/2076
f 2065/2065/2065 2076/2076/2076 2075/2075/2075
f 2066/2066/2066 2057/2057/2057 2067/2067/2067
f 2066/2066/2066 2067/2067/2067 2076/2076/2076
f 2067/2067/2067 2068/2068/2068 2078/2078/2078
f 2067/2067/2067 2078/2078/2078 2077/2077/2077
f 2068/2068/2068 2069/2069/2069 2079/2079/2079
f 2068/2068/2068 2079/2079/2079 2078/2078/2078
f 2069/2069/2069 2070/2070/2070 2080/2080/2080
f 2069/2069/2069 2080/2080/2080 2079/2079/2079
f 2070/2070/2070 2071/2071/2071 2081/2081/2081
f 2070/2070/2070 2081/2081/2081 2080/2080/2080
f 2071/2071/2071 2072/2072/2072 2082/2082/2082
f 2071/2071/2071 2082/2082/2082 2081/2081/2081
f 2072/2072/2072 2073/2073/2073 2083/2083/2083
f 2072/2072/2072 2083/2083/2083 2082/2082/2082
f 2073/2073/2073 2074/2074/2074 2084/2084/2084
f 2073/2073/2073 2084/2084/2084 2083/2083/2083
f 2074/2074/2074 2075/2075/2075 2085/2085/2085
f 2074/2074/2074 2085/2085/2085 2084/2084/2084
f 2075/2075/2075 2076/2076/2076 2086/2086/2086
f 2075/2075/2075 2086/2086/2086 2085/2085/2085
f 2076/2076/2076 2067/2067/2067 2077/2077/2077
f 2076/2076/2076 2077/2077/2077 2086/2086/2086
f 2077/2077/2077 2078/2078/2078 2088/2088/2088
f 2077/2077/2077 2088/2088/2088 2087/2087/2087
f 2078/2078/2078 2079/2079/2079 2089/2089/2089
f 2078/2078/2078 2089/2089/2089 2088/2088/2088
f 2079/2079/2079 2080/2080/2080 2090/2090/2090
f 2079/2079/2079 2090/2090/2090 2089/2089/2089
f 2080/2080/2080 2081/2081/2081 2091/2091/2091
f 2080/2080/2080 2091/2091/2091 2090/2090/2090
f 2081/2081/2081 2082/2082/2082 2092/2092/2092
f 2081/2081/2081 2092/2092/2092 2091/2091/2091
f 2082/2082/2082 2083/2083/2083 2093/2093/2093
f 2082/2082/2082 2093/2093/2093 2092/2092/2092
f 2083/2083/2083 2084/2084/2084 2094/2094/2094
f 2083/2083/2083 2094/2094/2094 2093/2093/2093
f 2084/2084/2084 2085/2085/2085 2095/2095/2095
f 2084/2084/2084 2095/2095/2095 2094/2094/2094
f 2085/2085/2085 2086/2086/2086 2096/2096/2096
f 2085/2085/2085 2096/2096/2096 2095/2095/2095
f 2086/2086/2086 2077/2077/2077 2087/2087/2087
f 2086/2086/2086 2087/2087/2087 2096/2096/2096
g handR_pad_toe1
f 2097/2097/2097 2098/2098/2098 2108/2108/2108
f 2097/2097/2097 2108/2108/2108 2107/2107/2107
f 2098/2098/2098 2099/2099/2099 2109/2109/2109
f 2098/2098/2098 2109/2109/2109 2108/2108/2108
f 2099/2099/2099 2100/2100/2100 2110/2110/2110
f 2099/2099/2099 2110/2110/2110 2109/2109/2109
f 2100/2100/2100 2101/2101/2101 2111/2111/2111
f 2100/2100/2100 2111/2111/2111 2110/2110/2110
f 2101/2101/2101 2102/2102/2102 2112/2112/2112
f 2101/2101/2101 2112/2112/2112 2111/2111/2111
f 2102/2102/2102 2103/2103/2103 2113/2113/2113
f 2102/2102/2102 2113/2113/2113 2112/2112/2112
f 2103/2103/2103 2104/2104/2104 2114/2114/2114
f 2103/2103/2103 2114/2114/2114 2113/2113/2113
f 2104/2104/2104 2105/2105/2105 2115/2115/2115
f 2104/2104/2104 2115/2115/2115 2114/2114/2114
f 2105/2105/2105 2106/2106/2106 2116/2116/2116
f 2105/2105/2105 2116/2116/2116 2115/2115/2115
f 2106/2106/2106 2097/2097/2097 2107/2107/2107
f 2106/2106/2106 2107/2107/2107 2116/2116/2116
f 2107/2107/2107 2108/2108/2108 2118/2118/2118
f 2107/2107/2107 2118/2118/2118 2117/2117/2117
f 2108/2108/2108 2109/2109/2109 2119/2119/2119
f 2108/2108/2108 2119/2119/2119 2118/2118/2118
f 2109/2109/2109 2110/2110/2110 2120/2120/2120
f 2109/2109/2109 2120/2120/2120 2119/2119/2119
f 2110/2110/2110 2111/2111/2111 2121/2121/2121
f 2110/2110/2110 2121/2121/2121 2120/2120/2120
f 2111/2111/2111 2112/2112/2112 2122/2122/2122
f 2111/2111/2111 2122/2122/2122 2121/2121/2121
f 2112/2112/2112 2113/2113/2113 2123/2123/2123
f 2112/2112/2112 2123/2123/2123 2122/2122/2122
f 2113/2113/2113 2114/2114/2114 2124/2124/2124
f 2113/2113/2113 2124/2124/2124 2123/2123/2123
f 2114/2114/2114 2115/2115/2115 2125/2125/2125
f 2114/2114/2114 2125/2125/2125 2124/2124/2124
f 2115/2115/2115 2116/2116/2116 2126/2126/2126
f 2115/2115/2115 2126/2126/2126 2125/2125/2125
f 2116/2116/2116 2107/2107/2107 2117/2117/2117
f 2116/2116/2116 2117/2117/2117 2126/2126/2126
f 2117/2117/2117 2118/2118/2118 2128/2128/2128
f 2117/2117/2117 2128/2128/2128 2127/2127/2127
f 2118/2118/2118 2119/2119/2119 2129/2129/2129
f 2118/2118/2118 2129/2129/2129 2128/2128/2128
f 2119/2119/2119 2120/2120/2120 2130/2130/2130
f 2119/2119/2119 2130/2130/2130 2129/2129/2129
f 2120/2120/2120 2121/2121/2121 2131/2131/2131
f 2120/2120/2120 2131/2131/2131 2130/2130/2130
f 2121/2121/2121 2122/2122/2122 2132/2132/2132
f 2121/2121/2121 2132/2132/2132 2131/2131/2131
f 2122/2122/2122 2123/2123/2123 2133/2133/2133
f 2122/2122/2122 2133/2133/2133 2132/2132/2132
f 2123/2123/2123 2124/2124/2124 2134/2134/2134
f 2123/2123/2123 2134/2134/2134 2133/2133/2133
f 2124/2124/2124 2125/2125/2125 2135/2135/2135
f 2124/2124/2124 2135/2135/2135 2134/2134/2134
f 2125/2125/2125 2126/2126/2126 2136/2136/2136
f 2125/2125/2125 2136/2136/2136 2135/2135/2135
f 2126/2126/2126 2117/2117/2117 2127/2127/2127
f 2126/2126/2126 2127/2127/2127 2136/2136/2136
f 2127/2127/2127 2128/2128/2128 2138/2138/2138
f 2127/2127/2127 2138/2138/2138 2137/2137/2137
f 2128/2128/2128 2129/2129/2129 2139/2139/2139
f 2128/2128/2128 2139/2139/2139 2138/2138/2138
f 2129/2129/2129 2130/2130/2130 2140/2140/2140
f 2129/2129/2129 2140/2140/2140 2139/2139/2139
f 2130/2130/2130 2131/2131/2131 2141/2141/2141
f 2130/2130/2130 2141/2141/2141 2140/2140/2140
f 2131/2131/2131 2132/2132/2132 2142/2142/2142
f 2131/2131/2131 2142/2142/2142 2141/2141/2141
f 2132/2132/2132 2133/2133/2133 2143/2143/2143
f 2132/2132/2132 2143/2143/2143 2142/2142/2142
f 2133/2133/2133 2134/2134/2134 2144/2144/2144
f 2133/2133/2133 2144/2144/2144 2143/2143/2143
f 2134/2134/2134 2135/2135/2135 2145/2145/2145
f 2134/2134/2134 2145/2145/2145 2144/2144/2144
f 2135/2135/2135 2136/2136/2136 2146/2146/2146
f 2135/2135/2135 2146/2146/2146 2145/2145/2145
f 2136/2136/2136 2127/2127/2127 2137/2137/2137
f 2136/2136/2136 2137/2137/2137 2146/2146/2146
f 2137/2137/2137 2138/2138/2138 2148/2148/2148
f 2137/2137/2137 2148/2148/2148 2147/2147/2147
f 2138/2138/2138 2139/2139/2139 2149/2149/2149
f 2138/2138/2138 2149/2149/2149 2148/2148/2148
f 2139/2139/2139 2140/2140/2140 2150/2150/2150
f 2139/2139/2139 2150/2150/2150 2149/2149/2149
f 2140/2140/2140 2141/2141/2141 2151/2151/2151
f 2140/2140/2140 2151/2151/2151 2150/2150/2150
f 2141/2141/2141 2142/2142/2142 2152/2152/2152
f 2141/2141/2141 2152/2152/2152 2151/2151/2151
f 2142/2142/2142 2143/2143/2143 2153/2153/2153
f 2142/2142/2142 2153/2153/2153 2152/2152/2152
f 2143/2143/2143 2144/2144/2144 2154/2154/2154
f 2143/2143/2143 2154/2154/2154 2153/2153/2153
f 2144/2144/2144 2145/2145/2145 2155/2155/2155
f 2144/2144/2144 2155/2155/2155 2154/2154/2154
f 2145/2145/2145 2146/2146/2146 2156/2156/2156
f 2145/2145/2145 2156/2156/2156 2155/2155/2155
f 2146/2146/2146 2137/2137/2137 2147/2147/2147
f 2146/2146/2146 2147/2147/2147 2156/2156/2156
f 2147/2147/2147 2148/2148/2148 2158/2158/2158
f 2147/2147/2147 2158/2158/2158 2157/2157/2157
f 2148/2148/2148 2149/2149/2149 2159/2159/2159
f 2148/2148/2148 2159/2159/2159 2158/2158/2158
f 2149/2149/2149 2150/2150/2150 2160/2160/2160
f 2149/2149/2149 2160/2160/2160 2159/2159/2159
f 2150/2150/2150 2151/2151/2151 2161/2161/2161
f 2150/2150/2150 2161/2161/2161 2160/2160/2160
f 2151/2151/2151 2152/2152/2152 2162/2162/2162
f 2151/2151/2151 2162/2162/2162 2161/2161/2161
f 2152/2152/2152 2153/2153/2153 2163/2163/2163
f 2152/2152/2152 2163/2163/2163 2162/2162/2162
f 2153/2153/2153 2154/2154/2154 2164/2164/2164
f 2153/2153/2153 2164/2164/2164 2163/2163/2163
f 2154/2154/2154 2155/2155/2155 2165/2165/2165
f 2154/2154/2154 2165/2165/2165 2164/2164/2164
f 2155/2155/2155 2156/2156/2156 2166/2166/2166
f 2155/2155/2155 2166/2166/2166 2165/2165/2165
f 2156/2156/2156 2147/2147/2147 2157/2157/2157
f 2156/2156/2156 2157/2157/2157 2166/2166/2166
g handR_pad_toe2
f 2167/2167/2167 2168/2168/2168 2178/2178/2178
f 2167/2167/2167 2178/2178/2178 2177/2177/2177
f 2168/2168/2168 2169/2169/2169 2179/2179/2179
f 2168/2168/2168 2179/2179/2179 2178/2178/2178
f 2169/2169/2169 2170/2170/2170 2180/2180/2180
f 2169/2169/2169 2180/2180/2180 2179/2179/2179
f 2170/2170/2170 2171/2171/2171 2181/2181/2181
f 2170/2170/2170 2181/2181/2181 2180/2180/2180
f 2171/2171/2171 2172/2172/2172 2182/2182/2182
f 2171/2171/2171 2182/2182/2182 2181/2181/2181
f 2172/2172/2172 2173/2173/2173 2183/2183/2183
f 2172/2172/2172 2183/2183/2183 2182/2182/2182
f 2173/2173/2173 2174/2174/2174 2184/2184/2184
f 2173/2173/2173 2184/2184/2184 2183/2183/2183
f 2174/2174/2174 2175/2175/2175 2185/2185/2185
f 2174/2174/2174 2185/2185/2185 2184/2184/2184
f 2175/2175/2175 2176/2176/2176 2186/2186/2186
f 2175/2175/2175 2186/2186/2186 2185/2185/2185
f 2176/2176/2176 2167/2167/2167 2177/2177/2177
f 2176/2176/2176 2177/2177/2177 2186/2186/2186
f 2177/2177/2177 2178/2178/2178 2188/2188/2188
f 2177/2177/2177 2188/2188/2188 2187/2187/2187
f 2178/2178/2178 2179/2179/2179 2189/2189/2189
f 2178/2178/2178 2189/2189/2189 2188/2188/2188
f 2179/2179/2179 2180/2180/2180 2190/2190/2190
f 2179/2179/2179 2190/2190/2190 2189/2189/2189
f 2180/2180/2180 2181/2181/2181 2191/2191/2191
f 2180/2180/2180 2191/2191/2191 2190/2190/2190
f 2181/2181/2181 2182/2182/2182 2192/2192/2192
f 2181/2181/2181 2192/2192/2192 2191/2191/2191
f 2182/2182/2182 2183/2183/2183 2193/2193/2193
f 2182/2182/2182 2193/2193/2193 2192/2192/2192
f 2183/2183/2183 2184/2184/2184 2194/2194/2194
f 2183/2183/2183 2194/2194/2194 2193/2193/2193
f 2184/2184/2184 2185/2185/2185 2195/2195/2195
f 2184/2184/2184 2195/2195/2195 2194/2194/2194
f 2185/2185/2185 2186/2186/2186 2196/2196/2196
f 2185/2185/2185 2196/2196/2196 2195/2195/2195
f 2186/2186/2186 2177/2177/2177 2187/2187/2187
f 2186/2186/2186 2187/2187/2187 2196/2196/2196
f 2187/2187/2187 2188/2188/2188 2198/2198/2198
f 2187/2187/2187 2198/2198/2198 2197/2197/2197
f 2188/2188/2188 2189/2189/2189 2199/2199/2199
f 2188/2188/2188 2199/2199/2199 2198/2198/2198
f 2189/2189/2189 2190/2190/2190 2200/2200/2200
f 2189/2189/2189 2200/2200/2200 2199/2199/2199
f 2190/2190/2190 2191/2191/2191 2201/2201/2201
f 2190/2190/2190 2201/2201/2201 2200/2200/2200
f 2191/2191/2191 2192/2192/2192 2202/2202/2202
f 2191/2191/2191 2202/2202/2202 2201/2201/2201
f 2192/2192/2192 2193/2193/2193 2203/2203/2203
f 2192/2192/2192 2203/2203/2203 2202/2202/2202
f 2193/2193/2193 2194/2194/2194 2204/2204/2204
f 2193/2193/2193 2204/2204/2204 2203/2203/2203
f 2194/2194/2194 2195/2195/2195 2205/2205/2205
f 2194/2194/2194 2205/2205/2205 2204/2204/2204
f 2195/2195/2195 2196/2196/2196 2206/2206/2206
f 2195/2195/2195 2206/2206/2206 2205/2205/2205
f 2196/2196/2196 2187/2187/2187 2197/2197/2197
f 2196/2196/2196 2197/2197/2197 2206/2206/2206
f 2197/2197/2197 2198/2198/2198 2208/2208/2208
f 2197/2197/2197 2208/2208/2208 2207/2207/2207
f 2198/2198/2198 2199/2199/2199 2209/2209/2209
f 2198/2198/2198 2209/2209/2209 2208/2208/2208
f 2199/2199/2199 2200/2200/2200 2210/2210/2210
f 2199/2199/2199 2210/2210/2210 2209/2209/2209
f 2200/2200/2200 2201/2201/2201 2211/2211/2211
f 2200/2200/2200 2211/2211/2211 2210/2210/2210
f 2201/2201/2201 2202/2202/2202 2212/2212/2212
f 2201/2201/2201 2212/2212/2212 2211/2211/2211
f 2202/2202/2202 2203/2203/2203 2213/2213/2213
f 2202/2202/2202 2213/2213/2213 2212/2212/2212
f 2203/2203/2203 2204/2204/2204 2214/2214/2214
f 2203/2203/2203 2214/2214/2214 2213/2213/2213
f 2204/2204/2204 2205/2205/2205 2215/2215/2215
f 2204/2204/2204 2215/2215/2215 2214/2214/2214
f 2205/2205/2205 2206/2206/2206 2216/2216/2216
f 2205/2205/2205 2216/2216/2216 2215/2215/2215
f 2206/2206/2206 2197/2197/2197 2207/2207/2207
f 2206/2206/2206 2207/2207/2207 2216/2216/2216
f 2207/2207/2207 2208/2208/2208 2218/2218/2218
f 2207/2207/2207 2218/2218/2218 2217/2217/2217
f 2208/2208/2208 2209/2209/2209 2219/2219/2219
f 2208/2208/2208 2219/2219/2219 2218/2218/2218
f 2209/2209/2209 2210/2210/2210 2220/2220/2220
f 2209/2209/2209 2220/2220/2220 2219/2219/2219
f 2210/2210/2210 2211/2211/2211 2221/2221/2221
f 2210/2210/2210 2221/2221/2221 2220/2220/2220
f 2211/2211/2211 2212/2212/2212 2222/2222/2222
f 2211/2211/2211 2222/2222/2222 2221/2221/2221
f 2212/2212/2212 2213/2213/2213 2223/2223/2223
f 2212/2212/2212 2223/2223/2223 2222/2222/2222
f 2213/2213/2213 2214/2214/2214 2224/2224/2224
f 2213/2213/2213 2224/2224/2224 2223/2223/2223
f 2214/2214/2214 2215/2215/2215 2225/2225/2225
f 2214/2214/2214 2225/2225/2225 2224/2224/2224
f 2215/2215/2215 2216/2216/2216 2226/2226/2226
f 2215/2215/2215 2226/2226/2226 2225/2225/2225
f 2216/2216/2216 2207/2207/2207 2217/2217/2217
f 2216/2216/2216 2217/2217/2217 2226/2226/2226
f 2217/2217/2217 2218/2218/2218 2228/2228/2228
f 2217/2217/2217 2228/2228/2228 2227/2227/2227
f 2218/2218/2218 2219/2219/2219 2229/2229/2229
f 2218/2218/2218 2229/2229/2229 2228/2228/2228
f 2219/2219/2219 2220/2220/2220 2230/2230/2230
f 2219/2219/2219 2230/2230/2230 2229/2229/2229
f 2220/2220/2220 2221/2221/2221 2231/2231/2231
f 2220/2220/2220 2231/2231/2231 2230/2230/2230
f 2221/2221/2221 2222/2222/2222 2232/2232/2232
f 2221/2221/2221 2232/2232/2232 2231/2231/2231
f 2222/2222/2222 2223/2223/2223 2233/2233/2233
f 2222/2222/2222 2233/2233/2233 2232/2232/2232
f 2223/2223/2223 2224/2224/2224 2234/2234/2234
f 2223/2223/2223 2234/2234/2234 2233/2233/2233
f 2224/2224/2224 2225/2225/2225 2235/2235/2235
f 2224/2224/2224 2235/2235/2235 2234/2234/2234
f 2225/2225/2225 2226/2226/2226 2236/2236/2236
f 2225/2225/2225 2236/2236/2236 2235/2235/2235
f 2226/2226/2226 2217/2217/2217 2227/2227/2227
f 2226/2226/2226 2227/2227/2227 2236/2236/2236
g footL_pad_center
f 2237/2237/2237 2238/2238/2238 2248/2248/2248
f 2237/2237/2237 2248/2248/2248 2247/2247/2247
f 2238/2238/2238 2239/2239/2239 2249/2249/2249
f 2238/2238/2238 2249/2249/2249 2248/2248/2248
f 2239/2239/2239 2240/2240/2240 2250/2250/2250
f 2239/2239/2239 2250/2250/2250 2249/2249/2249
f 2240/2240/2240 2241/2241/2241 2251/2251/2251
f 2240/2240/2240 2251/2251/2251 2250/2250/2250
f 2241/2241/2241 2242/2242/2242 2252/2252/2252
f 2241/2241/2241 2252/2252/2252 2251/2251/2251
f 2242/2242/2242 2243/2243/2243 2253/2253/2253
f 2242/2242/2242 2253/2253/2253 2252/2252/2252
f 2243/2243/2243 2244/2244/2244 2254/2254/2254
f 2243/2243/2243 2254/2254/2254 2253/2253/2253
f 2244/2244/2244 2245/2245/2245 2255/2255/2255
f 2244/2244/2244 2255/2255/2255 2254/2254/2254
f 2245/2245/2245 2246/2246/2246 2256/2256/2256
f 2245/2245/2245 2256/2256/2256 2255/2255/2255
f 2246/2246/2246 2237/2237/2237 2247/2247/2247
f 2246/2246/2246 2247/2247/2247 2256/2256/2256
f 2247/2247/2247 2248/2248/2248 2258/2258/2258
f 2247/2247/2247 2258/2258/2258 2257/2257/2257
f 2248/2248/2248 2249/2249/2249 2259/2259/2259
f 2248/2248/2248 2259/2259/2259 2258/2258/2258
f 2249/2249/2249 2250/2250/2250 2260/2260/2260
f 2249/2249/2249 2260/2260/2260 2259/2259/2259
f 2250/2250/2250 2251/2251/2251 2261/2261/2261
f 2250/2250/2250 2261/2261/2261 2260/2260/2260
f 2251/2251/2251 2252/2252/2252 2262/2262/2262
f 2251/2251/2251 2262/2262/2262 2261/2261/2261
f 2252/2252/2252 2253/2253/2253 2263/2263/2263
f 2252/2252/2252 2263/2263/2263 2262/2262/2262
f 2253/2253/2253 2254/2254/2254 2264/2264/2264
f 2253/2253/2253 2264/2264/2264 2263/2263/2263
f 2254/2254/2254 2255/2255/2255 2265/2265/2265
f 2254/2254/2254 2265/2265/2265 2264/2264/2264
f 2255/2255/2255 2256/2256/2256 2266/2266/2266
f 2255/2255/2255 2266/2266/2266 2265/2265/2265
f 2256/2256/2256 2247/2247/2247 2257/2257/2257
f 2256/2256/2256 2257/2257/2257 2266/2266/2266
f 2257/2257/2257 2258/2258/2258 2268/2268/2268
f 2257/2257/2257 2268/2268/2268 2267/2267/2267
f 2258/2258/2258 2259/2259/2259 2269/2269/2269
f 2258/2258/2258 2269/2269/2269 2268/2268/2268
f 2259/2259/2259 2260/2260/2260 2270/2270/2270
f 2259/2259/2259 2270/2270/2270 2269/2269/2269
f 2260/2260/2260 2261/2261/2261 2271/2271/2271
f 2260/2260/2260 2271/2271/2271 2270/2270/2270
f 2261/2261/2261 2262/2262/2262 2272/2272/2272
f 2261/2261/2261 2272/2272/2272 2271/2271/2271
f 2262/2262/2262 2263/2263/2263 2273/2273/2273
f 2262/2262/2262 2273/2273/2273 2272/2272/2272
f 2263/2263/2263 2264/2264/2264 2274/2274/2274
f 2263/2263/2263 2274/2274/2274 2273/2273/2273
f 2264/2264/2264 2265/2265/2265 2275/2275/2275
f 2264/2264/2264 2275/2275/2275 2274/2274/2274
f 2265/2265/2265 2266/2266/2266 2276/2276/2276
f 2265/2265/2265 2276/2276/2276 2275/2275/2275
f 2266/2266/2266 2257/2257/2257 2267/2267/2267
f 2266/2266/2266 2267/2267/2267 2276/2276/2276
f 2267/2267/2267 2268/2268/2268 2278/2278/2278
f 2267/2267/2267 2278/2278/2278 2277/2277/2277
f 2268/2268/2268 2269/2269/2269 2279/2279/2279
f 2268/2268/2268 2279/2279/2279 2278/2278/2278
f 2269/2269/2269 2270/2270/2270 2280/2280/2280
f 2269/2269/2269 2280/2280/2280 2279/2279/2279
f 2270/2270/2270 2271/2271/2271 2281/2281/2281
f 2270/2270/2270 2281/2281/2281 2280/2280/2280
f 2271/2271/2271 2272/2272/2272 2282/2282/2282
f 2271/2271/2271 2282/2282/2282 2281/2281/2281
f 2272/2272/2272 2273/2273/2273 2283/2283/2283
f 2272/2272/2272 2283/2283/2283 2282/2282/2282
f 2273/2273/2273 2274/2274/2274 2284/2284/2284
f 2273/2273/2273 2284/2284/2284 2283/2283/2283
f 2274/2274/2274 2275/2275/2275 2285/2285/2285
f 2274/2274/2274 2285/2285/2285 2284/2284/2284
f 2275/2275/2275 2276/2276/2276 2286/2286/2286
f 2275/2275/2275 2286/2286/2286 2285/2285/2285
f 2276/2276/2276 2267/2267/2267 2277/2277/2277
f 2276/2276/2276 2277/2277/2277 2286/2286/2286
f 2277/2277/2277 2278/2278/2278 2288/2288/2288
f 2277/2277/2277 2288/2288/2288 2287/2287/2287
f 2278/2278/2278 2279/2279/2279 2289/2289/2289
f 2278/2278/2278 2289/2289/2289 2288/2288/2288
f 2279/2279/2279 2280/2280/2280 2290/2290/2290
f 2279/2279/2279 2290/2290/2290 2289/2289/2289
f 2280/2280/2280 2281/2281/2281 2291/2291/2291
f 2280/2280/2280 2291/2291/2291 2290/2290/2290
f 2281/2281/2281 2282/2282/2282 2292/2292/2292
f 2281/2281/2281 2292/2292/2292 2291/2291/2291
f 2282/2282/2282 2283/2283/2283 2293/2293/2293
f 2282/2282/2282 2293/2293/2293 2292/2292/2292
f 2283/2283/2283 2284/2284/2284 2294/2294/2294
f 2283/2283/2283 2294/2294/2294 2293/2293/2293
f 2284/2284/2284 2285/2285/2285 2295/2295/2295
f 2284/2284/2284 2295/2295/2295 2294/2294/2294
f 2285/2285/2285 2286/2286/2286 2296/2296/2296
f 2285/2285/2285 2296/2296/2296 2295/2295/2295
f 2286/2286/2286 2277/2277/2277 2287/2287/2287
f 2286/2286/2286 2287/2287/2287 2296/2296/2296
f 2287/2287/2287 2288/2288/2288 2298/2298/2298
f 2287/2287/2287 2298/2298/2298 2297/2297/2297
f 2288/2288/2288 2289/2289/2289 2299/2299/2299
f 2288/2288/2288 2299/2299/2299 2298/2298/2298
f 2289/2289/2289 2290/2290/2290 2300/2300/2300
f 2289/2289/2289 2300/2300/2300 2299/2299/2299
f 2290/2290/2290 2291/2291/2291 2301/2301/2301
f 2290/2290/2290 2301/2301/2301 2300/2300/2300
f 2291/2291/2291 2292/2292/2292 2302/2302/2302
f 2291/2291/2291 2302/2302/2302 2301/2301/2301
f 2292/2292/2292 2293/2293/2293 2303/2303/2303
f 2292/2292/2292 2303/2303/2303 2302/2302/2302
f 2293/2293/2293 2294/2294/2294 2304/2304/2304
f 2293/2293/2293 2304/2304/2304 2303/2303/2303
f 2294/2294/2294 2295/2295/2295 2305/2305/2305
f 2294/2294/2294 2305/2305/2305 2304/2304/2304
f 2295/2295/2295 2296/2296/2296 2306/2306/2306
f 2295/2295/2295 2306/2306/2306 2305/2305/2305
f 2296/2296/2296 2287/2287/2287 2297/2297/2297
f 2296/2296/2296 2297/2297/2297 2306/2306/2306
g footL_pad_toe0
f 2307/2307/2307 2308/2308/2308 2318/2318/2318
f 2307/2307/2307 2318/2318/2318 2317/2317/2317
f 2308/2308/2308 2309/2309/2309 2319/2319/2319
f 2308/2308/2308 2319/2319/2319 2318/2318/2318
f 2309/2309/2309 2310/2310/2310 2320/2320/2320
f 2309/2309/2309 2320/2320/2320 2319/2319/2319
f 2310/2310/2310 2311/2311/2311 2321/2321/2321
f 2310/2310/2310 2321/2321/2321 2320/2320/2320
f 2311/2311/2311 2312/2312/2312 2322/2322/2322
f 2311/2311/2311 2322/2322/2322 2321/2321/2321
f 2312/2312/2312 2313/2313/2313 2323/2323/2323
f 2312/2312/2312 2323/2323/2323 2322/2322/2322
f 2313/2313/2313 2314/2314/2314 2324/2324/2324
f 2313/2313/2313 2324/2324/2324 2323/2323/2323
f 2314/2314/2314 2315/2315/2315 2325/2325/2325
f 2314/2314/2314 2325/2325/2325 2324/2324/2324
f 2315/2315/2315 2316/2316/2316 2326/2326/2326
f 2315/2315/2315 2326/2326/2326 2325/2325/2325
f 2316/2316/2316 2307/2307/2307 2317/2317/2317
f 2316/2316/2316 2317/2317/2317 2326/2326/2326
f 2317/2317/2317 2318/2318/2318 2328/2328/2328
f 2317/2317/2317 2328/2328/2328 2327/2327/2327
f 2318/2318/2318 2319/2319/2319 2329/2329/2329
f 2318/2318/2318 2329/2329/2329 2328/2328/2328
f 2319/2319/2319 2320/2320/2320 2330/2330/2330
f 2319/2319/2319 2330/2330/2330 2329/2329/2329
f 2320/2320/2320 2321/2321/2321 2331/2331/2331
f 2320/2320/2320 2331/2331/2331 2330/2330/2330
f 2321/2321/2321 2322/2322/2322 2332/2332/2332
f 2321/2321/2321 2332/2332/2332 2331/2331/2331
f 2322/2322/2322 2323/2323/2323 2333/2333/2333
f 2322/2322/2322 2333/2333/2333 2332/2332/2332
f 2323/2323/2323 2324/2324/2324 2334/2334/2334
f 2323/2323/2323 2334/2334/2334 2333/2333/2333
f 2324/2324/2324 2325/2325/2325 2335/2335/2335
f 2324/2324/2324 2335/2335/2335 2334/2334/2334
f 2325/2325/2325 2326/2326/2326 2336/2336/2336
f 2325/2325/2325 2336/2336/2336 2335/2335/2335
f 2326/2326/2326 2317/2317/2317 2327/2327/2327
f 2326/2326/2326 2327/2327/2327 2336/2336/2336
f 2327/2327/2327 2328/2328/2328 2338/2338/2338
f 2327/2327/2327 2338/2338/2338 2337/2337/2337
f 2328/2328/2328 2329/2329/2329 2339/2339/2339
f 2328/2328/2328 2339/2339/2339 2338/2338/2338
f 2329/2329/2329 2330/2330/2330 2340/2340/2340
f 2329/2329/2329 2340/2340/2340 2339/2339/2339
f 2330/2330/2330 2331/2331/2331 2341/2341/2341
f 2330/2330/2330 2341/2341/2341 2340/2340/2340
f 2331/2331/2331 2332/2332/2332 2342/2342/2342
f 2331/2331/2331 2342/2342/2342 2341/2341/2341
f 2332/2332/2332 2333/2333/2333 2343/2343/2343
f 2332/2332/2332 2343/2343/2343 2342/2342/2342
f 2333/2333/2333 2334/2334/2334 2344/2344/2344
f 2333/2333/2333 2344/2344/2344 2343/2343/2343
f 2334/2334/2334 2335/2335/2335 2345/2345/2345
f 2334/2334/2334 2345/2345/2345 2344/2344/2344
f 2335/2335/2335 2336/2336/2336 2346/2346/2346
f 2335/2335/2335 2346/2346/2346 2345/2345/2345
f 2336/2336/2336 2327/2327/2327 2337/2337/2337
f 2336/2336/2336 2337/2337/2337 2346/2346/2346
f 2337/2337/2337 2338/2338/2338 2348/2348/2348
f 2337/2337/2337 2348/2348/2348 2347/2347/2347
f 2338/2338/2338 2339/2339/2339 2349/2349/2349
f 2338/2338/2338 2349/2349/2349 2348/2348/2348
f 2339/2339/2339 2340/2340/2340 2350/2350/2350
f 2339/2339/2339 2350/2350/2350 2349/2349/2349
f 2340/2340/2340 2341/2341/2341 2351/2351/2351
f 2340/2340/2340 2351/2351/2351 2350/2350/2350
f 2341/2341/2341 2342/2342/2342 2352/2352/2352
f 2341/2341/2341 2352/2352/2352 2351/2351/2351
f 2342/2342/2342 2343/2343/2343 2353/2353/2353
f 2342/2342/2342 2353/2353/2353 2352/2352/2352
f 2343/2343/2343 2344/2344/2344 2354/2354/2354
f 2343/2343/2343 2354/2354/2354 2353/2353/2353
f 2344/2344/2344 2345/2345/2345 2355/2355/2355
f 2344/2344/2344 2355/2355/2355 2354/2354/2354
f 2345/2345/2345 2346/2346/2346 2356/2356/2356
f 2345/2345/2345 2356/2356/2356 2355/2355/2355
f 2346/2346/2346 2337/2337/2337 2347/2347/2347
f 2346/2346/2346 2347/2347/2347 2356/2356/2356
f 2347/2347/2347 2348/2348/2348 2358/2358/2358
f 2347/2347/2347 2358/2358/2358 2357/2357/2357
f 2348/2348/2348 2349/2349/2349 2359/2359/2359
f 2348/2348/2348 2359/2359/2359 2358/2358/2358
f 2349/2349/2349 2350/2350/2350 2360/2360/2360
f 2349/2349/2349 2360/2360/2360 2359/2359/2359
f 2350/2350/2350 2351/2351/2351 2361/2361/2361
f 2350/2350/2350 2361/2361/2361 2360/2360/2360
f 2351/2351/2351 2352/2352/2352 2362/2362/2362
f 2351/2351/2351 2362/2362/2362 2361/2361/2361
f 2352/2352/2352 2353/2353/2353 2363/2363/2363
f 2352/2352/2352 2363/2363/2363 2362/2362/2362
f 2353/2353/2353 2354/2354/2354 2364/2364/2364
f 2353/2353/2353 2364/2364/2364 2363/2363/2363
f 2354/2354/2354 2355/2355/2355 2365/2365/2365
f 2354/2354/2354 2365/2365/2365 2364/2364/2364
f 2355/2355/2355 2356/2356/2356 2366/2366/2366
f 2355/2355/2355 2366/2366/2366 2365/2365/2365
f 2356/2356/2356 2347/2347/2347 2357/2357/2357
f 2356/2356/2356 2357/2357/2357 2366/2366/2366
f 2357/2357/2357 2358/2358/2358 2368/2368/2368
f 2357/2357/2357 2368/2368/2368 2367/2367/2367
f 2358/2358/2358 2359/2359/2359 2369/2369/2369
f 2358/2358/2358 2369/2369/2369 2368/2368/2368
f 2359/2359/2359 2360/2360/2360 2370/2370/2370
f 2359/2359/2359 2370/2370/2370 2369/2369/2369
f 2360/2360/2360 2361/2361/2361 2371/2371/2371
f 2360/2360/2360 2371/2371/2371 2370/2370/2370
f 2361/2361/2361 2362/2362/2362 2372/2372/2372
f 2361/2361/2361 2372/2372/2372 2371/2371/2371
f 2362/2362/2362 2363/2363/2363 2373/2373/2373
f 2362/2362/2362 2373/2373/2373 2372/2372/2372
f 2363/2363/2363 2364/2364/2364 2374/2374/2374
f 2363/2363/2363 2374/2374/2374 2373/2373/2373
f 2364/2364/2364 2365/2365/2365 2375/2375/2375
f 2364/2364/2364 2375/2375/2375 2374/2374/2374
f 2365/2365/2365 2366/2366/2366 2376/2376/2376
f 2365/2365/2365 2376/2376/2376 2375/2375/2375
f 2366/2366/2366 2357/2357/2357 2367/2367/2367
f 2366/2366/2366 2367/2367/2367 2376/2376/2376
g footL_pad_toe1
f 2377/2377/2377 2378/2378/2378 2388/2388/2388
f 2377/2377/2377 2388/2388/2388 2387/2387/2387
f 2378/2378/2378 2379/2379/2379 2389/2389/2389
f 2378/2378/2378 2389/2389/2389 2388/2388/2388
f 2379/2379/2379 2380/2380/2380 2390/2390/2390
f 2379/2379/2379 2390/2390/2390 2389/2389/2389
f 2380/2380/2380 2381/2381/2381 2391/2391/2391
f 2380/2380/2380 2391/2391/2391 2390/2390/2390
f 2381/2381/2381 2382/2382/2382 2392/2392/2392
f 2381/2381/2381 2392/2392/2392 2391/2391/2391
f 2382/2382/2382 2383/2383/2383 2393/2393/2393
f 2382/2382/2382 2393/2393/2393 2392/2392/2392
f 2383/2383/2383 2384/2384/2384 2394/2394/2394
f 2383/2383/2383 2394/2394/2394 2393/2393/2393
f 2384/2384/2384 2385/2385/2385 2395/2395/2395
f 2384/2384/2384 2395/2395/2395 2394/2394/2394
f 2385/2385/2385 2386/2386/2386 2396/2396/2396
f 2385/2385/2385 2396/2396/2396 2395/2395/2395
f 2386/2386/2386 2377/2377/2377 2387/2387/2387
f 2386/2386/2386 2387/2387/2387 2396/2396/2396
f 2387/2387/2387 2388/2388/2388 2398/2398/2398
f 2387/2387/2387 2398/2398/2398 2397/2397/2397
f 2388/2388/2388 2389/2389/2389 2399/2399/2399
f 2388/2388/2388 2399/2399/2399 2398/2398/2398
f 2389/2389/2389 2390/2390/2390 2400/2400/2400
f 2389/2389/2389 2400/2400/2400 2399/2399/2399
f 2390/2390/2390 2391/2391/2391 2401/2401/2401
f 2390/2390/2390 2401/2401/2401 2400/2400/2400
f 2391/2391/2391 2392/2392/2392 2402/2402/2402
f 2391/2391/2391 2402/2402/2402 2401/2401/2401
f 2392/2392/2392 2393/2393/2393 2403/2403/2403
f 2392/2392/2392 2403/2403/2403 2402/2402/2402
f 2393/2393/2393 2394/2394/2394 2404/2404/2404
f 2393/2393/2393 2404/2404/2404 2403/2403/2403
f 2394/2394/2394 2395/2395/2395 2405/2405/2405
f 2394/2394/2394 2405/2405/2405 2404/2404/2404
f 2395/2395/2395 2396/2396/2396 2406/2406/2406
f 2395/2395/2395 2406/2406/2406 2405/2405/2405
f 2396/2396/2396 2387/2387/2387 2397/2397/2397
f 2396/2396/2396 2397/2397/2397 2406/2406/2406
f 2397/2397/2397 2398/2398/2398 2408/2408/2408
f 2397/2397/2397 2408/2408/2408 2407/2407/2407
f 2398/2398/2398 2399/2399/2399 2409/2409/2409
f 2398/2398/2398 2409/2409/2409 2408/2408/2408
f 2399/2399/2399 2400/2400/2400 2410/2410/2410
f 2399/2399/2399 2410/2410/2410 2409/2409/2409
f 2400/2400/2400 2401/2401/2401 2411/2411/2411
f 2400/2400/2400 2411/2411/2411 2410/2410/2410
f 2401/2401/2401 2402/2402/2402 2412/2412/2412
f 2401/2401/2401 2412/2412/2412 2411/2411/2411
f 2402/2402/2402 2403/2403/2403 2413/2413/2413
f 2402/2402/2402 2413/2413/2413 2412/2412/2412
f 2403/2403/2403 2404/2404/2404 2414/2414/2414
f 2403/2403/2403 2414/2414/2414 2413/2413/2413
f 2404/2404/2404 2405/2405/2405 2415/2415/2415
f 2404/2404/2404 2415/2415/2415 2414/2414/2414
f 2405/2405/2405 2406/2406/2406 2416/2416/2416
f 2405/2405/2405 2416/2416/2416 2415/2415/2415
f 2406/2406/2406 2397/2397/2397 2407/2407/2407
f 2406/2406/2406 2407/2407/2407 2416/2416/2416
f 2407/2407/2407 2408/2408/2408 2418/2418/2418
f 2407/2407/2407 2418/2418/2418 2417/2417/2417
f 2408/2408/2408 2409/2409/2409 2419/2419/2419
f 2408/2408/2408 2419/2419/2419 2418/2418/2418
f 2409/2409/2409 2410/2410/2410 2420/2420/2420
f 2409/2409/2409 2420/2420/2420 2419/2419/2419
f 2410/2410/2410 2411/2411/2411 2421/2421/2421
f 2410/2410/2410 2421/2421/2421 2420/2420/2420
f 2411/2411/2411 2412/2412/2412 2422/2422/2422
f 2411/2411/2411 2422/2422/2422 2421/2421/2421
f 2412/2412/2412 2413/2413/2413 2423/2423/2423
f 2412/2412/2412 2423/2423/2423 2422/2422/2422
f 2413/2413/2413 2414/2414/2414 2424/2424/2424
f 2413/2413/2413 2424/2424/2424 2423/2423/2423
f 2414/2414/2414 2415/2415/2415 2425/2425/2425
f 2414/2414/2414 2425/2425/2425 2424/2424/2424
f 2415/2415/2415 2416/2416/2416 2426/2426/2426
f 2415/2415/2415 2426/2426/2426 2425/2425/2425
f 2416/2416/2416 2407/2407/2407 2417/2417/2417
f 2416/2416/2416 2417/2417/2417 2426/2426/2426
f 2417/2417/2417 2418/2418/2418 2428/2428/2428
f 2417/2417/2417 2428/2428/2428 2427/2427/2427
f 2418/2418/2418 2419/2419/2419 2429/2429/2429
f 2418/2418/2418 2429/2429/2429 2428/2428/2428
f 2419/2419/2419 2420/2420/2420 2430/2430/2430
f 2419/2419/2419 2430/2430/2430 2429/2429/2429
f 2420/2420/2420 2421/2421/2421 2431/2431/2431
f 2420/2420/2420 2431/2431/2431 2430/2430/2430
f 2421/2421/2421 2422/2422/2422 2432/2432/2432
f 2421/2421/2421 2432/2432/2432 2431/2431/2431
f 2422/2422/2422 2423/2423/2423 2433/2433/2433
f 2422/2422/2422 2433/2433/2433 2432/2432/2432
f 2423/2423/2423 2424/2424/2424 2434/2434/2434
f 2423/2423/2423 2434/2434/2434 2433/2433/2433
f 2424/2424/2424 2425/2425/2425 2435/2435/2435
f 2424/2424/2424 2435/2435/2435 2434/2434/2434
f 2425/2425/2425 2426/2426/2426 2436/2436/2436
f 2425/2425/2425 2436/2436/2436 2435/2435/2435
f 2426/2426/2426 2417/2417/2417 2427/2427/2427
f 2426/2426/2426 2427/2427/2427 2436/2436/2436
f 2427/2427/2427 2428/2428/2428 2438/2438/2438
f 2427/2427/2427 2438/2438/2438 2437/2437/2437
f 2428/2428/2428 2429/2429/2429 2439/2439/2439
f 2428/2428/2428 2439/2439/2439 2438/2438/2438
f 2429/2429/2429 2430/2430/2430 2440/2440/2440
f 2429/2429/2429 2440/2440/2440 2439/2439/2439
f 2430/2430/2430 2431/2431/2431 2441/2441/2441
f 2430/2430/2430 2441/2441/2441 2440/2440/2440
f 2431/2431/2431 2432/2432/2432 2442/2442/2442
f 2431/2431/2431 2442/2442/2442 2441/2441/2441
f 2432/2432/2432 2433/2433/2433 2443/2443/2443
f 2432/2432/2432 2443/2443/2443 2442/2442/2442
f 2433/2433/2433 2434/2434/2434 2444/2444/2444
f 2433/2433/2433 2444/2444/2444 2443/2443/2443
f 2434/2434/2434 2435/2435/2435 2445/2445/2445
f 2434/2434/2434 2445/2445/2445 2444/2444/2444
f 2435/2435/2435 2436/2436/2436 2446/2446/2446
f 2435/2435/2435 2446/2446/2446 2445/2445/2445
f 2436/2436/2436 2427/2427/2427 2437/2437/2437
f 2436/2436/2436 2437/2437/2437 2446/2446/2446
g footL_pad_toe2
f 2447/2447/2447 2448/2448/2448 2458/2458/2458
f 2447/2447/2447 2458/2458/2458 2457/2457/2457
f 2448/2448/2448 2449/2449/2449 2459/2459/2459
f 2448/2448/2448 2459/2459/2459 2458/2458/2458
f 2449/2449/2449 2450/2450/2450 2460/2460/2460
f 2449/2449/2449 2460/2460/2460 2459/2459/2459
f 2450/2450/2450 2451/2451/2451 2461/2461/2461
f 2450/2450/2450 2461/2461/2461 2460/2460/2460
f 2451/2451/2451 2452/2452/2452 2462/2462/2462
f 2451/2451/2451 2462/2462/2462 2461/2461/2461
f 2452/2452/2452 2453/2453/2453 2463/2463/2463
f 2452/2452/2452 2463/2463/2463 2462/2462/2462
f 2453/2453/2453 2454/2454/2454 2464/2464/2464
f 2453/2453/2453 2464/2464/2464 2463/2463/2463
f 2454/2454/2454 2455/2455/2455 2465/2465/2465
f 2454/2454/2454 2465/2465/2465 2464/2464/2464
f 2455/2455/2455 2456/2456/2456 2466/2466/2466
f 2455/2455/2455 2466/2466/2466 2465/2465/2465
f 2456/2456/2456 2447/2447/2447 2457/2457/2457
f 2456/2456/2456 2457/2457/2457 2466/2466/2466
f 2457/2457/2457 2458/2458/2458 2468/2468/2468
f 2457/2457/2457 2468/2468/2468 2467/2467/2467
f 2458/2458/2458 2459/2459/2459 2469/2469/2469
f 2458/2458/2458 2469/2469/2469 2468/2468/2468
f 2459/2459/2459 2460/2460/2460 2470/2470/2470
f 2459/2459/2459 2470/2470/2470 2469/2469/2469
f 2460/2460/2460 2461/2461/2461 2471/2471/2471
f 2460/2460/2460 2471/2471/2471 2470/2470/2470
f 2461/2461/2461 2462/2462/2462 2472/2472/2472
f 2461/2461/2461 2472/2472/2472 2471/2471/2471
f 2462/2462/2462 2463/2463/2463 2473/2473/2473
f 2462/2462/2462 2473/2473/2473 2472/2472/2472
f 2463/2463/2463 2464/2464/2464 2474/2474/2474
f 2463/2463/2463 2474/2474/2474 2473/2473/2473
f 2464/2464/2464 2465/2465/2465 2475/2475/2475
f 2464/2464/2464 2475/2475/2475 2474/2474/2474
f 2465/2465/2465 2466/2466/2466 2476/2476/2476
f 2465/2465/2465 2476/2476/2476 2475/2475/2475
f 2466/2466/2466 2457/2457/2457 2467/2467/2467
f 2466/2466/2466 2467/2467/2467 2476/2476/2476
f 2467/2467/2467 2468/2468/2468 2478/2478/2478
f 2467/2467/2467 2478/2478/2478 2477/2477/2477
f 2468/2468/2468 2469/2469/2469 2479/2479/2479
f 2468/2468/2468 2479/2479/2479 2478/2478/2478
f 2469/2469/2469 2470/2470/2470 2480/2480/2480
f 2469/2469/2469 2480/2480/2480 2479/2479/2479
f 2470/2470/2470 2471/2471/2471 2481/2481/2481
f 2470/2470/2470 2481/2481/2481 2480/2480/2480
f 2471/2471/2471 2472/2472/2472 2482/2482/2482
f 2471/2471/2471 2482/2482/2482 2481/2481/2481
f 2472/2472/2472 2473/2473/2473 2483/2483/2483
f 2472/2472/2472 2483/2483/2483 2482/2482/2482
f 2473/2473/2473 2474/2474/2474 2484/2484/2484
f 2473/2473/2473 2484/2484/2484 2483/2483/2483
f 2474/2474/2474 2475/2475/2475 2485/2485/2485
f 2474/2474/2474 2485/2485/2485 2484/2484/2484
f 2475/2475/2475 2476/2476/2476 2486/2486/2486
f 2475/2475/2475 2486/2486/2486 2485/2485/2485
f 2476/2476/2476 2467/2467/2467 2477/2477/2477
f 2476/2476/2476 2477/2477/2477 2486/2486/2486
f 2477/2477/2477 2478/2478/2478 2488/2488/2488
f 2477/2477/2477 2488/2488/2488 2487/2487/2487
f 2478/2478/2478 2479/2479/2479 2489/2489/2489
f 2478/2478/2478 2489/2489/2489 2488/2488/2488
f 2479/2479/2479 2480/2480/2480 2490/2490/2490
f 2479/2479/2479 2490/2490/2490 2489/2489/2489
f 2480/2480/2480 2481/2481/2481 2491/2491/2491
f 2480/2480/2480 2491/2491/2491 2490/2490/2490
f 2481/2481/2481 2482/2482/2482 2492/2492/2492
f 2481/2481/2481 2492/2492/2492 2491/2491/2491
f 2482/2482/2482 2483/2483/2483 2493/2493/2493
f 2482/2482/2482 2493/2493/2493 2492/2492/2492
f 2483/2483/2483 2484/2484/2484 2494/2494/2494
f 2483/2483/2483 2494/2494/2494 2493/2493/2493
f 2484/2484/2484 2485/2485/2485 2495/2495/2495
f 2484/2484/2484 2495/2495/2495 2494/2494/2494
f 2485/2485/2485 2486/2486/2486 2496/2496/2496
f 2485/2485/2485 2496/2496/2496 2495/2495/2495
f 2486/2486/2486 2477/2477/2477 2487/2487/2487
f 2486/2486/2486 2487/2487/2487 2496/2496/2496
f 2487/2487/2487 2488/2488/2488 2498/2498/2498
f 2487/2487/2487 2498/2498/2498 2497/2497/2497
f 2488/2488/2488 2489/2489/2489 2499/2499/2499
f 2488/2488/2488 2499/2499/2499 2498/2498/2498
f 2489/2489/2489 2490/2490/2490 2500/2500/2500
f 2489/2489/2489 2500/2500/2500 2499/2499/2499
f 2490/2490/2490 2491/2491/2491 2501/2501/2501
f 2490/2490/2490 2501/2501/2501 2500/2500/2500
f 2491/2491/2491 2492/2492/2492 2502/2502/2502
f 2491/2491/2491 2502/2502/2502 2501/2501/2501
f 2492/2492/2492 2493/2493/2493 2503/2503/2503
f 2492/2492/2492 2503/2503/2503 2502/2502/2502
f 2493/2493/2493 2494/2494/2494 2504/2504/2504
f 2493/2493/2493 2504/2504/2504 2503/2503/2503
f 2494/2494/2494 2495/2495/2495 2505/2505/2505
f 2494/2494/2494 2505/2505/2505 2504/2504/2504
f 2495/2495/2495 2496/2496/2496 2506/2506/2506
f 2495/2495/2495 2506/2506/2506 2505/2505/2505
f 2496/2496/2496 2487/2487/2487 2497/2497/2497
f 2496/2496/2496 2497/2497/2497 2506/2506/2506
f 2497/2497/2497 2498/2498/2498 2508/2508/2508
f 2497/2497/2497 2508/2508/2508 2507/2507/2507
f 2498/2498/2498 2499/2499/2499 2509/2509/2509
f 2498/2498/2498 2509/2509/2509 2508/2508/2508
f 2499/2499/2499 2500/2500/2500 2510/2510/2510
f 2499/2499/2499 2510/2510/2510 2509/2509/2509
f 2500/2500/2500 2501/2501/2501 2511/2511/2511
f 2500/2500/2500 2511/2511/2511 2510/2510/2510
f 2501/2501/2501 2502/2502/2502 2512/2512/2512
f 2501/2501/2501 2512/2512/2512 2511/2511/2511
f 2502/2502/2502 2503/2503/2503 2513/2513/2513
f 2502/2502/2502 2513/2513/2513 2512/2512/2512
f 2503/2503/2503 2504/2504/2504 2514/2514/2514
f 2503/2503/2503 2514/2514/2514 2513/2513/2513
f 2504/2504/2504 2505/2505/2505 2515/2515/2515
f 2504/2504/2504 2515/2515/2515 2514/2514/2514
f 2505/2505/2505 2506/2506/2506 2516/2516/2516
f 2505/2505/2505 2516/2516/2516 2515/2515/2515
f 2506/2506/2506 2497/2497/2497 2507/2507/2507
f 2506/2506/2506 2507/2507/2507 2516/2516/2516
g footR_pad_center
f 2517/2517/2517 2518/2518/2518 2528/2528/2528
f 2517/2517/2517 2528/2528/2528 2527/2527/2527
f 2518/2518/2518 2519/2519/2519 2529/2529/2529
f 2518/2518/2518 2529/2529/2529 2528/2528/2528
f 2519/2519/2519 2520/2520/2520 2530/2530/2530
f 2519/2519/2519 2530/2530/2530 2529/2529/2529
f 2520/2520/2520 2521/2521/2521 2531/2531/2531
f 2520/2520/2520 2531/2531/2531 2530/2530/2530
f 2521/2521/2521 2522/2522/2522 2532/2532/2532
f 2521/2521/2521 2532/2532/2532 2531/2531/2531
f 2522/2522/2522 2523/2523/2523 2533/2533/2533
f 2522/2522/2522 2533/2533/2533 2532/2532/2532
f 2523/2523/2523 2524/2524/2524 2534/2534/2534
f 2523/2523/2523 2534/2534/2534 2533/2533/2533
f 2524/2524/2524 2525/2525/2525 2535/2535/2535
f 2524/2524/2524 2535/2535/2535 2534/2534/2534
f 2525/2525/2525 2526/2526/2526 2536/2536/2536
f 2525/2525/2525 2536/2536/2536 2535/2535/2535
f 2526/2526/2526 2517/2517/2517 2527/2527/2527
f 2526/2526/2526 2527/2527/2527 2536/2536/2536
f 2527/2527/2527 2528/2528/2528 2538/2538/2538
f 2527/2527/2527 2538/2538/2538 2537/2537/2537
f 2528/2528/2528 2529/2529/2529 2539/2539/2539
f 2528/2528/2528 2539/2539/2539 2538/2538/2538
f 2529/2529/2529 2530/2530/2530 2540/2540/2540
f 2529/2529/2529 2540/2540/2540 2539/2539/2539
f 2530/2530/2530 2531/2531/2531 2541/2541/2541
f 2530/2530/2530 2541/2541/2541 2540/2540/2540
f 2531/2531/2531 2532/2532/2532 2542/2542/2542
f 2531/2531/2531 2542/2542/2542 2541/2541/2541
f 2532/2532/2532 2533/2533/2533 2543/2543/2543
f 2532/2532/2532 2543/2543/2543 2542/2542/2542
f 2533/2533/2533 2534/2534/2534 2544/2544/2544
f 2533/2533/2533 2544/2544/2544 2543/2543/2543
f 2534/2534/2534 2535/2535/2535 2545/2545/2545
f 2534/2534/2534 2545/2545/2545 2544/2544/2544
f 2535/2535/2535 2536/2536/2536 2546/2546/2546
f 2535/2535/2535 2546/2546/2546 2545/2545/2545
f 2536/2536/2536 2527/2527/2527 2537/2537/2537
f 2536/2536/2536 2537/2537/2537 2546/2546/2546
f 2537/2537/2537 2538/2538/2538 2548/2548/2548
f 2537/2537/2537 2548/2548/2548 2547/2547/2547
f 2538/2538/2538 2539/2539/2539 2549/2549/2549
f 2538/2538/2538 2549/2549/2549 2548/2548/2548
f 2539/2539/2539 2540/2540/2540 2550/2550/2550
f 2539/2539/2539 2550/2550/2550 2549/2549/2549
f 2540/2540/2540 2541/2541/2541 2551/2551/2551
f 2540/2540/2540 2551/2551/2551 2550/2550/2550
f 2541/2541/2541 2542/2542/2542 2552/2552/2552
f 2541/2541/2541 2552/2552/2552 2551/2551/2551
f 2542/2542/2542 2543/2543/2543 2553/2553/2553
f 2542/2542/2542 2553/2553/2553 2552/2552/2552
f 2543/2543/2543 2544/2544/2544 2554/2554/2554
f 2543/2543/2543 2554/2554/2554 2553/2553/2553
f 2544/2544/2544 2545/2545/2545 2555/2555/2555
f 2544/2544/2544 2555/2555/2555 2554/2554/2554
f 2545/2545/2545 2546/2546/2546 2556/2556/2556
f 2545/2545/2545 2556/2556/2556 2555/2555/2555
f 2546/2546/2546 2537/2537/2537 2547/2547/2547
f 2546/2546/2546 2547/2547/2547 2556/2556/2556
f 2547/2547/2547 2548/2548/2548 2558/2558/2558
f 2547/2547/2547 2558/2558/2558 2557/2557/2557
f 2548/2548/2548 2549/2549/2549 2559/2559/2559
f 2548/2548/2548 2559/2559/2559 2558/2558/2558
f 2549/2549/2549 2550/2550/2550 2560/2560/2560
f 2549/2549/2549 2560/2560/2560 2559/2559/2559
f 2550/2550/2550 2551/2551/2551 2561/2561/2561
f 2550/2550/2550 2561/2561/2561 2560/2560/2560
f 2551/2551/2551 2552/2552/2552 2562/2562/2562
f 2551/2551/2551 2562/2562/2562 2561/2561/2561
f 2552/2552/2552 2553/2553/2553 2563/2563/2563
f 2552/2552/2552 2563/2563/2563 2562/2562/2562
f 2553/2553/2553 2554/2554/2554 2564/2564/2564
f 2553/2553/2553 2564/2564/2564 2563/2563/2563
f 2554/2554/2554 2555/2555/2555 2565/2565/2565
f 2554/2554/2554 2565/2565/2565 2564/2564/2564
f 2555/2555/2555 2556/2556/2556 2566/2566/2566
f 2555/2555/2555 2566/2566/2566 2565/2565/2565
f 2556/2556/2556 2547/2547/2547 2557/2557/2557
f 2556/2556/2556 2557/2557/2557 2566/2566/2566
f 2557/2557/2557 2558/2558/2558 2568/2568/2568
f 2557/2557/2557 2568/2568/2568 2567/2567/2567
f 2558/2558/2558 2559/2559/2559 2569/2569/2569
f 2558/2558/2558 2569/2569/2569 2568/2568/2568
f 2559/2559/2559 2560/2560/2560 2570/2570/2570
f 2559/2559/2559 2570/2570/2570 2569/2569/2569
f 2560/2560/2560 2561/2561/2561 2571/2571/2571
f 2560/2560/2560 2571/2571/2571 2570/2570/2570
f 2561/2561/2561 2562/2562/2562 2572/2572/2572
f 2561/2561/2561 2572/2572/2572 2571/2571/2571
f 2562/2562/2562 2563/2563/2563 2573/2573/2573
f 2562/2562/2562 2573/2573/2573 2572/2572/2572
f 2563/2563/2563 2564/2564/2564 2574/2574/2574
f 2563/2563/2563 2574/2574/2574 2573/2573/2573
f 2564/2564/2564 2565/2565/2565 2575/2575/2575
f 2564/2564/2564 2575/2575/2575 2574/2574/2574
f 2565/2565/2565 2566/2566/2566 2576/2576/2576
f 2565/2565/2565 2576/2576/2576 2575/2575/2575
f 2566/2566/2566 2557/2557/2557 2567/2567/2567
f 2566/2566/2566 2567/2567/2567 2576/2576/2576
f 2567/2567/2567 2568/2568/2568 2578/2578/2578
f 2567/2567/2567 2578/2578/2578 2577/2577/2577
f 2568/2568/2568 2569/2569/2569 2579/2579/2579
f 2568/2568/2568 2579/2579/2579 2578/2578/2578
f 2569/2569/2569 2570/2570/2570 2580/2580/2580
f 2569/2569/2569 2580/2580/2580 2579/2579/2579
f 2570/2570/2570 2571/2571/2571 2581/2581/2581
f 2570/2570/2570 2581/2581/2581 2580/2580/2580
f 2571/2571/2571 2572/2572/2572 2582/2582/2582
f 2571/2571/2571 2582/2582/2582 2581/2581/2581
f 2572/2572/2572 2573/2573/2573 2583/2583/2583
f 2572/2572/2572 2583/2583/2583 2582/2582/2582
f 2573/2573/2573 2574/2574/2574 2584/2584/2584
f 2573/2573/2573 2584/2584/2584 2583/2583/2583
f 2574/2574/2574 2575/2575/2575 2585/2585/2585
f 2574/2574/2574 2585/2585/2585 2584/2584/2584
f 2575/2575/2575 2576/2576/2576 2586/2586/2586
f 2575/2575/2575 2586/2586/2586 2585/2585/2585
f 2576/2576/2576 2567/2567/2567 2577/2577/2577
f 2576/2576/2576 2577/2577/2577 2586/2586/2586
g footR_pad_toe0
f 2587/2587/2587 2588/2588/2588 2598/2598/2598
f 2587/2587/2587 2598/2598/2598 2597/2597/2597
f 2588/2588/2588 2589/2589/2589 2599/2599/2599
f 2588/2588/2588 2599/2599/2599 2598/2598/2598
f 2589/2589/2589 2590/2590/2590 2600/2600/2600
f 2589/2589/2589 2600/2600/2600 2599/2599/2599
f 2590/2590/2590 2591/2591/2591 2601/2601/2601
f 2590/2590/2590 2601/2601/2601 2600/2600/2600
f 2591/2591/2591 2592/2592/2592 2602/2602/2602
f 2591/2591/2591 2602/2602/2602 2601/2601/2601
f 2592/2592/2592 2593/2593/2593 2603/2603/2603
f 2592/2592/2592 2603/2603/2603 2602/2602/2602
f 2593/2593/2593 2594/2594/2594 2604/2604/2604
f 2593/2593/2593 2604/2604/2604 2603/2603/2603
f 2594/2594/2594 2595/2595/2595 2605/2605/2605
f 2594/2594/2594 2605/2605/2605 2604/2604/2604
f 2595/2595/2595 2596/2596/2596 2606/2606/2606
f 2595/2595/2595 2606/2606/2606 2605/2605/2605
f 2596/2596/2596 2587/2587/2587 2597/2597/2597
f 2596/2596/2596 2597/2597/2597 2606/2606/2606
f 2597/2597/2597 2598/2598/2598 2608/2608/2608
f 2597/2597/2597 2608/2608/2608 2607/2607/2607
f 2598/2598/2598 2599/2599/2599 2609/2609/2609
f 2598/2598/2598 2609/2609/2609 2608/2608/2608
f 2599/2599/2599 2600/2600/2600 2610/2610/2610
f 2599/2599/2599 2610/2610/2610 2609/2609/2609
f 2600/2600/2600 2601/2601/2601 2611/2611/2611
f 2600/2600/2600 2611/2611/2611 2610/2610/2610
f 2601/2601/2601 2602/2602/2602 2612/2612/2612
f 2601/2601/2601 2612/2612/2612 2611/2611/2611
f 2602/2602/2602 2603/2603/2603 2613/2613/2613
f 2602/2602/2602 2613/2613/2613 2612/2612/2612
f 2603/2603/2603 2604/2604/2604 2614/2614/2614
f 2603/2603/2603 2614/2614/2614 2613/2613/2613
f 2604/2604/2604 2605/2605/2605 2615/2615/2615
f 2604/2604/2604 2615/2615/2615 2614/2614/2614
f 2605/2605/2605 2606/2606/2606 2616/2616/2616
f 2605/2605/2605 2616/2616/2616 2615/2615/2615
f 2606/2606/2606 2597/2597/2597 2607/2607/2607
f 2606/2606/2606 2607/2607/2607 2616/2616/2616
f 2607/2607/2607 2608/2608/2608 2618/2618/2618
f 2607/2607/2607 2618/2618/2618 2617/2617/2617
f 2608/2608/2608 2609/2609/2609 2619/2619/2619
f 2608/2608/2608 2619/2619/2619 2618/2618/2618
f 2609/2609/2609 2610/2610/2610 2620/2620/2620
f 2609/2609/2609 2620/2620/2620 2619/2619/2619
f 2610/2610/2610 2611/2611/2611 2621/2621/2621
f 2610/2610/2610 2621/2621/2621 2620/2620/2620
f 2611/2611/2611 2612/2612/2612 2622/2622/2622
f 2611/2611/2611 2622/2622/2622 2621/2621/2621
f 2612/2612/2612 2613/2613/2613 2623/2623/2623
f 2612/2612/2612 2623/2623/2623 2622/2622/2622
f 2613/2613/2613 2614/2614/2614 2624/2624/2624
f 2613/2613/2613 2624/2624/2624 2623/2623/2623
f 2614/2614/2614 2615/2615/2615 2625/2625/2625
f 2614/2614/2614 2625/2625/2625 2624/2624/2624
f 2615/2615/2615 2616/2616/2616 2626/2626/2626
f 2615/2615/2615 2626/2626/2626 2625/2625/2625
f 2616/2616/2616 2607/2607/2607 2617/2617/2617
f 2616/2616/2616 2617/2617/2617 2626/2626/2626
f 2617/2617/2617 2618/2618/2618 2628/2628/2628
f 2617/2617/2617 2628/2628/2628 2627/2627/2627
f 2618/2618/2618 2619/2619/2619 2629/2629/2629
f 2618/2618/2618 2629/2629/2629 2628/2628/2628
f 2619/2619/2619 2620/2620/2620 2630/2630/2630
f 2619/2619/2619 2630/2630/2630 2629/2629/2629
f 2620/2620/2620 2621/2621/2621 2631/2631/2631
f 2620/2620/2620 2631/2631/2631 2630/2630/2630
f 2621/2621/2621 2622/2622/2622 2632/2632/2632
f 2621/2621/2621 2632/2632/2632 2631/2631/2631
f 2622/2622/2622 2623/2623/2623 2633/2633/2633
f 2622/2622/2622 2633/2633/2633 2632/2632/2632
f 2623/2623/2623 2624/2624/2624 2634/2634/2634
f 2623/2623/2623 2634/2634/2634 2633/2633/2633
f 2624/2624/2624 2625/2625/2625 2635/2635/2635
f 2624/2624/2624 2635/2635/2635 2634/2634/2634
f 2625/2625/2625 2626/2626/2626 2636/2636/2636
f 2625/2625/2625 2636/2636/2636 2635/2635/2635
f 2626/2626/2626 2617/2617/2617 2627/2627/2627
f 2626/2626/2626 2627/2627/2627 2636/2636/2636
f 2627/2627/2627 2628/2628/2628 2638/2638/2638
f 2627/2627/2627 2638/2638/2638 2637/2637/2637
f 2628/2628/2628 2629/2629/2629 2639/2639/2639
f 2628/2628/2628 2639/2639/2639 2638/2638/2638
f 2629/2629/2629 2630/2630/2630 2640/2640/2640
f 2629/2629/2629 2640/2640/2640 2639/2639/2639
f 2630/2630/2630 2631/2631/2631 2641/2641/2641
f 2630/2630/2630 2641/2641/2641 2640/2640/2640
f 2631/2631/2631 2632/2632/2632 2642/2642/2642
f 2631/2631/2631 2642/2642/2642 2641/2641/2641
f 2632/2632/2632 2633/2633/2633 2643/2643/2643
f 2632/2632/2632 2643/2643/2643 2642/2642/2642
f 2633/2633/2633 2634/2634/2634 2644/2644/2644
f 2633/2633/2633 2644/2644/2644 2643/2643/2643
f 2634/2634/2634 2635/2635/2635 2645/2645/2645
f 2634/2634/2634 2645/2645/2645 2644/2644/2644
f 2635/2635/2635 2636/2636/2636 2646/2646/2646
f 2635/2635/2635 2646/2646/2646 2645/2645/2645
f 2636/2636/2636 2627/2627/2627 2637/2637/2637
f 2636/2636/2636 2637/2637/2637 2646/2646/2646
f 2637/2637/2637 2638/2638/2638 2648/2648/2648
f 2637/2637/2637 2648/2648/2648 2647/2647/2647
f 2638/2638/2638 2639/2639/2639 2649/2649/2649
f 2638/2638/2638 2649/2649/2649 2648/2648/2648
f 2639/2639/2639 2640/2640/2640 2650/2650/2650
f 2639/2639/2639 2650/2650/2650 2649/2649/2649
f 2640/2640/2640 2641/2641/2641 2651/2651/2651
f 2640/2640/2640 2651/2651/2651 2650/2650/2650
f 2641/2641/2641 2642/2642/2642 2652/2652/2652
f 2641/2641/2641 2652/2652/2652 2651/2651/2651
f 2642/2642/2642 2643/2643/2643 2653/2653/2653
f 2642/2642/2642 2653/2653/2653 2652/2652/2652
f 2643/2643/2643 2644/2644/2644 2654/2654/2654
f 2643/2643/2643 2654/2654/2654 2653/2653/2653
f 2644/2644/2644 2645/2645/2645 2655/2655/2655
f 2644/2644/2644 2655/2655/2655 2654/2654/2654
f 2645/2645/2645 2646/2646/2646 2656/2656/2656
f 2645/2645/2645 2656/2656/2656 2655/2655/2655
f 2646/2646/2646 2637/2637/2637 2647/2647/2647
f 2646/2646/2646 2647/2647/2647 2656/2656/2656
g footR_pad_toe1
f 2657/2657/2657 2658/2658/2658 2668/2668/2668
f 2657/2657/2657 2668/2668/2668 2667/2667/2667
f 2658/2658/2658 2659/2659/2659 2669/2669/2669
f 2658/2658/2658 2669/2669/2669 2668/2668/2668
f 2659/2659/2659 2660/2660/2660 2670/2670/2670
f 2659/2659/2659 2670/2670/2670 2669/2669/2669
f 2660/2660/2660 2661/2661/2661 2671/2671/2671
f 2660/2660/2660 2671/2671/2671 2670/2670/2670
f 2661/2661/2661 2662/2662/2662 2672/2672/2672
f 2661/2661/2661 2672/2672/2672 2671/2671/2671
f 2662/2662/2662 2663/2663/2663 2673/2673/2673
f 2662/2662/2662 2673/2673/2673 2672/2672/2672
f 2663/2663/2663 2664/2664/2664 2674/2674/2674
f 2663/2663/2663 2674/2674/2674 2673/2673/2673
f 2664/2664/2664 2665/2665/2665 2675/2675/2675
f 2664/2664/2664 2675/2675/2675 2674/2674/2674
f 2665/2665/2665 2666/2666/2666 2676/2676/2676
f 2665/2665/2665 2676/2676/2676 2675/2675/2675
f 2666/2666/2666 2657/2657/2657 2667/2667/2667
f 2666/2666/2666 2667/2667/2667 2676/2676/2676
f 2667/2667/2667 2668/2668/2668 2678/2678/2678
f 2667/2667/2667 2678/2678/2678 2677/2677/2677
f 2668/2668/2668 2669/2669/2669 2679/2679/2679
f 2668/2668/2668 2679/2679/2679 2678/2678/2678
f 2669/2669/2669 2670/2670/2670 2680/2680/2680
f 2669/2669/2669 2680/2680/2680 2679/2679/2679
f 2670/2670/2670 2671/2671/2671 2681/2681/2681
f 2670/2670/2670 2681/2681/2681 2680/2680/2680
f 2671/2671/2671 2672/2672/2672 2682/2682/2682
f 2671/2671/2671 2682/2682/2682 2681/2681/2681
f 2672/2672/2672 2673/2673/2673 2683/2683/2683
f 2672/2672/2672 2683/2683/2683 2682/2682/2682
f 2673/2673/2673 2674/2674/2674 2684/2684/2684
f 2673/2673/2673 2684/2684/2684 2683/2683/2683
f 2674/2674/2674 2675/2675/2675 2685/2685/2685
f 2674/2674/2674 2685/2685/2685 2684/2684/2684
f 2675/2675/2675 2676/2676/2676 2686/2686/2686
f 2675/2675/2675 2686/2686/2686 2685/2685/2685
f 2676/2676/2676 2667/2667/2667 2677/2677/2677
f 2676/2676/2676 2677/2677/2677 2686/2686/2686
f 2677/2677/2677 2678/2678/2678 2688/2688/2688
f 2677/2677/2677 2688/2688/2688 2687/2687/2687
f 2678/2678/2678 2679/2679/2679 2689/2689/2689
f 2678/2678/2678 2689/2689/2689 2688/2688/2688
f 2679/2679/2679 2680/2680/2680 2690/2690/2690
f 2679/2679/2679 2690/2690/2690 2689/2689/2689
f 2680/2680/2680 2681/2681/2681 2691/2691/2691
f 2680/2680/2680 2691/2691/2691 2690/2690/2690
f 2681/2681/2681 2682/2682/2682 2692/2692/2692
f 2681/2681/2681 2692/2692/2692 2691/2691/2691
f 2682/2682/2682 2683/2683/2683 2693/2693/2693
f 2682/2682/2682 2693/2693/2693 2692/2692/2692
f 2683/2683/2683 2684/2684/2684 2694/2694/2694
f 2683/2683/2683 2694/2694/2694 2693/2693/2693
f 2684/2684/2684 2685/2685/2685 2695/2695/2695
f 2684/2684/2684 2695/2695/2695 2694/2694/2694
f 2685/2685/2685 2686/2686/2686 2696/2696/2696
f 2685/2685/2685 2696/2696/2696 2695/2695/2695
f 2686/2686/2686 2677/2677/2677 2687/2687/2687
f 2686/2686/2686 2687/2687/2687 2696/2696/2696
f 2687/2687/2687 2688/2688/2688 2698/2698/2698
f 2687/2687/2687 2698/2698/2698 2697/2697/2697
f 2688/2688/2688 2689/2689/2689 2699/2699/2699
f 2688/2688/2688 2699/2699/2699 2698/2698/2698
f 2689/2689/2689 2690/2690/2690 2700/2700/2700
f 2689/2689/2689 2700/2700/2700 2699/2699/2699
f 2690/2690/2690 2691/2691/2691 2701/2701/2701
f 2690/2690/2690 2701/2701/2701 2700/2700/2700
f 2691/2691/2691 2692/2692/2692 2702/2702/2702
f 2691/2691/2691 2702/2702/2702 2701/2701/2701
f 2692/2692/2692 2693/2693/2693 2703/2703/2703
f 2692/2692/2692 2703/2703/2703 2702/2702/2702
f 2693/2693/2693 2694/2694/2694 2704/2704/2704
f 2693/2693/2693 2704/2704/2704 2703/2703/2703
f 2694/2694/2694 2695/2695/2695 2705/2705/2705
f 2694/2694/2694 2705/2705/2705 2704/2704/2704
f 2695/2695/2695 2696/2696/2696 2706/2706/2706
f 2695/2695/2695 2706/2706/2706 2705/2705/2705
f 2696/2696/2696 2687/2687/2687 2697/2697/2697
f 2696/2696/2696 2697/2697/2697 2706/2706/2706
f 2697/2697/2697 2698/2698/2698 2708/2708/2708
f 2697/2697/2697 2708/2708/2708 2707/2707/2707
f 2698/2698/2698 2699/2699/2699 2709/2709/2709
f 2698/2698/2698 2709/2709/2709 2708/2708/2708
f 2699/2699/2699 2700/2700/2700 2710/2710/2710
f 2699/2699/2699 2710/2710/2710 2709/2709/2709
f 2700/2700/2700 2701/2701/2701 2711/2711/2711
f 2700/2700/2700 2711/2711/2711 2710/2710/2710
f 2701/2701/2701 2702/2702/2702 2712/2712/2712
f 2701/2701/2701 2712/2712/2712 2711/2711/2711
f 2702/2702/2702 2703/2703/2703 2713/2713/2713
f 2702/2702/2702 2713/2713/2713 2712/2712/2712
f 2703/2703/2703 2704/2704/2704 2714/2714/2714
f 2703/2703/2703 2714/2714/2714 2713/2713/2713
f 2704/2704/2704 2705/2705/2705 2715/2715/2715
f 2704/2704/2704 2715/2715/2715 2714/2714/2714
f 2705/2705/2705 2706/2706/2706 2716/2716/2716
f 2705/2705/2705 2716/2716/2716 2715/2715/2715
f 2706/2706/2706 2697/2697/2697 2707/2707/2707
f 2706/2706/2706 2707/2707/2707 2716/2716/2716
f 2707/2707/2707 2708/2708/2708 2718/2718/2718
f 2707/2707/2707 2718/2718/2718 2717/2717/2717
f 2708/2708/2708 2709/2709/2709 2719/2719/2719
f 2708/2708/2708 2719/2719/2719 2718/2718/2718
f 2709/2709/2709 2710/2710/2710 2720/2720/2720
f 2709/2709/2709 2720/2720/2720 2719/2719/2719
f 2710/2710/2710 2711/2711/2711 2721/2721/2721
f 2710/2710/2710 2721/2721/2721 2720/2720/2720
f 2711/2711/2711 2712/2712/2712 2722/2722/2722
f 2711/2711/2711 2722/2722/2722 2721/2721/2721
f 2712/2712/2712 2713/2713/2713 2723/2723/2723
f 2712/2712/2712 2723/2723/2723 2722/2722/2722
f 2713/2713/2713 2714/2714/2714 2724/2724/2724
f 2713/2713/2713 2724/2724/2724 2723/2723/2723
f 2714/2714/2714 2715/2715/2715 2725/2725/2725
f 2714/2714/2714 2725/2725/2725 2724/2724/2724
f 2715/2715/2715 2716/2716/2716 2726/2726/2726
f 2715/2715/2715 2726/2726/2726 2725/2725/2725
f 2716/2716/2716 2707/2707/2707 2717/2717/2717
f 2716/2716/2716 2717/2717/2717 2726/2726/2726
g footR_pad_toe2
f 2727/2727/2727 2728/2728/2728 2738/2738/2738
f 2727/2727/2727 2738/2738/2738 2737/2737/2737
f 2728/2728/2728 2729/2729/2729 2739/2739/2739
f 2728/2728/2728 2739/2739/2739 2738/2738/2738
f 2729/2729/2729 2730/2730/2730 2740/2740/2740
f 2729/2729/2729 2740/2740/2740 2739/2739/2739
f 2730/2730/2730 2731/2731/2731 2741/2741/2741
f 2730/2730/2730 2741/2741/2741 2740/2740/2740
f 2731/2731/2731 2732/2732/2732 2742/2742/2742
f 2731/2731/2731 2742/2742/2742 2741/2741/2741
f 2732/2732/2732 2733/2733/2733 2743/2743/2743
f 2732/2732/2732 2743/2743/2743 2742/2742/2742
f 2733/2733/2733 2734/2734/2734 2744/2744/2744
f 2733/2733/2733 2744/2744/2744 2743/2743/2743
f 2734/2734/2734 2735/2735/2735 2745/2745/2745
f 2734/2734/2734 2745/2745/2745 2744/2744/2744
f 2735/2735/2735 2736/2736/2736 2746/2746/2746
f 2735/2735/2735 2746/2746/2746 2745/2745/2745
f 2736/2736/2736 2727/2727/2727 2737/2737/2737
f 2736/2736/2736 2737/2737/2737 2746/2746/2746
f 2737/2737/2737 2738/2738/2738 2748/2748/2748
f 2737/2737/2737 2748/2748/2748 2747/2747/2747
f 2738/2738/2738 2739/2739/2739 2749/2749/2749
f 2738/2738/2738 2749/2749/2749 2748/2748/2748
f 2739/2739/2739 2740/2740/2740 2750/2750/2750
f 2739/2739/2739 2750/2750/2750 2749/2749/2749
f 2740/2740/2740 2741/2741/2741 2751/2751/2751
f 2740/2740/2740 2751/2751/2751 2750/2750/2750
f 2741/2741/2741 2742/2742/2742 2752/2752/2752
f 2741/2741/2741 2752/2752/2752 2751/2751/2751
f 2742/2742/2742 2743/2743/2743 2753/2753/2753
f 2742/2742/2742 2753/2753/2753 2752/2752/2752
f 2743/2743/2743 2744/2744/2744 2754/2754/2754
f 2743/2743/2743 2754/2754/2754 2753/2753/2753
f 2744/2744/2744 2745/2745/2745 2755/2755/2755
f 2744/2744/2744 2755/2755/2755 2754/2754/2754
f 2745/2745/2745 2746/2746/2746 2756/2756/2756
f 2745/2745/2745 2756/2756/2756 2755/2755/2755
f 2746/2746/2746 2737/2737/2737 2747/2747/2747
f 2746/2746/2746 2747/2747/2747 2756/2756/2756
f 2747/2747/2747 2748/2748/2748 2758/2758/2758
f 2747/2747/2747 2758/2758/2758 2757/2757/2757
f 2748/2748/2748 2749/2749/2749 2759/2759/2759
f 2748/2748/2748 2759/2759/2759 2758/2758/2758
f 2749/2749/2749 2750/2750/2750 2760/2760/2760
f 2749/2749/2749 2760/2760/2760 2759/2759/2759
f 2750/2750/2750 2751/2751/2751 2761/2761/2761
f 2750/2750/2750 2761/2761/2761 2760/2760/2760
f 2751/2751/2751 2752/2752/2752 2762/2762/2762
f 2751/2751/2751 2762/2762/2762 2761/2761/2761
f 2752/2752/2752 2753/2753/2753 2763/2763/2763
f 2752/2752/2752 2763/2763/2763 2762/2762/2762
f 2753/2753/2753 2754/2754/2754 2764/2764/2764
f 2753/2753/2753 2764/2764/2764 2763/2763/2763
f 2754/2754/2754 2755/2755/2755 2765/2765/2765
f 2754/2754/2754 2765/2765/2765 2764/2764/2764
f 2755/2755/2755 2756/2756/2756 2766/2766/2766
f 2755/2755/2755 2766/2766/2766 2765/2765/2765
f 2756/2756/2756 2747/2747/2747 2757/2757/2757
f 2756/2756/2756 2757/2757/2757 2766/2766/2766
f 2757/2757/2757 2758/2758/2758 2768/2768/2768
f 2757/2757/2757 2768/2768/2768 2767/2767/2767
f 2758/2758/2758 2759/2759/2759 2769/2769/2769
f 2758/2758/2758 2769/2769/2769 2768/2768/2768
f 2759/2759/2759 2760/2760/2760 2770/2770/2770
f 2759/2759/2759 2770/2770/2770 2769/2769/2769
f 2760/2760/2760 2761/2761/2761 2771/2771/2771
f 2760/2760/2760 2771/2771/2771 2770/2770/2770
f 2761/2761/2761 2762/2762/2762 2772/2772/2772
f 2761/2761/2761 2772/2772/2772 2771/2771/2771
f 2762/2762/2762 2763/2763/2763 2773/2773/2773
f 2762/2762/2762 2773/2773/2773 2772/2772/2772
f 2763/2763/2763 2764/2764/2764 2774/2774/2774
f 2763/2763/2763 2774/2774/2774 2773/2773/2773
f 2764/2764/2764 2765/2765/2765 2775/2775/2775
f 2764/2764/2764 2775/2775/2775 2774/2774/2774
f 2765/2765/2765 2766/2766/2766 2776/2776/2776
f 2765/2765/2765 2776/2776/2776 2775/2775/2775
f 2766/2766/2766 2757/2757/2757 2767/2767/2767
f 2766/2766/2766 2767/2767/2767 2776/2776/2776
f 2767/2767/2767 2768/2768/2768 2778/2778/2778
f 2767/2767/2767 2778/2778/2778 2777/2777/2777
f 2768/2768/2768 2769/2769/2769 2779/2779/2779
f 2768/2768/2768 2779/2779/2779 2778/2778/2778
f 2769/2769/2769 2770/2770/2770 2780/2780/2780
f 2769/2769/2769 2780/2780/2780 2779/2779/2779
f 2770/2770/2770 2771/2771/2771 2781/2781/2781
f 2770/2770/2770 2781/2781/2781 2780/2780/2780
f 2771/2771/2771 2772/2772/2772 2782/2782/2782
f 2771/2771/2771 2782/2782/2782 2781/2781/2781
f 2772/2772/2772 2773/2773/2773 2783/2783/2783
f 2772/2772/2772 2783/2783/2783 2782/2782/2782
f 2773/2773/2773 2774/2774/2774 2784/2784/2784
f 2773/2773/2773 2784/2784/2784 2783/2783/2783
f 2774/2774/2774 2775/2775/2775 2785/2785/2785
f 2774/2774/2774 2785/2785/2785 2784/2784/2784
f 2775/2775/2775 2776/2776/2776 2786/2786/2786
f 2775/2775/2775 2786/2786/2786 2785/2785/2785
f 2776/2776/2776 2767/2767/2767 2777/2777/2777
f 2776/2776/2776 2777/2777/2777 2786/2786/2786
f 2777/2777/2777 2778/2778/2778 2788/2788/2788
f 2777/2777/2777 2788/2788/2788 2787/2787/2787
f 2778/2778/2778 2779/2779/2779 2789/2789/2789
f 2778/2778/2778 2789/2789/2789 2788/2788/2788
f 2779/2779/2779 2780/2780/2780 2790/2790/2790
f 2779/2779/2779 2790/2790/2790 2789/2789/2789
f 2780/2780/2780 2781/2781/2781 2791/2791/2791
f 2780/2780/2780 2791/2791/2791 2790/2790/2790
f 2781/2781/2781 2782/2782/2782 2792/2792/2792
f 2781/2781/2781 2792/2792/2792 2791/2791/2791
f 2782/2782/2782 2783/2783/2783 2793/2793/2793
f 2782/2782/2782 2793/2793/2793 2792/2792/2792
f 2783/2783/2783 2784/2784/2784 2794/2794/2794
f 2783/2783/2783 2794/2794/2794 2793/2793/2793
f 2784/2784/2784 2785/2785/2785 2795/2795/2795
f 2784/2784/2784 2795/2795/2795 2794/2794/2794
f 2785/2785/2785 2786/2786/2786 2796/2796/2796
f 2785/2785/2785 2796/2796/2796 2795/2795/2795
f 2786/2786/2786 2777/2777/2777 2787/2787/2787
f 2786/2786/2786 2787/2787/2787 2796/2796/2796

